2020-01-09 09:23:19,050 [31] INFO SiteLogger [(null)] - UpdateFKDeviceStatus -- 0 - DevTime:20200109054301, DevId:DC68B057639F7F37, DevName:fk_deviceLE, DevInfo:{"face_data_ver":528,"firmware":"ZLIF104HS10 V2.77 BS0C2","firmware_filename":"zlif104hs10_bs0c2_um","fk_bin_data_lib":"FKDataHS101","fp_data_ver":128,"supported_enroll_data":["PASSWORD","IDCARD","FP","FACE"]}
2020-01-09 09:23:19,061 [31] INFO SiteLogger [(null)] - UpdateFKDeviceStatus -- 1
2020-01-09 09:23:19,073 [31] INFO SiteLogger [(null)] - UpdateFKDeviceStatus -- 2
2020-01-09 09:23:19,074 [31] INFO SiteLogger [(null)] - ReceiveCmd -- 4
2020-01-09 09:23:19,078 [31] INFO SiteLogger [(null)] - ReceiveCmd -- 5
2020-01-09 09:23:19,078 [31] INFO SiteLogger [(null)] - ReceiveCmd -- 5 - no cmd
2020-01-09 09:23:19,078 [31] INFO SiteLogger [(null)] - ReceiveCmd -- 11
2020-01-09 09:23:19,078 [31] INFO SiteLogger [(null)] - Page_Load - receive_cmd -- 4
2020-01-09 09:23:19,078 [31] INFO SiteLogger [(null)] - Page_Load - receive_cmd -- 5
2020-01-09 09:23:21,809 [41] INFO SiteLogger [(null)] - Contructor -- 0 - Conn:server=120.24.222.15;uid=sa;pwd=123456@hysoon;database=StandAttDB;Min Pool Size=0;Max Pool Size=512;Pooling=true;
2020-01-09 09:23:21,809 [41] INFO SiteLogger [(null)] - Page_Load -- **************** sRequestCode = receive_cmd dev_id=DC68B057639F7F37 trans_id=ReceiveCommandAction content_length=278
2020-01-09 09:23:21,809 [41] INFO SiteLogger [(null)] - Page_Load -- 1 - request_code : receive_cmd ,trans_id : ReceiveCommandAction
2020-01-09 09:23:21,809 [41] INFO SiteLogger [(null)] - Page_Load -- 3.4 - blk_no=0, blk_len=278
2020-01-09 09:23:21,809 [41] INFO SiteLogger [(null)] - Page_Load - receive_cmd -- 2
2020-01-09 09:23:21,809 [41] INFO SiteLogger [(null)] - Page_Load - receive_cmd -- 3 - DevName=fk_deviceLE, DevTime=20200109054304, DevInfo={"face_data_ver":528,"firmware":"ZLIF104HS10 V2.77 BS0C2","firmware_filename":"zlif104hs10_bs0c2_um","fk_bin_data_lib":"FKDataHS101","fp_data_ver":128,"supported_enroll_data":["PASSWORD","IDCARD","FP","FACE"]}
2020-01-09 09:23:21,809 [41] INFO SiteLogger [(null)] - ReceiveCmd -- 0 - Start
2020-01-09 09:23:21,809 [41] INFO SiteLogger [(null)] - ReceiveCmd -- 1 - Db connected
2020-01-09 09:23:21,825 [41] INFO SiteLogger [(null)] - ReceiveCmd -- 2
2020-01-09 09:23:21,826 [41] INFO SiteLogger [(null)] - CheckResetCmd -- 0 - dev_id:DC68B057639F7F37
2020-01-09 09:23:21,827 [41] INFO SiteLogger [(null)] - CheckResetCmd -- 1
2020-01-09 09:23:21,838 [41] INFO SiteLogger [(null)] - CheckResetCmd -- 2 - trans_id:
2020-01-09 09:23:21,840 [41] INFO SiteLogger [(null)] - CheckResetCmd -- 3
2020-01-09 09:23:21,841 [41] INFO SiteLogger [(null)] - ReceiveCmd -- 3
2020-01-09 09:23:21,842 [41] INFO SiteLogger [(null)] - UpdateFKDeviceStatus -- 0 - DevTime:20200109054304, DevId:DC68B057639F7F37, DevName:fk_deviceLE, DevInfo:{"face_data_ver":528,"firmware":"ZLIF104HS10 V2.77 BS0C2","firmware_filename":"zlif104hs10_bs0c2_um","fk_bin_data_lib":"FKDataHS101","fp_data_ver":128,"supported_enroll_data":["PASSWORD","IDCARD","FP","FACE"]}
2020-01-09 09:23:21,843 [41] INFO SiteLogger [(null)] - UpdateFKDeviceStatus -- 1
2020-01-09 09:23:21,855 [41] INFO SiteLogger [(null)] - UpdateFKDeviceStatus -- 2
2020-01-09 09:23:21,857 [41] INFO SiteLogger [(null)] - ReceiveCmd -- 4
2020-01-09 09:23:21,868 [41] INFO SiteLogger [(null)] - ReceiveCmd -- 5
2020-01-09 09:23:21,870 [41] INFO SiteLogger [(null)] - ReceiveCmd -- 5 - no cmd
2020-01-09 09:23:21,871 [41] INFO SiteLogger [(null)] - ReceiveCmd -- 11
2020-01-09 09:23:21,872 [41] INFO SiteLogger [(null)] - Page_Load - receive_cmd -- 4
2020-01-09 09:23:21,874 [41] INFO SiteLogger [(null)] - Page_Load - receive_cmd -- 5
2020-01-09 09:23:24,895 [25] INFO SiteLogger [(null)] - Contructor -- 0 - Conn:server=120.24.222.15;uid=sa;pwd=123456@hysoon;database=StandAttDB;Min Pool Size=0;Max Pool Size=512;Pooling=true;
2020-01-09 09:23:24,895 [25] INFO SiteLogger [(null)] - Page_Load -- **************** sRequestCode = receive_cmd dev_id=DC68B057639F7F37 trans_id=ReceiveCommandAction content_length=278
2020-01-09 09:23:24,895 [25] INFO SiteLogger [(null)] - Page_Load -- 1 - request_code : receive_cmd ,trans_id : ReceiveCommandAction
2020-01-09 09:23:24,895 [25] INFO SiteLogger [(null)] - Page_Load -- 3.4 - blk_no=0, blk_len=278
2020-01-09 09:23:24,895 [25] INFO SiteLogger [(null)] - Page_Load - receive_cmd -- 2
2020-01-09 09:23:24,895 [25] INFO SiteLogger [(null)] - Page_Load - receive_cmd -- 3 - DevName=fk_deviceLE, DevTime=20200109054307, DevInfo={"face_data_ver":528,"firmware":"ZLIF104HS10 V2.77 BS0C2","firmware_filename":"zlif104hs10_bs0c2_um","fk_bin_data_lib":"FKDataHS101","fp_data_ver":128,"supported_enroll_data":["PASSWORD","IDCARD","FP","FACE"]}
2020-01-09 09:23:24,895 [25] INFO SiteLogger [(null)] - ReceiveCmd -- 0 - Start
2020-01-09 09:23:24,895 [25] INFO SiteLogger [(null)] - ReceiveCmd -- 1 - Db connected
2020-01-09 09:23:24,895 [25] INFO SiteLogger [(null)] - ReceiveCmd -- 2
2020-01-09 09:23:24,895 [25] INFO SiteLogger [(null)] - CheckResetCmd -- 0 - dev_id:DC68B057639F7F37
2020-01-09 09:23:24,895 [25] INFO SiteLogger [(null)] - CheckResetCmd -- 1
2020-01-09 09:23:24,911 [25] INFO SiteLogger [(null)] - CheckResetCmd -- 2 - trans_id:
2020-01-09 09:23:24,911 [25] INFO SiteLogger [(null)] - CheckResetCmd -- 3
2020-01-09 09:23:24,911 [25] INFO SiteLogger [(null)] - ReceiveCmd -- 3
2020-01-09 09:23:24,911 [25] INFO SiteLogger [(null)] - UpdateFKDeviceStatus -- 0 - DevTime:20200109054307, DevId:DC68B057639F7F37, DevName:fk_deviceLE, DevInfo:{"face_data_ver":528,"firmware":"ZLIF104HS10 V2.77 BS0C2","firmware_filename":"zlif104hs10_bs0c2_um","fk_bin_data_lib":"FKDataHS101","fp_data_ver":128,"supported_enroll_data":["PASSWORD","IDCARD","FP","FACE"]}
2020-01-09 09:23:24,911 [25] INFO SiteLogger [(null)] - UpdateFKDeviceStatus -- 1
2020-01-09 09:23:24,934 [25] INFO SiteLogger [(null)] - UpdateFKDeviceStatus -- 2
2020-01-09 09:23:24,935 [25] INFO SiteLogger [(null)] - ReceiveCmd -- 4
2020-01-09 09:23:24,947 [25] INFO SiteLogger [(null)] - ReceiveCmd -- 5
2020-01-09 09:23:24,948 [25] INFO SiteLogger [(null)] - ReceiveCmd -- 5 - no cmd
2020-01-09 09:23:24,949 [25] INFO SiteLogger [(null)] - ReceiveCmd -- 11
2020-01-09 09:23:24,950 [25] INFO SiteLogger [(null)] - Page_Load - receive_cmd -- 4
2020-01-09 09:23:24,951 [25] INFO SiteLogger [(null)] - Page_Load - receive_cmd -- 5
2020-01-09 09:23:27,977 [8] INFO SiteLogger [(null)] - Contructor -- 0 - Conn:server=120.24.222.15;uid=sa;pwd=123456@hysoon;database=StandAttDB;Min Pool Size=0;Max Pool Size=512;Pooling=true;
2020-01-09 09:23:27,978 [8] INFO SiteLogger [(null)] - Page_Load -- **************** sRequestCode = receive_cmd dev_id=DC68B057639F7F37 trans_id=ReceiveCommandAction content_length=278
2020-01-09 09:23:27,978 [8] INFO SiteLogger [(null)] - Page_Load -- 1 - request_code : receive_cmd ,trans_id : ReceiveCommandAction
2020-01-09 09:23:27,978 [8] INFO SiteLogger [(null)] - Page_Load -- 3.4 - blk_no=0, blk_len=278
2020-01-09 09:23:27,979 [8] INFO SiteLogger [(null)] - Page_Load - receive_cmd -- 2
2020-01-09 09:23:27,979 [8] INFO SiteLogger [(null)] - Page_Load - receive_cmd -- 3 - DevName=fk_deviceLE, DevTime=20200109054310, DevInfo={"face_data_ver":528,"firmware":"ZLIF104HS10 V2.77 BS0C2","firmware_filename":"zlif104hs10_bs0c2_um","fk_bin_data_lib":"FKDataHS101","fp_data_ver":128,"supported_enroll_data":["PASSWORD","IDCARD","FP","FACE"]}
2020-01-09 09:23:27,980 [8] INFO SiteLogger [(null)] - ReceiveCmd -- 0 - Start
2020-01-09 09:23:27,980 [8] INFO SiteLogger [(null)] - ReceiveCmd -- 1 - Db connected
2020-01-09 09:23:27,980 [8] INFO SiteLogger [(null)] - ReceiveCmd -- 2
2020-01-09 09:23:27,981 [8] INFO SiteLogger [(null)] - CheckResetCmd -- 0 - dev_id:DC68B057639F7F37
2020-01-09 09:23:27,981 [8] INFO SiteLogger [(null)] - CheckResetCmd -- 1
2020-01-09 09:23:27,982 [8] INFO SiteLogger [(null)] - CheckResetCmd -- 2 - trans_id:
2020-01-09 09:23:27,982 [8] INFO SiteLogger [(null)] - CheckResetCmd -- 3
2020-01-09 09:23:27,982 [8] INFO SiteLogger [(null)] - ReceiveCmd -- 3
2020-01-09 09:23:27,982 [8] INFO SiteLogger [(null)] - UpdateFKDeviceStatus -- 0 - DevTime:20200109054310, DevId:DC68B057639F7F37, DevName:fk_deviceLE, DevInfo:{"face_data_ver":528,"firmware":"ZLIF104HS10 V2.77 BS0C2","firmware_filename":"zlif104hs10_bs0c2_um","fk_bin_data_lib":"FKDataHS101","fp_data_ver":128,"supported_enroll_data":["PASSWORD","IDCARD","FP","FACE"]}
2020-01-09 09:23:27,982 [8] INFO SiteLogger [(null)] - UpdateFKDeviceStatus -- 1
2020-01-09 09:23:27,997 [8] INFO SiteLogger [(null)] - UpdateFKDeviceStatus -- 2
2020-01-09 09:23:27,997 [8] INFO SiteLogger [(null)] - ReceiveCmd -- 4
2020-01-09 09:23:28,013 [8] INFO SiteLogger [(null)] - ReceiveCmd -- 5
2020-01-09 09:23:28,013 [8] INFO SiteLogger [(null)] - ReceiveCmd -- 5 - no cmd
2020-01-09 09:23:28,013 [8] INFO SiteLogger [(null)] - ReceiveCmd -- 11
2020-01-09 09:23:28,013 [8] INFO SiteLogger [(null)] - Page_Load - receive_cmd -- 4
2020-01-09 09:23:28,013 [8] INFO SiteLogger [(null)] - Page_Load - receive_cmd -- 5
2020-01-09 09:23:31,049 [41] INFO SiteLogger [(null)] - Contructor -- 0 - Conn:server=120.24.222.15;uid=sa;pwd=123456@hysoon;database=StandAttDB;Min Pool Size=0;Max Pool Size=512;Pooling=true;
2020-01-09 09:23:31,050 [41] INFO SiteLogger [(null)] - Page_Load -- **************** sRequestCode = receive_cmd dev_id=DC68B057639F7F37 trans_id=ReceiveCommandAction content_length=278
2020-01-09 09:23:31,051 [41] INFO SiteLogger [(null)] - Page_Load -- 1 - request_code : receive_cmd ,trans_id : ReceiveCommandAction
2020-01-09 09:23:31,052 [41] INFO SiteLogger [(null)] - Page_Load -- 3.4 - blk_no=0, blk_len=278
2020-01-09 09:23:31,053 [41] INFO SiteLogger [(null)] - Page_Load - receive_cmd -- 2
2020-01-09 09:23:31,055 [41] INFO SiteLogger [(null)] - Page_Load - receive_cmd -- 3 - DevName=fk_deviceLE, DevTime=20200109054313, DevInfo={"face_data_ver":528,"firmware":"ZLIF104HS10 V2.77 BS0C2","firmware_filename":"zlif104hs10_bs0c2_um","fk_bin_data_lib":"FKDataHS101","fp_data_ver":128,"supported_enroll_data":["PASSWORD","IDCARD","FP","FACE"]}
2020-01-09 09:23:31,056 [41] INFO SiteLogger [(null)] - ReceiveCmd -- 0 - Start
2020-01-09 09:23:31,057 [41] INFO SiteLogger [(null)] - ReceiveCmd -- 1 - Db connected
2020-01-09 09:23:31,058 [41] INFO SiteLogger [(null)] - ReceiveCmd -- 2
2020-01-09 09:23:31,059 [41] INFO SiteLogger [(null)] - CheckResetCmd -- 0 - dev_id:DC68B057639F7F37
2020-01-09 09:23:31,060 [41] INFO SiteLogger [(null)] - CheckResetCmd -- 1
2020-01-09 09:23:31,071 [41] INFO SiteLogger [(null)] - CheckResetCmd -- 2 - trans_id:
2020-01-09 09:23:31,072 [41] INFO SiteLogger [(null)] - CheckResetCmd -- 3
2020-01-09 09:23:31,073 [41] INFO SiteLogger [(null)] - ReceiveCmd -- 3
2020-01-09 09:23:31,075 [41] INFO SiteLogger [(null)] - UpdateFKDeviceStatus -- 0 - DevTime:20200109054313, DevId:DC68B057639F7F37, DevName:fk_deviceLE, DevInfo:{"face_data_ver":528,"firmware":"ZLIF104HS10 V2.77 BS0C2","firmware_filename":"zlif104hs10_bs0c2_um","fk_bin_data_lib":"FKDataHS101","fp_data_ver":128,"supported_enroll_data":["PASSWORD","IDCARD","FP","FACE"]}
2020-01-09 09:23:31,076 [41] INFO SiteLogger [(null)] - UpdateFKDeviceStatus -- 1
2020-01-09 09:23:31,088 [41] INFO SiteLogger [(null)] - UpdateFKDeviceStatus -- 2
2020-01-09 09:23:31,089 [41] INFO SiteLogger [(null)] - ReceiveCmd -- 4
2020-01-09 09:23:31,101 [41] INFO SiteLogger [(null)] - ReceiveCmd -- 5
2020-01-09 09:23:31,102 [41] INFO SiteLogger [(null)] - ReceiveCmd -- 5 - no cmd
2020-01-09 09:23:31,104 [41] INFO SiteLogger [(null)] - ReceiveCmd -- 11
2020-01-09 09:23:31,105 [41] INFO SiteLogger [(null)] - Page_Load - receive_cmd -- 4
2020-01-09 09:23:31,106 [41] INFO SiteLogger [(null)] - Page_Load - receive_cmd -- 5
2020-01-09 09:23:33,821 [56] INFO SiteLogger [(null)] - Contructor -- 0 - Conn:server=120.24.222.15;uid=sa;pwd=123456@hysoon;database=StandAttDB;Min Pool Size=0;Max Pool Size=512;Pooling=true;
2020-01-09 09:23:33,821 [56] INFO SiteLogger [(null)] - Page_Load -- **************** sRequestCode = receive_cmd dev_id=DC68B057639F7F37 trans_id=ReceiveCommandAction content_length=278
2020-01-09 09:23:33,821 [56] INFO SiteLogger [(null)] - Page_Load -- 1 - request_code : receive_cmd ,trans_id : ReceiveCommandAction
2020-01-09 09:23:33,821 [56] INFO SiteLogger [(null)] - Page_Load -- 3.4 - blk_no=0, blk_len=278
2020-01-09 09:23:33,837 [56] INFO SiteLogger [(null)] - Page_Load - receive_cmd -- 2
2020-01-09 09:23:33,839 [56] INFO SiteLogger [(null)] - Page_Load - receive_cmd -- 3 - DevName=fk_deviceLE, DevTime=20200109054316, DevInfo={"face_data_ver":528,"firmware":"ZLIF104HS10 V2.77 BS0C2","firmware_filename":"zlif104hs10_bs0c2_um","fk_bin_data_lib":"FKDataHS101","fp_data_ver":128,"supported_enroll_data":["PASSWORD","IDCARD","FP","FACE"]}
2020-01-09 09:23:33,840 [56] INFO SiteLogger [(null)] - ReceiveCmd -- 0 - Start
2020-01-09 09:23:33,841 [56] INFO SiteLogger [(null)] - ReceiveCmd -- 1 - Db connected
2020-01-09 09:23:33,842 [56] INFO SiteLogger [(null)] - ReceiveCmd -- 2
2020-01-09 09:23:33,844 [56] INFO SiteLogger [(null)] - CheckResetCmd -- 0 - dev_id:DC68B057639F7F37
2020-01-09 09:23:33,845 [56] INFO SiteLogger [(null)] - CheckResetCmd -- 1
2020-01-09 09:23:33,857 [56] INFO SiteLogger [(null)] - CheckResetCmd -- 2 - trans_id:
2020-01-09 09:23:33,858 [56] INFO SiteLogger [(null)] - CheckResetCmd -- 3
2020-01-09 09:23:33,859 [56] INFO SiteLogger [(null)] - ReceiveCmd -- 3
2020-01-09 09:23:33,861 [56] INFO SiteLogger [(null)] - UpdateFKDeviceStatus -- 0 - DevTime:20200109054316, DevId:DC68B057639F7F37, DevName:fk_deviceLE, DevInfo:{"face_data_ver":528,"firmware":"ZLIF104HS10 V2.77 BS0C2","firmware_filename":"zlif104hs10_bs0c2_um","fk_bin_data_lib":"FKDataHS101","fp_data_ver":128,"supported_enroll_data":["PASSWORD","IDCARD","FP","FACE"]}
2020-01-09 09:23:33,862 [56] INFO SiteLogger [(null)] - UpdateFKDeviceStatus -- 1
2020-01-09 09:23:33,875 [56] INFO SiteLogger [(null)] - UpdateFKDeviceStatus -- 2
2020-01-09 09:23:33,877 [56] INFO SiteLogger [(null)] - ReceiveCmd -- 4
2020-01-09 09:23:33,889 [56] INFO SiteLogger [(null)] - ReceiveCmd -- 5
2020-01-09 09:23:33,889 [56] INFO SiteLogger [(null)] - ReceiveCmd -- 5 - no cmd
2020-01-09 09:23:33,889 [56] INFO SiteLogger [(null)] - ReceiveCmd -- 11
2020-01-09 09:23:33,889 [56] INFO SiteLogger [(null)] - Page_Load - receive_cmd -- 4
2020-01-09 09:23:33,889 [56] INFO SiteLogger [(null)] - Page_Load - receive_cmd -- 5
2020-01-09 09:23:36,923 [40] INFO SiteLogger [(null)] - Contructor -- 0 - Conn:server=120.24.222.15;uid=sa;pwd=123456@hysoon;database=StandAttDB;Min Pool Size=0;Max Pool Size=512;Pooling=true;
2020-01-09 09:23:36,923 [40] INFO SiteLogger [(null)] - Page_Load -- **************** sRequestCode = receive_cmd dev_id=DC68B057639F7F37 trans_id=ReceiveCommandAction content_length=278
2020-01-09 09:23:36,923 [40] INFO SiteLogger [(null)] - Page_Load -- 1 - request_code : receive_cmd ,trans_id : ReceiveCommandAction
2020-01-09 09:23:36,923 [40] INFO SiteLogger [(null)] - Page_Load -- 3.4 - blk_no=0, blk_len=278
2020-01-09 09:23:36,923 [40] INFO SiteLogger [(null)] - Page_Load - receive_cmd -- 2
2020-01-09 09:23:36,923 [40] INFO SiteLogger [(null)] - Page_Load - receive_cmd -- 3 - DevName=fk_deviceLE, DevTime=20200109054319, DevInfo={"face_data_ver":528,"firmware":"ZLIF104HS10 V2.77 BS0C2","firmware_filename":"zlif104hs10_bs0c2_um","fk_bin_data_lib":"FKDataHS101","fp_data_ver":128,"supported_enroll_data":["PASSWORD","IDCARD","FP","FACE"]}
2020-01-09 09:23:36,923 [40] INFO SiteLogger [(null)] - ReceiveCmd -- 0 - Start
2020-01-09 09:23:36,923 [40] INFO SiteLogger [(null)] - ReceiveCmd -- 1 - Db connected
2020-01-09 09:23:36,923 [40] INFO SiteLogger [(null)] - ReceiveCmd -- 2
2020-01-09 09:23:36,923 [40] INFO SiteLogger [(null)] - CheckResetCmd -- 0 - dev_id:DC68B057639F7F37
2020-01-09 09:23:36,940 [40] INFO SiteLogger [(null)] - CheckResetCmd -- 1
2020-01-09 09:23:36,951 [40] INFO SiteLogger [(null)] - CheckResetCmd -- 2 - trans_id:
2020-01-09 09:23:36,952 [40] INFO SiteLogger [(null)] - CheckResetCmd -- 3
2020-01-09 09:23:36,954 [40] INFO SiteLogger [(null)] - ReceiveCmd -- 3
2020-01-09 09:23:36,955 [40] INFO SiteLogger [(null)] - UpdateFKDeviceStatus -- 0 - DevTime:20200109054319, DevId:DC68B057639F7F37, DevName:fk_deviceLE, DevInfo:{"face_data_ver":528,"firmware":"ZLIF104HS10 V2.77 BS0C2","firmware_filename":"zlif104hs10_bs0c2_um","fk_bin_data_lib":"FKDataHS101","fp_data_ver":128,"supported_enroll_data":["PASSWORD","IDCARD","FP","FACE"]}
2020-01-09 09:23:36,956 [40] INFO SiteLogger [(null)] - UpdateFKDeviceStatus -- 1
2020-01-09 09:23:36,968 [40] INFO SiteLogger [(null)] - UpdateFKDeviceStatus -- 2
2020-01-09 09:23:36,970 [40] INFO SiteLogger [(null)] - ReceiveCmd -- 4
2020-01-09 09:23:36,982 [40] INFO SiteLogger [(null)] - ReceiveCmd -- 5
2020-01-09 09:23:36,984 [40] INFO SiteLogger [(null)] - ReceiveCmd -- 5 - no cmd
2020-01-09 09:23:36,985 [40] INFO SiteLogger [(null)] - ReceiveCmd -- 11
2020-01-09 09:23:36,986 [40] INFO SiteLogger [(null)] - Page_Load - receive_cmd -- 4
2020-01-09 09:23:36,988 [40] INFO SiteLogger [(null)] - Page_Load - receive_cmd -- 5
2020-01-09 09:23:40,011 [56] INFO SiteLogger [(null)] - Contructor -- 0 - Conn:server=120.24.222.15;uid=sa;pwd=123456@hysoon;database=StandAttDB;Min Pool Size=0;Max Pool Size=512;Pooling=true;
2020-01-09 09:23:40,011 [56] INFO SiteLogger [(null)] - Page_Load -- **************** sRequestCode = receive_cmd dev_id=DC68B057639F7F37 trans_id=ReceiveCommandAction content_length=278
2020-01-09 09:23:40,011 [56] INFO SiteLogger [(null)] - Page_Load -- 1 - request_code : receive_cmd ,trans_id : ReceiveCommandAction
2020-01-09 09:23:40,011 [56] INFO SiteLogger [(null)] - Page_Load -- 3.4 - blk_no=0, blk_len=278
2020-01-09 09:23:40,011 [56] INFO SiteLogger [(null)] - Page_Load - receive_cmd -- 2
2020-01-09 09:23:40,011 [56] INFO SiteLogger [(null)] - Page_Load - receive_cmd -- 3 - DevName=fk_deviceLE, DevTime=20200109054322, DevInfo={"face_data_ver":528,"firmware":"ZLIF104HS10 V2.77 BS0C2","firmware_filename":"zlif104hs10_bs0c2_um","fk_bin_data_lib":"FKDataHS101","fp_data_ver":128,"supported_enroll_data":["PASSWORD","IDCARD","FP","FACE"]}
2020-01-09 09:23:40,011 [56] INFO SiteLogger [(null)] - ReceiveCmd -- 0 - Start
2020-01-09 09:23:40,011 [56] INFO SiteLogger [(null)] - ReceiveCmd -- 1 - Db connected
2020-01-09 09:23:40,011 [56] INFO SiteLogger [(null)] - ReceiveCmd -- 2
2020-01-09 09:23:40,026 [56] INFO SiteLogger [(null)] - CheckResetCmd -- 0 - dev_id:DC68B057639F7F37
2020-01-09 09:23:40,026 [56] INFO SiteLogger [(null)] - CheckResetCmd -- 1
2020-01-09 09:23:40,026 [56] INFO SiteLogger [(null)] - CheckResetCmd -- 2 - trans_id:
2020-01-09 09:23:40,042 [56] INFO SiteLogger [(null)] - CheckResetCmd -- 3
2020-01-09 09:23:40,043 [56] INFO SiteLogger [(null)] - ReceiveCmd -- 3
2020-01-09 09:23:40,045 [56] INFO SiteLogger [(null)] - UpdateFKDeviceStatus -- 0 - DevTime:20200109054322, DevId:DC68B057639F7F37, DevName:fk_deviceLE, DevInfo:{"face_data_ver":528,"firmware":"ZLIF104HS10 V2.77 BS0C2","firmware_filename":"zlif104hs10_bs0c2_um","fk_bin_data_lib":"FKDataHS101","fp_data_ver":128,"supported_enroll_data":["PASSWORD","IDCARD","FP","FACE"]}
2020-01-09 09:23:40,046 [56] INFO SiteLogger [(null)] - UpdateFKDeviceStatus -- 1
2020-01-09 09:23:40,058 [56] INFO SiteLogger [(null)] - UpdateFKDeviceStatus -- 2
2020-01-09 09:23:40,060 [56] INFO SiteLogger [(null)] - ReceiveCmd -- 4
2020-01-09 09:23:40,073 [56] INFO SiteLogger [(null)] - ReceiveCmd -- 5
2020-01-09 09:23:40,075 [56] INFO SiteLogger [(null)] - ReceiveCmd -- 5 - no cmd
2020-01-09 09:23:40,076 [56] INFO SiteLogger [(null)] - ReceiveCmd -- 11
2020-01-09 09:23:40,077 [56] INFO SiteLogger [(null)] - Page_Load - receive_cmd -- 4
2020-01-09 09:23:40,079 [56] INFO SiteLogger [(null)] - Page_Load - receive_cmd -- 5
2020-01-09 09:23:42,799 [8] INFO SiteLogger [(null)] - Contructor -- 0 - Conn:server=120.24.222.15;uid=sa;pwd=123456@hysoon;database=StandAttDB;Min Pool Size=0;Max Pool Size=512;Pooling=true;
2020-01-09 09:23:42,799 [8] INFO SiteLogger [(null)] - Page_Load -- **************** sRequestCode = receive_cmd dev_id=DC68B057639F7F37 trans_id=ReceiveCommandAction content_length=278
2020-01-09 09:23:42,799 [8] INFO SiteLogger [(null)] - Page_Load -- 1 - request_code : receive_cmd ,trans_id : ReceiveCommandAction
2020-01-09 09:23:42,799 [8] INFO SiteLogger [(null)] - Page_Load -- 3.4 - blk_no=0, blk_len=278
2020-01-09 09:23:42,799 [8] INFO SiteLogger [(null)] - Page_Load - receive_cmd -- 2
2020-01-09 09:23:42,799 [8] INFO SiteLogger [(null)] - Page_Load - receive_cmd -- 3 - DevName=fk_deviceLE, DevTime=20200109054325, DevInfo={"face_data_ver":528,"firmware":"ZLIF104HS10 V2.77 BS0C2","firmware_filename":"zlif104hs10_bs0c2_um","fk_bin_data_lib":"FKDataHS101","fp_data_ver":128,"supported_enroll_data":["PASSWORD","IDCARD","FP","FACE"]}
2020-01-09 09:23:42,799 [8] INFO SiteLogger [(null)] - ReceiveCmd -- 0 - Start
2020-01-09 09:23:42,799 [8] INFO SiteLogger [(null)] - ReceiveCmd -- 1 - Db connected
2020-01-09 09:23:42,799 [8] INFO SiteLogger [(null)] - ReceiveCmd -- 2
2020-01-09 09:23:42,799 [8] INFO SiteLogger [(null)] - CheckResetCmd -- 0 - dev_id:DC68B057639F7F37
2020-01-09 09:23:42,799 [8] INFO SiteLogger [(null)] - CheckResetCmd -- 1
2020-01-09 09:23:42,815 [8] INFO SiteLogger [(null)] - CheckResetCmd -- 2 - trans_id:
2020-01-09 09:23:42,815 [8] INFO SiteLogger [(null)] - CheckResetCmd -- 3
2020-01-09 09:23:42,815 [8] INFO SiteLogger [(null)] - ReceiveCmd -- 3
2020-01-09 09:23:42,815 [8] INFO SiteLogger [(null)] - UpdateFKDeviceStatus -- 0 - DevTime:20200109054325, DevId:DC68B057639F7F37, DevName:fk_deviceLE, DevInfo:{"face_data_ver":528,"firmware":"ZLIF104HS10 V2.77 BS0C2","firmware_filename":"zlif104hs10_bs0c2_um","fk_bin_data_lib":"FKDataHS101","fp_data_ver":128,"supported_enroll_data":["PASSWORD","IDCARD","FP","FACE"]}
2020-01-09 09:23:42,815 [8] INFO SiteLogger [(null)] - UpdateFKDeviceStatus -- 1
2020-01-09 09:23:42,831 [8] INFO SiteLogger [(null)] - UpdateFKDeviceStatus -- 2
2020-01-09 09:23:42,831 [8] INFO SiteLogger [(null)] - ReceiveCmd -- 4
2020-01-09 09:23:42,831 [8] INFO SiteLogger [(null)] - ReceiveCmd -- 5
2020-01-09 09:23:42,847 [8] INFO SiteLogger [(null)] - ReceiveCmd -- 5 - no cmd
2020-01-09 09:23:42,848 [8] INFO SiteLogger [(null)] - ReceiveCmd -- 11
2020-01-09 09:23:42,850 [8] INFO SiteLogger [(null)] - Page_Load - receive_cmd -- 4
2020-01-09 09:23:42,851 [8] INFO SiteLogger [(null)] - Page_Load - receive_cmd -- 5
2020-01-09 09:23:45,869 [20] INFO SiteLogger [(null)] - Contructor -- 0 - Conn:server=120.24.222.15;uid=sa;pwd=123456@hysoon;database=StandAttDB;Min Pool Size=0;Max Pool Size=512;Pooling=true;
2020-01-09 09:23:45,885 [20] INFO SiteLogger [(null)] - Page_Load -- **************** sRequestCode = receive_cmd dev_id=DC68B057639F7F37 trans_id=ReceiveCommandAction content_length=278
2020-01-09 09:23:45,885 [20] INFO SiteLogger [(null)] - Page_Load -- 1 - request_code : receive_cmd ,trans_id : ReceiveCommandAction
2020-01-09 09:23:45,885 [20] INFO SiteLogger [(null)] - Page_Load -- 3.4 - blk_no=0, blk_len=278
2020-01-09 09:23:45,885 [20] INFO SiteLogger [(null)] - Page_Load - receive_cmd -- 2
2020-01-09 09:23:45,885 [20] INFO SiteLogger [(null)] - Page_Load - receive_cmd -- 3 - DevName=fk_deviceLE, DevTime=20200109054328, DevInfo={"face_data_ver":528,"firmware":"ZLIF104HS10 V2.77 BS0C2","firmware_filename":"zlif104hs10_bs0c2_um","fk_bin_data_lib":"FKDataHS101","fp_data_ver":128,"supported_enroll_data":["PASSWORD","IDCARD","FP","FACE"]}
2020-01-09 09:23:45,885 [20] INFO SiteLogger [(null)] - ReceiveCmd -- 0 - Start
2020-01-09 09:23:45,885 [20] INFO SiteLogger [(null)] - ReceiveCmd -- 1 - Db connected
2020-01-09 09:23:45,885 [20] INFO SiteLogger [(null)] - ReceiveCmd -- 2
2020-01-09 09:23:45,885 [20] INFO SiteLogger [(null)] - CheckResetCmd -- 0 - dev_id:DC68B057639F7F37
2020-01-09 09:23:45,885 [20] INFO SiteLogger [(null)] - CheckResetCmd -- 1
2020-01-09 09:23:45,900 [20] INFO SiteLogger [(null)] - CheckResetCmd -- 2 - trans_id:
2020-01-09 09:23:45,900 [20] INFO SiteLogger [(null)] - CheckResetCmd -- 3
2020-01-09 09:23:45,900 [20] INFO SiteLogger [(null)] - ReceiveCmd -- 3
2020-01-09 09:23:45,900 [20] INFO SiteLogger [(null)] - UpdateFKDeviceStatus -- 0 - DevTime:20200109054328, DevId:DC68B057639F7F37, DevName:fk_deviceLE, DevInfo:{"face_data_ver":528,"firmware":"ZLIF104HS10 V2.77 BS0C2","firmware_filename":"zlif104hs10_bs0c2_um","fk_bin_data_lib":"FKDataHS101","fp_data_ver":128,"supported_enroll_data":["PASSWORD","IDCARD","FP","FACE"]}
2020-01-09 09:23:45,900 [20] INFO SiteLogger [(null)] - UpdateFKDeviceStatus -- 1
2020-01-09 09:23:45,927 [20] INFO SiteLogger [(null)] - UpdateFKDeviceStatus -- 2
2020-01-09 09:23:45,928 [20] INFO SiteLogger [(null)] - ReceiveCmd -- 4
2020-01-09 09:23:45,940 [20] INFO SiteLogger [(null)] - ReceiveCmd -- 5
2020-01-09 09:23:45,942 [20] INFO SiteLogger [(null)] - ReceiveCmd -- 5 - no cmd
2020-01-09 09:23:45,943 [20] INFO SiteLogger [(null)] - ReceiveCmd -- 11
2020-01-09 09:23:45,944 [20] INFO SiteLogger [(null)] - Page_Load - receive_cmd -- 4
2020-01-09 09:23:45,946 [20] INFO SiteLogger [(null)] - Page_Load - receive_cmd -- 5
2020-01-09 09:23:48,971 [25] INFO SiteLogger [(null)] - Contructor -- 0 - Conn:server=120.24.222.15;uid=sa;pwd=123456@hysoon;database=StandAttDB;Min Pool Size=0;Max Pool Size=512;Pooling=true;
2020-01-09 09:23:48,971 [25] INFO SiteLogger [(null)] - Page_Load -- **************** sRequestCode = receive_cmd dev_id=DC68B057639F7F37 trans_id=ReceiveCommandAction content_length=278
2020-01-09 09:23:48,971 [25] INFO SiteLogger [(null)] - Page_Load -- 1 - request_code : receive_cmd ,trans_id : ReceiveCommandAction
2020-01-09 09:23:48,971 [25] INFO SiteLogger [(null)] - Page_Load -- 3.4 - blk_no=0, blk_len=278
2020-01-09 09:23:48,971 [25] INFO SiteLogger [(null)] - Page_Load - receive_cmd -- 2
2020-01-09 09:23:48,971 [25] INFO SiteLogger [(null)] - Page_Load - receive_cmd -- 3 - DevName=fk_deviceLE, DevTime=20200109054331, DevInfo={"face_data_ver":528,"firmware":"ZLIF104HS10 V2.77 BS0C2","firmware_filename":"zlif104hs10_bs0c2_um","fk_bin_data_lib":"FKDataHS101","fp_data_ver":128,"supported_enroll_data":["PASSWORD","IDCARD","FP","FACE"]}
2020-01-09 09:23:48,971 [25] INFO SiteLogger [(null)] - ReceiveCmd -- 0 - Start
2020-01-09 09:23:48,971 [25] INFO SiteLogger [(null)] - ReceiveCmd -- 1 - Db connected
2020-01-09 09:23:48,971 [25] INFO SiteLogger [(null)] - ReceiveCmd -- 2
2020-01-09 09:23:48,971 [25] INFO SiteLogger [(null)] - CheckResetCmd -- 0 - dev_id:DC68B057639F7F37
2020-01-09 09:23:48,971 [25] INFO SiteLogger [(null)] - CheckResetCmd -- 1
2020-01-09 09:23:49,002 [25] INFO SiteLogger [(null)] - CheckResetCmd -- 2 - trans_id:
2020-01-09 09:23:49,002 [25] INFO SiteLogger [(null)] - CheckResetCmd -- 3
2020-01-09 09:23:49,002 [25] INFO SiteLogger [(null)] - ReceiveCmd -- 3
2020-01-09 09:23:49,002 [25] INFO SiteLogger [(null)] - UpdateFKDeviceStatus -- 0 - DevTime:20200109054331, DevId:DC68B057639F7F37, DevName:fk_deviceLE, DevInfo:{"face_data_ver":528,"firmware":"ZLIF104HS10 V2.77 BS0C2","firmware_filename":"zlif104hs10_bs0c2_um","fk_bin_data_lib":"FKDataHS101","fp_data_ver":128,"supported_enroll_data":["PASSWORD","IDCARD","FP","FACE"]}
2020-01-09 09:23:49,002 [25] INFO SiteLogger [(null)] - UpdateFKDeviceStatus -- 1
2020-01-09 09:23:49,025 [25] INFO SiteLogger [(null)] - UpdateFKDeviceStatus -- 2
2020-01-09 09:23:49,027 [25] INFO SiteLogger [(null)] - ReceiveCmd -- 4
2020-01-09 09:23:49,039 [25] INFO SiteLogger [(null)] - ReceiveCmd -- 5
2020-01-09 09:23:49,040 [25] INFO SiteLogger [(null)] - ReceiveCmd -- 5 - no cmd
2020-01-09 09:23:49,042 [25] INFO SiteLogger [(null)] - ReceiveCmd -- 11
2020-01-09 09:23:49,043 [25] INFO SiteLogger [(null)] - Page_Load - receive_cmd -- 4
2020-01-09 09:23:49,045 [25] INFO SiteLogger [(null)] - Page_Load - receive_cmd -- 5
2020-01-09 09:23:52,071 [56] INFO SiteLogger [(null)] - Contructor -- 0 - Conn:server=120.24.222.15;uid=sa;pwd=123456@hysoon;database=StandAttDB;Min Pool Size=0;Max Pool Size=512;Pooling=true;
2020-01-09 09:23:52,072 [56] INFO SiteLogger [(null)] - Page_Load -- **************** sRequestCode = receive_cmd dev_id=DC68B057639F7F37 trans_id=ReceiveCommandAction content_length=278
2020-01-09 09:23:52,074 [56] INFO SiteLogger [(null)] - Page_Load -- 1 - request_code : receive_cmd ,trans_id : ReceiveCommandAction
2020-01-09 09:23:52,074 [56] INFO SiteLogger [(null)] - Page_Load -- 3.4 - blk_no=0, blk_len=278
2020-01-09 09:23:52,074 [56] INFO SiteLogger [(null)] - Page_Load - receive_cmd -- 2
2020-01-09 09:23:52,074 [56] INFO SiteLogger [(null)] - Page_Load - receive_cmd -- 3 - DevName=fk_deviceLE, DevTime=20200109054334, DevInfo={"face_data_ver":528,"firmware":"ZLIF104HS10 V2.77 BS0C2","firmware_filename":"zlif104hs10_bs0c2_um","fk_bin_data_lib":"FKDataHS101","fp_data_ver":128,"supported_enroll_data":["PASSWORD","IDCARD","FP","FACE"]}
2020-01-09 09:23:52,074 [56] INFO SiteLogger [(null)] - ReceiveCmd -- 0 - Start
2020-01-09 09:23:52,074 [56] INFO SiteLogger [(null)] - ReceiveCmd -- 1 - Db connected
2020-01-09 09:23:52,074 [56] INFO SiteLogger [(null)] - ReceiveCmd -- 2
2020-01-09 09:23:52,074 [56] INFO SiteLogger [(null)] - CheckResetCmd -- 0 - dev_id:DC68B057639F7F37
2020-01-09 09:23:52,074 [56] INFO SiteLogger [(null)] - CheckResetCmd -- 1
2020-01-09 09:23:52,089 [56] INFO SiteLogger [(null)] - CheckResetCmd -- 2 - trans_id:
2020-01-09 09:23:52,089 [56] INFO SiteLogger [(null)] - CheckResetCmd -- 3
2020-01-09 09:23:52,089 [56] INFO SiteLogger [(null)] - ReceiveCmd -- 3
2020-01-09 09:23:52,089 [56] INFO SiteLogger [(null)] - UpdateFKDeviceStatus -- 0 - DevTime:20200109054334, DevId:DC68B057639F7F37, DevName:fk_deviceLE, DevInfo:{"face_data_ver":528,"firmware":"ZLIF104HS10 V2.77 BS0C2","firmware_filename":"zlif104hs10_bs0c2_um","fk_bin_data_lib":"FKDataHS101","fp_data_ver":128,"supported_enroll_data":["PASSWORD","IDCARD","FP","FACE"]}
2020-01-09 09:23:52,089 [56] INFO SiteLogger [(null)] - UpdateFKDeviceStatus -- 1
2020-01-09 09:23:52,105 [56] INFO SiteLogger [(null)] - UpdateFKDeviceStatus -- 2
2020-01-09 09:23:52,105 [56] INFO SiteLogger [(null)] - ReceiveCmd -- 4
2020-01-09 09:23:52,129 [56] INFO SiteLogger [(null)] - ReceiveCmd -- 5
2020-01-09 09:23:52,131 [56] INFO SiteLogger [(null)] - ReceiveCmd -- 5 - no cmd
2020-01-09 09:23:52,132 [56] INFO SiteLogger [(null)] - ReceiveCmd -- 11
2020-01-09 09:23:52,133 [56] INFO SiteLogger [(null)] - Page_Load - receive_cmd -- 4
2020-01-09 09:23:52,135 [56] INFO SiteLogger [(null)] - Page_Load - receive_cmd -- 5
2020-01-09 09:23:54,861 [41] INFO SiteLogger [(null)] - Contructor -- 0 - Conn:server=120.24.222.15;uid=sa;pwd=123456@hysoon;database=StandAttDB;Min Pool Size=0;Max Pool Size=512;Pooling=true;
2020-01-09 09:23:54,862 [41] INFO SiteLogger [(null)] - Page_Load -- **************** sRequestCode = receive_cmd dev_id=DC68B057639F7F37 trans_id=ReceiveCommandAction content_length=278
2020-01-09 09:23:54,863 [41] INFO SiteLogger [(null)] - Page_Load -- 1 - request_code : receive_cmd ,trans_id : ReceiveCommandAction
2020-01-09 09:23:54,865 [41] INFO SiteLogger [(null)] - Page_Load -- 3.4 - blk_no=0, blk_len=278
2020-01-09 09:23:54,866 [41] INFO SiteLogger [(null)] - Page_Load - receive_cmd -- 2
2020-01-09 09:23:54,867 [41] INFO SiteLogger [(null)] - Page_Load - receive_cmd -- 3 - DevName=fk_deviceLE, DevTime=20200109054337, DevInfo={"face_data_ver":528,"firmware":"ZLIF104HS10 V2.77 BS0C2","firmware_filename":"zlif104hs10_bs0c2_um","fk_bin_data_lib":"FKDataHS101","fp_data_ver":128,"supported_enroll_data":["PASSWORD","IDCARD","FP","FACE"]}
2020-01-09 09:23:54,869 [41] INFO SiteLogger [(null)] - ReceiveCmd -- 0 - Start
2020-01-09 09:23:54,870 [41] INFO SiteLogger [(null)] - ReceiveCmd -- 1 - Db connected
2020-01-09 09:23:54,871 [41] INFO SiteLogger [(null)] - ReceiveCmd -- 2
2020-01-09 09:23:54,873 [41] INFO SiteLogger [(null)] - CheckResetCmd -- 0 - dev_id:DC68B057639F7F37
2020-01-09 09:23:54,874 [41] INFO SiteLogger [(null)] - CheckResetCmd -- 1
2020-01-09 09:23:54,878 [41] INFO SiteLogger [(null)] - CheckResetCmd -- 2 - trans_id:
2020-01-09 09:23:54,878 [41] INFO SiteLogger [(null)] - CheckResetCmd -- 3
2020-01-09 09:23:54,878 [41] INFO SiteLogger [(null)] - ReceiveCmd -- 3
2020-01-09 09:23:54,878 [41] INFO SiteLogger [(null)] - UpdateFKDeviceStatus -- 0 - DevTime:20200109054337, DevId:DC68B057639F7F37, DevName:fk_deviceLE, DevInfo:{"face_data_ver":528,"firmware":"ZLIF104HS10 V2.77 BS0C2","firmware_filename":"zlif104hs10_bs0c2_um","fk_bin_data_lib":"FKDataHS101","fp_data_ver":128,"supported_enroll_data":["PASSWORD","IDCARD","FP","FACE"]}
2020-01-09 09:23:54,878 [41] INFO SiteLogger [(null)] - UpdateFKDeviceStatus -- 1
2020-01-09 09:23:54,893 [41] INFO SiteLogger [(null)] - UpdateFKDeviceStatus -- 2
2020-01-09 09:23:54,893 [41] INFO SiteLogger [(null)] - ReceiveCmd -- 4
2020-01-09 09:23:54,909 [41] INFO SiteLogger [(null)] - ReceiveCmd -- 5
2020-01-09 09:23:54,909 [41] INFO SiteLogger [(null)] - ReceiveCmd -- 5 - no cmd
2020-01-09 09:23:54,909 [41] INFO SiteLogger [(null)] - ReceiveCmd -- 11
2020-01-09 09:23:54,909 [41] INFO SiteLogger [(null)] - Page_Load - receive_cmd -- 4
2020-01-09 09:23:54,909 [41] INFO SiteLogger [(null)] - Page_Load - receive_cmd -- 5
2020-01-09 09:23:57,948 [31] INFO SiteLogger [(null)] - Contructor -- 0 - Conn:server=120.24.222.15;uid=sa;pwd=123456@hysoon;database=StandAttDB;Min Pool Size=0;Max Pool Size=512;Pooling=true;
2020-01-09 09:23:57,948 [31] INFO SiteLogger [(null)] - Page_Load -- **************** sRequestCode = receive_cmd dev_id=DC68B057639F7F37 trans_id=ReceiveCommandAction content_length=278
2020-01-09 09:23:57,948 [31] INFO SiteLogger [(null)] - Page_Load -- 1 - request_code : receive_cmd ,trans_id : ReceiveCommandAction
2020-01-09 09:23:57,948 [31] INFO SiteLogger [(null)] - Page_Load -- 3.4 - blk_no=0, blk_len=278
2020-01-09 09:23:57,948 [31] INFO SiteLogger [(null)] - Page_Load - receive_cmd -- 2
2020-01-09 09:23:57,948 [31] INFO SiteLogger [(null)] - Page_Load - receive_cmd -- 3 - DevName=fk_deviceLE, DevTime=20200109054340, DevInfo={"face_data_ver":528,"firmware":"ZLIF104HS10 V2.77 BS0C2","firmware_filename":"zlif104hs10_bs0c2_um","fk_bin_data_lib":"FKDataHS101","fp_data_ver":128,"supported_enroll_data":["PASSWORD","IDCARD","FP","FACE"]}
2020-01-09 09:23:57,948 [31] INFO SiteLogger [(null)] - ReceiveCmd -- 0 - Start
2020-01-09 09:23:57,948 [31] INFO SiteLogger [(null)] - ReceiveCmd -- 1 - Db connected
2020-01-09 09:23:57,963 [31] INFO SiteLogger [(null)] - ReceiveCmd -- 2
2020-01-09 09:23:57,964 [31] INFO SiteLogger [(null)] - CheckResetCmd -- 0 - dev_id:DC68B057639F7F37
2020-01-09 09:23:57,964 [31] INFO SiteLogger [(null)] - CheckResetCmd -- 1
2020-01-09 09:23:57,981 [31] INFO SiteLogger [(null)] - CheckResetCmd -- 2 - trans_id:
2020-01-09 09:23:57,982 [31] INFO SiteLogger [(null)] - CheckResetCmd -- 3
2020-01-09 09:23:57,983 [31] INFO SiteLogger [(null)] - ReceiveCmd -- 3
2020-01-09 09:23:57,984 [31] INFO SiteLogger [(null)] - UpdateFKDeviceStatus -- 0 - DevTime:20200109054340, DevId:DC68B057639F7F37, DevName:fk_deviceLE, DevInfo:{"face_data_ver":528,"firmware":"ZLIF104HS10 V2.77 BS0C2","firmware_filename":"zlif104hs10_bs0c2_um","fk_bin_data_lib":"FKDataHS101","fp_data_ver":128,"supported_enroll_data":["PASSWORD","IDCARD","FP","FACE"]}
2020-01-09 09:23:57,984 [31] INFO SiteLogger [(null)] - UpdateFKDeviceStatus -- 1
2020-01-09 09:23:57,996 [31] INFO SiteLogger [(null)] - UpdateFKDeviceStatus -- 2
2020-01-09 09:23:57,997 [31] INFO SiteLogger [(null)] - ReceiveCmd -- 4
2020-01-09 09:23:58,008 [31] INFO SiteLogger [(null)] - ReceiveCmd -- 5
2020-01-09 09:23:58,009 [31] INFO SiteLogger [(null)] - ReceiveCmd -- 5 - no cmd
2020-01-09 09:23:58,010 [31] INFO SiteLogger [(null)] - ReceiveCmd -- 11
2020-01-09 09:23:58,011 [31] INFO SiteLogger [(null)] - Page_Load - receive_cmd -- 4
2020-01-09 09:23:58,012 [31] INFO SiteLogger [(null)] - Page_Load - receive_cmd -- 5
2020-01-09 09:24:01,050 [58] INFO SiteLogger [(null)] - Contructor -- 0 - Conn:server=120.24.222.15;uid=sa;pwd=123456@hysoon;database=StandAttDB;Min Pool Size=0;Max Pool Size=512;Pooling=true;
2020-01-09 09:24:01,052 [58] INFO SiteLogger [(null)] - Page_Load -- **************** sRequestCode = receive_cmd dev_id=DC68B057639F7F37 trans_id=ReceiveCommandAction content_length=278
2020-01-09 09:24:01,053 [58] INFO SiteLogger [(null)] - Page_Load -- 1 - request_code : receive_cmd ,trans_id : ReceiveCommandAction
2020-01-09 09:24:01,053 [58] INFO SiteLogger [(null)] - Page_Load -- 3.4 - blk_no=0, blk_len=278
2020-01-09 09:24:01,054 [58] INFO SiteLogger [(null)] - Page_Load - receive_cmd -- 2
2020-01-09 09:24:01,055 [58] INFO SiteLogger [(null)] - Page_Load - receive_cmd -- 3 - DevName=fk_deviceLE, DevTime=20200109054343, DevInfo={"face_data_ver":528,"firmware":"ZLIF104HS10 V2.77 BS0C2","firmware_filename":"zlif104hs10_bs0c2_um","fk_bin_data_lib":"FKDataHS101","fp_data_ver":128,"supported_enroll_data":["PASSWORD","IDCARD","FP","FACE"]}
2020-01-09 09:24:01,056 [58] INFO SiteLogger [(null)] - ReceiveCmd -- 0 - Start
2020-01-09 09:24:01,057 [58] INFO SiteLogger [(null)] - ReceiveCmd -- 1 - Db connected
2020-01-09 09:24:01,058 [58] INFO SiteLogger [(null)] - ReceiveCmd -- 2
2020-01-09 09:24:01,059 [58] INFO SiteLogger [(null)] - CheckResetCmd -- 0 - dev_id:DC68B057639F7F37
2020-01-09 09:24:01,060 [58] INFO SiteLogger [(null)] - CheckResetCmd -- 1
2020-01-09 09:24:01,071 [58] INFO SiteLogger [(null)] - CheckResetCmd -- 2 - trans_id:
2020-01-09 09:24:01,072 [58] INFO SiteLogger [(null)] - CheckResetCmd -- 3
2020-01-09 09:24:01,073 [58] INFO SiteLogger [(null)] - ReceiveCmd -- 3
2020-01-09 09:24:01,074 [58] INFO SiteLogger [(null)] - UpdateFKDeviceStatus -- 0 - DevTime:20200109054343, DevId:DC68B057639F7F37, DevName:fk_deviceLE, DevInfo:{"face_data_ver":528,"firmware":"ZLIF104HS10 V2.77 BS0C2","firmware_filename":"zlif104hs10_bs0c2_um","fk_bin_data_lib":"FKDataHS101","fp_data_ver":128,"supported_enroll_data":["PASSWORD","IDCARD","FP","FACE"]}
2020-01-09 09:24:01,075 [58] INFO SiteLogger [(null)] - UpdateFKDeviceStatus -- 1
2020-01-09 09:24:01,082 [58] INFO SiteLogger [(null)] - UpdateFKDeviceStatus -- 2
2020-01-09 09:24:01,082 [58] INFO SiteLogger [(null)] - ReceiveCmd -- 4
2020-01-09 09:24:01,098 [58] INFO SiteLogger [(null)] - ReceiveCmd -- 5
2020-01-09 09:24:01,098 [58] INFO SiteLogger [(null)] - ReceiveCmd -- 5 - no cmd
2020-01-09 09:24:01,098 [58] INFO SiteLogger [(null)] - ReceiveCmd -- 11
2020-01-09 09:24:01,098 [58] INFO SiteLogger [(null)] - Page_Load - receive_cmd -- 4
2020-01-09 09:24:01,098 [58] INFO SiteLogger [(null)] - Page_Load - receive_cmd -- 5
2020-01-09 09:24:03,819 [45] INFO SiteLogger [(null)] - Contructor -- 0 - Conn:server=120.24.222.15;uid=sa;pwd=123456@hysoon;database=StandAttDB;Min Pool Size=0;Max Pool Size=512;Pooling=true;
2020-01-09 09:24:03,819 [45] INFO SiteLogger [(null)] - Page_Load -- **************** sRequestCode = receive_cmd dev_id=DC68B057639F7F37 trans_id=ReceiveCommandAction content_length=278
2020-01-09 09:24:03,819 [45] INFO SiteLogger [(null)] - Page_Load -- 1 - request_code : receive_cmd ,trans_id : ReceiveCommandAction
2020-01-09 09:24:03,819 [45] INFO SiteLogger [(null)] - Page_Load -- 3.4 - blk_no=0, blk_len=278
2020-01-09 09:24:03,835 [45] INFO SiteLogger [(null)] - Page_Load - receive_cmd -- 2
2020-01-09 09:24:03,836 [45] INFO SiteLogger [(null)] - Page_Load - receive_cmd -- 3 - DevName=fk_deviceLE, DevTime=20200109054346, DevInfo={"face_data_ver":528,"firmware":"ZLIF104HS10 V2.77 BS0C2","firmware_filename":"zlif104hs10_bs0c2_um","fk_bin_data_lib":"FKDataHS101","fp_data_ver":128,"supported_enroll_data":["PASSWORD","IDCARD","FP","FACE"]}
2020-01-09 09:24:03,837 [45] INFO SiteLogger [(null)] - ReceiveCmd -- 0 - Start
2020-01-09 09:24:03,838 [45] INFO SiteLogger [(null)] - ReceiveCmd -- 1 - Db connected
2020-01-09 09:24:03,838 [45] INFO SiteLogger [(null)] - ReceiveCmd -- 2
2020-01-09 09:24:03,839 [45] INFO SiteLogger [(null)] - CheckResetCmd -- 0 - dev_id:DC68B057639F7F37
2020-01-09 09:24:03,839 [45] INFO SiteLogger [(null)] - CheckResetCmd -- 1
2020-01-09 09:24:03,850 [45] INFO SiteLogger [(null)] - CheckResetCmd -- 2 - trans_id:
2020-01-09 09:24:03,850 [45] INFO SiteLogger [(null)] - CheckResetCmd -- 3
2020-01-09 09:24:03,851 [45] INFO SiteLogger [(null)] - ReceiveCmd -- 3
2020-01-09 09:24:03,851 [45] INFO SiteLogger [(null)] - UpdateFKDeviceStatus -- 0 - DevTime:20200109054346, DevId:DC68B057639F7F37, DevName:fk_deviceLE, DevInfo:{"face_data_ver":528,"firmware":"ZLIF104HS10 V2.77 BS0C2","firmware_filename":"zlif104hs10_bs0c2_um","fk_bin_data_lib":"FKDataHS101","fp_data_ver":128,"supported_enroll_data":["PASSWORD","IDCARD","FP","FACE"]}
2020-01-09 09:24:03,852 [45] INFO SiteLogger [(null)] - UpdateFKDeviceStatus -- 1
2020-01-09 09:24:03,863 [45] INFO SiteLogger [(null)] - UpdateFKDeviceStatus -- 2
2020-01-09 09:24:03,863 [45] INFO SiteLogger [(null)] - ReceiveCmd -- 4
2020-01-09 09:24:03,863 [45] INFO SiteLogger [(null)] - ReceiveCmd -- 5
2020-01-09 09:24:03,863 [45] INFO SiteLogger [(null)] - ReceiveCmd -- 5 - no cmd
2020-01-09 09:24:03,863 [45] INFO SiteLogger [(null)] - ReceiveCmd -- 11
2020-01-09 09:24:03,863 [45] INFO SiteLogger [(null)] - Page_Load - receive_cmd -- 4
2020-01-09 09:24:03,863 [45] INFO SiteLogger [(null)] - Page_Load - receive_cmd -- 5
2020-01-09 09:24:06,889 [59] INFO SiteLogger [(null)] - Contructor -- 0 - Conn:server=120.24.222.15;uid=sa;pwd=123456@hysoon;database=StandAttDB;Min Pool Size=0;Max Pool Size=512;Pooling=true;
2020-01-09 09:24:06,889 [59] INFO SiteLogger [(null)] - Page_Load -- **************** sRequestCode = receive_cmd dev_id=DC68B057639F7F37 trans_id=ReceiveCommandAction content_length=278
2020-01-09 09:24:06,889 [59] INFO SiteLogger [(null)] - Page_Load -- 1 - request_code : receive_cmd ,trans_id : ReceiveCommandAction
2020-01-09 09:24:06,889 [59] INFO SiteLogger [(null)] - Page_Load -- 3.4 - blk_no=0, blk_len=278
2020-01-09 09:24:06,889 [59] INFO SiteLogger [(null)] - Page_Load - receive_cmd -- 2
2020-01-09 09:24:06,905 [59] INFO SiteLogger [(null)] - Page_Load - receive_cmd -- 3 - DevName=fk_deviceLE, DevTime=20200109054349, DevInfo={"face_data_ver":528,"firmware":"ZLIF104HS10 V2.77 BS0C2","firmware_filename":"zlif104hs10_bs0c2_um","fk_bin_data_lib":"FKDataHS101","fp_data_ver":128,"supported_enroll_data":["PASSWORD","IDCARD","FP","FACE"]}
2020-01-09 09:24:06,905 [59] INFO SiteLogger [(null)] - ReceiveCmd -- 0 - Start
2020-01-09 09:24:06,906 [59] INFO SiteLogger [(null)] - ReceiveCmd -- 1 - Db connected
2020-01-09 09:24:06,906 [59] INFO SiteLogger [(null)] - ReceiveCmd -- 2
2020-01-09 09:24:06,907 [59] INFO SiteLogger [(null)] - CheckResetCmd -- 0 - dev_id:DC68B057639F7F37
2020-01-09 09:24:06,907 [59] INFO SiteLogger [(null)] - CheckResetCmd -- 1
2020-01-09 09:24:06,917 [59] INFO SiteLogger [(null)] - CheckResetCmd -- 2 - trans_id:
2020-01-09 09:24:06,918 [59] INFO SiteLogger [(null)] - CheckResetCmd -- 3
2020-01-09 09:24:06,918 [59] INFO SiteLogger [(null)] - ReceiveCmd -- 3
2020-01-09 09:24:06,919 [59] INFO SiteLogger [(null)] - UpdateFKDeviceStatus -- 0 - DevTime:20200109054349, DevId:DC68B057639F7F37, DevName:fk_deviceLE, DevInfo:{"face_data_ver":528,"firmware":"ZLIF104HS10 V2.77 BS0C2","firmware_filename":"zlif104hs10_bs0c2_um","fk_bin_data_lib":"FKDataHS101","fp_data_ver":128,"supported_enroll_data":["PASSWORD","IDCARD","FP","FACE"]}
2020-01-09 09:24:06,919 [59] INFO SiteLogger [(null)] - UpdateFKDeviceStatus -- 1
2020-01-09 09:24:06,931 [59] INFO SiteLogger [(null)] - UpdateFKDeviceStatus -- 2
2020-01-09 09:24:06,932 [59] INFO SiteLogger [(null)] - ReceiveCmd -- 4
2020-01-09 09:24:06,944 [59] INFO SiteLogger [(null)] - ReceiveCmd -- 5
2020-01-09 09:24:06,945 [59] INFO SiteLogger [(null)] - ReceiveCmd -- 5 - no cmd
2020-01-09 09:24:06,946 [59] INFO SiteLogger [(null)] - ReceiveCmd -- 11
2020-01-09 09:24:06,947 [59] INFO SiteLogger [(null)] - Page_Load - receive_cmd -- 4
2020-01-09 09:24:06,948 [59] INFO SiteLogger [(null)] - Page_Load - receive_cmd -- 5
2020-01-09 09:24:09,979 [31] INFO SiteLogger [(null)] - Contructor -- 0 - Conn:server=120.24.222.15;uid=sa;pwd=123456@hysoon;database=StandAttDB;Min Pool Size=0;Max Pool Size=512;Pooling=true;
2020-01-09 09:24:09,980 [31] INFO SiteLogger [(null)] - Page_Load -- **************** sRequestCode = receive_cmd dev_id=DC68B057639F7F37 trans_id=ReceiveCommandAction content_length=278
2020-01-09 09:24:09,982 [31] INFO SiteLogger [(null)] - Page_Load -- 1 - request_code : receive_cmd ,trans_id : ReceiveCommandAction
2020-01-09 09:24:09,983 [31] INFO SiteLogger [(null)] - Page_Load -- 3.4 - blk_no=0, blk_len=278
2020-01-09 09:24:09,984 [31] INFO SiteLogger [(null)] - Page_Load - receive_cmd -- 2
2020-01-09 09:24:09,986 [31] INFO SiteLogger [(null)] - Page_Load - receive_cmd -- 3 - DevName=fk_deviceLE, DevTime=20200109054352, DevInfo={"face_data_ver":528,"firmware":"ZLIF104HS10 V2.77 BS0C2","firmware_filename":"zlif104hs10_bs0c2_um","fk_bin_data_lib":"FKDataHS101","fp_data_ver":128,"supported_enroll_data":["PASSWORD","IDCARD","FP","FACE"]}
2020-01-09 09:24:09,987 [31] INFO SiteLogger [(null)] - ReceiveCmd -- 0 - Start
2020-01-09 09:24:09,988 [31] INFO SiteLogger [(null)] - ReceiveCmd -- 1 - Db connected
2020-01-09 09:24:09,989 [31] INFO SiteLogger [(null)] - ReceiveCmd -- 2
2020-01-09 09:24:09,991 [31] INFO SiteLogger [(null)] - CheckResetCmd -- 0 - dev_id:DC68B057639F7F37
2020-01-09 09:24:09,992 [31] INFO SiteLogger [(null)] - CheckResetCmd -- 1
2020-01-09 09:24:09,993 [31] INFO SiteLogger [(null)] - CheckResetCmd -- 2 - trans_id:
2020-01-09 09:24:10,009 [31] INFO SiteLogger [(null)] - CheckResetCmd -- 3
2020-01-09 09:24:10,009 [31] INFO SiteLogger [(null)] - ReceiveCmd -- 3
2020-01-09 09:24:10,009 [31] INFO SiteLogger [(null)] - UpdateFKDeviceStatus -- 0 - DevTime:20200109054352, DevId:DC68B057639F7F37, DevName:fk_deviceLE, DevInfo:{"face_data_ver":528,"firmware":"ZLIF104HS10 V2.77 BS0C2","firmware_filename":"zlif104hs10_bs0c2_um","fk_bin_data_lib":"FKDataHS101","fp_data_ver":128,"supported_enroll_data":["PASSWORD","IDCARD","FP","FACE"]}
2020-01-09 09:24:10,009 [31] INFO SiteLogger [(null)] - UpdateFKDeviceStatus -- 1
2020-01-09 09:24:10,024 [31] INFO SiteLogger [(null)] - UpdateFKDeviceStatus -- 2
2020-01-09 09:24:10,024 [31] INFO SiteLogger [(null)] - ReceiveCmd -- 4
2020-01-09 09:24:10,024 [31] INFO SiteLogger [(null)] - ReceiveCmd -- 5
2020-01-09 09:24:10,040 [31] INFO SiteLogger [(null)] - ReceiveCmd -- 5 - no cmd
2020-01-09 09:24:10,041 [31] INFO SiteLogger [(null)] - ReceiveCmd -- 11
2020-01-09 09:24:10,043 [31] INFO SiteLogger [(null)] - Page_Load - receive_cmd -- 4
2020-01-09 09:24:10,044 [31] INFO SiteLogger [(null)] - Page_Load - receive_cmd -- 5
2020-01-09 09:24:13,071 [40] INFO SiteLogger [(null)] - Contructor -- 0 - Conn:server=120.24.222.15;uid=sa;pwd=123456@hysoon;database=StandAttDB;Min Pool Size=0;Max Pool Size=512;Pooling=true;
2020-01-09 09:24:13,073 [40] INFO SiteLogger [(null)] - Page_Load -- **************** sRequestCode = receive_cmd dev_id=DC68B057639F7F37 trans_id=ReceiveCommandAction content_length=278
2020-01-09 09:24:13,074 [40] INFO SiteLogger [(null)] - Page_Load -- 1 - request_code : receive_cmd ,trans_id : ReceiveCommandAction
2020-01-09 09:24:13,075 [40] INFO SiteLogger [(null)] - Page_Load -- 3.4 - blk_no=0, blk_len=278
2020-01-09 09:24:13,077 [40] INFO SiteLogger [(null)] - Page_Load - receive_cmd -- 2
2020-01-09 09:24:13,078 [40] INFO SiteLogger [(null)] - Page_Load - receive_cmd -- 3 - DevName=fk_deviceLE, DevTime=20200109054355, DevInfo={"face_data_ver":528,"firmware":"ZLIF104HS10 V2.77 BS0C2","firmware_filename":"zlif104hs10_bs0c2_um","fk_bin_data_lib":"FKDataHS101","fp_data_ver":128,"supported_enroll_data":["PASSWORD","IDCARD","FP","FACE"]}
2020-01-09 09:24:13,080 [40] INFO SiteLogger [(null)] - ReceiveCmd -- 0 - Start
2020-01-09 09:24:13,081 [40] INFO SiteLogger [(null)] - ReceiveCmd -- 1 - Db connected
2020-01-09 09:24:13,082 [40] INFO SiteLogger [(null)] - ReceiveCmd -- 2
2020-01-09 09:24:13,084 [40] INFO SiteLogger [(null)] - CheckResetCmd -- 0 - dev_id:DC68B057639F7F37
2020-01-09 09:24:13,085 [40] INFO SiteLogger [(null)] - CheckResetCmd -- 1
2020-01-09 09:24:13,095 [40] INFO SiteLogger [(null)] - CheckResetCmd -- 2 - trans_id:
2020-01-09 09:24:13,095 [40] INFO SiteLogger [(null)] - CheckResetCmd -- 3
2020-01-09 09:24:13,095 [40] INFO SiteLogger [(null)] - ReceiveCmd -- 3
2020-01-09 09:24:13,095 [40] INFO SiteLogger [(null)] - UpdateFKDeviceStatus -- 0 - DevTime:20200109054355, DevId:DC68B057639F7F37, DevName:fk_deviceLE, DevInfo:{"face_data_ver":528,"firmware":"ZLIF104HS10 V2.77 BS0C2","firmware_filename":"zlif104hs10_bs0c2_um","fk_bin_data_lib":"FKDataHS101","fp_data_ver":128,"supported_enroll_data":["PASSWORD","IDCARD","FP","FACE"]}
2020-01-09 09:24:13,095 [40] INFO SiteLogger [(null)] - UpdateFKDeviceStatus -- 1
2020-01-09 09:24:13,110 [40] INFO SiteLogger [(null)] - UpdateFKDeviceStatus -- 2
2020-01-09 09:24:13,110 [40] INFO SiteLogger [(null)] - ReceiveCmd -- 4
2020-01-09 09:24:13,126 [40] INFO SiteLogger [(null)] - ReceiveCmd -- 5
2020-01-09 09:24:13,126 [40] INFO SiteLogger [(null)] - ReceiveCmd -- 5 - no cmd
2020-01-09 09:24:13,126 [40] INFO SiteLogger [(null)] - ReceiveCmd -- 11
2020-01-09 09:24:13,126 [40] INFO SiteLogger [(null)] - Page_Load - receive_cmd -- 4
2020-01-09 09:24:13,126 [40] INFO SiteLogger [(null)] - Page_Load - receive_cmd -- 5
2020-01-09 09:24:15,873 [8] INFO SiteLogger [(null)] - Contructor -- 0 - Conn:server=120.24.222.15;uid=sa;pwd=123456@hysoon;database=StandAttDB;Min Pool Size=0;Max Pool Size=512;Pooling=true;
2020-01-09 09:24:15,875 [8] INFO SiteLogger [(null)] - Page_Load -- **************** sRequestCode = receive_cmd dev_id=DC68B057639F7F37 trans_id=ReceiveCommandAction content_length=278
2020-01-09 09:24:15,876 [8] INFO SiteLogger [(null)] - Page_Load -- 1 - request_code : receive_cmd ,trans_id : ReceiveCommandAction
2020-01-09 09:24:15,878 [8] INFO SiteLogger [(null)] - Page_Load -- 3.4 - blk_no=0, blk_len=278
2020-01-09 09:24:15,879 [8] INFO SiteLogger [(null)] - Page_Load - receive_cmd -- 2
2020-01-09 09:24:15,880 [8] INFO SiteLogger [(null)] - Page_Load - receive_cmd -- 3 - DevName=fk_deviceLE, DevTime=20200109054358, DevInfo={"face_data_ver":528,"firmware":"ZLIF104HS10 V2.77 BS0C2","firmware_filename":"zlif104hs10_bs0c2_um","fk_bin_data_lib":"FKDataHS101","fp_data_ver":128,"supported_enroll_data":["PASSWORD","IDCARD","FP","FACE"]}
2020-01-09 09:24:15,882 [8] INFO SiteLogger [(null)] - ReceiveCmd -- 0 - Start
2020-01-09 09:24:15,883 [8] INFO SiteLogger [(null)] - ReceiveCmd -- 1 - Db connected
2020-01-09 09:24:15,884 [8] INFO SiteLogger [(null)] - ReceiveCmd -- 2
2020-01-09 09:24:15,886 [8] INFO SiteLogger [(null)] - CheckResetCmd -- 0 - dev_id:DC68B057639F7F37
2020-01-09 09:24:15,887 [8] INFO SiteLogger [(null)] - CheckResetCmd -- 1
2020-01-09 09:24:15,898 [8] INFO SiteLogger [(null)] - CheckResetCmd -- 2 - trans_id:
2020-01-09 09:24:15,899 [8] INFO SiteLogger [(null)] - CheckResetCmd -- 3
2020-01-09 09:24:15,900 [8] INFO SiteLogger [(null)] - ReceiveCmd -- 3
2020-01-09 09:24:15,900 [8] INFO SiteLogger [(null)] - UpdateFKDeviceStatus -- 0 - DevTime:20200109054358, DevId:DC68B057639F7F37, DevName:fk_deviceLE, DevInfo:{"face_data_ver":528,"firmware":"ZLIF104HS10 V2.77 BS0C2","firmware_filename":"zlif104hs10_bs0c2_um","fk_bin_data_lib":"FKDataHS101","fp_data_ver":128,"supported_enroll_data":["PASSWORD","IDCARD","FP","FACE"]}
2020-01-09 09:24:15,900 [8] INFO SiteLogger [(null)] - UpdateFKDeviceStatus -- 1
2020-01-09 09:24:15,915 [8] INFO SiteLogger [(null)] - UpdateFKDeviceStatus -- 2
2020-01-09 09:24:15,915 [8] INFO SiteLogger [(null)] - ReceiveCmd -- 4
2020-01-09 09:24:15,915 [8] INFO SiteLogger [(null)] - ReceiveCmd -- 5
2020-01-09 09:24:15,915 [8] INFO SiteLogger [(null)] - ReceiveCmd -- 5 - no cmd
2020-01-09 09:24:15,931 [8] INFO SiteLogger [(null)] - ReceiveCmd -- 11
2020-01-09 09:24:15,931 [8] INFO SiteLogger [(null)] - Page_Load - receive_cmd -- 4
2020-01-09 09:24:15,931 [8] INFO SiteLogger [(null)] - Page_Load - receive_cmd -- 5
2020-01-09 09:24:18,961 [45] INFO SiteLogger [(null)] - Contructor -- 0 - Conn:server=120.24.222.15;uid=sa;pwd=123456@hysoon;database=StandAttDB;Min Pool Size=0;Max Pool Size=512;Pooling=true;
2020-01-09 09:24:18,962 [45] INFO SiteLogger [(null)] - Page_Load -- **************** sRequestCode = receive_cmd dev_id=DC68B057639F7F37 trans_id=ReceiveCommandAction content_length=278
2020-01-09 09:24:18,963 [45] INFO SiteLogger [(null)] - Page_Load -- 1 - request_code : receive_cmd ,trans_id : ReceiveCommandAction
2020-01-09 09:24:18,965 [45] INFO SiteLogger [(null)] - Page_Load -- 3.4 - blk_no=0, blk_len=278
2020-01-09 09:24:18,966 [45] INFO SiteLogger [(null)] - Page_Load - receive_cmd -- 2
2020-01-09 09:24:18,967 [45] INFO SiteLogger [(null)] - Page_Load - receive_cmd -- 3 - DevName=fk_deviceLE, DevTime=20200109054401, DevInfo={"face_data_ver":528,"firmware":"ZLIF104HS10 V2.77 BS0C2","firmware_filename":"zlif104hs10_bs0c2_um","fk_bin_data_lib":"FKDataHS101","fp_data_ver":128,"supported_enroll_data":["PASSWORD","IDCARD","FP","FACE"]}
2020-01-09 09:24:18,968 [45] INFO SiteLogger [(null)] - ReceiveCmd -- 0 - Start
2020-01-09 09:24:18,969 [45] INFO SiteLogger [(null)] - ReceiveCmd -- 1 - Db connected
2020-01-09 09:24:18,970 [45] INFO SiteLogger [(null)] - ReceiveCmd -- 2
2020-01-09 09:24:18,971 [45] INFO SiteLogger [(null)] - CheckResetCmd -- 0 - dev_id:DC68B057639F7F37
2020-01-09 09:24:18,972 [45] INFO SiteLogger [(null)] - CheckResetCmd -- 1
2020-01-09 09:24:18,983 [45] INFO SiteLogger [(null)] - CheckResetCmd -- 2 - trans_id:
2020-01-09 09:24:18,985 [45] INFO SiteLogger [(null)] - CheckResetCmd -- 3
2020-01-09 09:24:18,986 [45] INFO SiteLogger [(null)] - ReceiveCmd -- 3
2020-01-09 09:24:18,987 [45] INFO SiteLogger [(null)] - UpdateFKDeviceStatus -- 0 - DevTime:20200109054401, DevId:DC68B057639F7F37, DevName:fk_deviceLE, DevInfo:{"face_data_ver":528,"firmware":"ZLIF104HS10 V2.77 BS0C2","firmware_filename":"zlif104hs10_bs0c2_um","fk_bin_data_lib":"FKDataHS101","fp_data_ver":128,"supported_enroll_data":["PASSWORD","IDCARD","FP","FACE"]}
2020-01-09 09:24:18,988 [45] INFO SiteLogger [(null)] - UpdateFKDeviceStatus -- 1
2020-01-09 09:24:18,999 [45] INFO SiteLogger [(null)] - UpdateFKDeviceStatus -- 2
2020-01-09 09:24:19,000 [45] INFO SiteLogger [(null)] - ReceiveCmd -- 4
2020-01-09 09:24:19,002 [45] INFO SiteLogger [(null)] - ReceiveCmd -- 5
2020-01-09 09:24:19,002 [45] INFO SiteLogger [(null)] - ReceiveCmd -- 5 - no cmd
2020-01-09 09:24:19,002 [45] INFO SiteLogger [(null)] - ReceiveCmd -- 11
2020-01-09 09:24:19,002 [45] INFO SiteLogger [(null)] - Page_Load - receive_cmd -- 4
2020-01-09 09:24:19,002 [45] INFO SiteLogger [(null)] - Page_Load - receive_cmd -- 5
2020-01-09 09:24:22,042 [58] INFO SiteLogger [(null)] - Contructor -- 0 - Conn:server=120.24.222.15;uid=sa;pwd=123456@hysoon;database=StandAttDB;Min Pool Size=0;Max Pool Size=512;Pooling=true;
2020-01-09 09:24:22,043 [58] INFO SiteLogger [(null)] - Page_Load -- **************** sRequestCode = receive_cmd dev_id=DC68B057639F7F37 trans_id=ReceiveCommandAction content_length=278
2020-01-09 09:24:22,043 [58] INFO SiteLogger [(null)] - Page_Load -- 1 - request_code : receive_cmd ,trans_id : ReceiveCommandAction
2020-01-09 09:24:22,043 [58] INFO SiteLogger [(null)] - Page_Load -- 3.4 - blk_no=0, blk_len=278
2020-01-09 09:24:22,044 [58] INFO SiteLogger [(null)] - Page_Load - receive_cmd -- 2
2020-01-09 09:24:22,050 [58] INFO SiteLogger [(null)] - Page_Load - receive_cmd -- 3 - DevName=fk_deviceLE, DevTime=20200109054404, DevInfo={"face_data_ver":528,"firmware":"ZLIF104HS10 V2.77 BS0C2","firmware_filename":"zlif104hs10_bs0c2_um","fk_bin_data_lib":"FKDataHS101","fp_data_ver":128,"supported_enroll_data":["PASSWORD","IDCARD","FP","FACE"]}
2020-01-09 09:24:22,052 [58] INFO SiteLogger [(null)] - ReceiveCmd -- 0 - Start
2020-01-09 09:24:22,052 [58] INFO SiteLogger [(null)] - ReceiveCmd -- 1 - Db connected
2020-01-09 09:24:22,053 [58] INFO SiteLogger [(null)] - ReceiveCmd -- 2
2020-01-09 09:24:22,053 [58] INFO SiteLogger [(null)] - CheckResetCmd -- 0 - dev_id:DC68B057639F7F37
2020-01-09 09:24:22,053 [58] INFO SiteLogger [(null)] - CheckResetCmd -- 1
2020-01-09 09:24:22,064 [58] INFO SiteLogger [(null)] - CheckResetCmd -- 2 - trans_id:
2020-01-09 09:24:22,064 [58] INFO SiteLogger [(null)] - CheckResetCmd -- 3
2020-01-09 09:24:22,064 [58] INFO SiteLogger [(null)] - ReceiveCmd -- 3
2020-01-09 09:24:22,065 [58] INFO SiteLogger [(null)] - UpdateFKDeviceStatus -- 0 - DevTime:20200109054404, DevId:DC68B057639F7F37, DevName:fk_deviceLE, DevInfo:{"face_data_ver":528,"firmware":"ZLIF104HS10 V2.77 BS0C2","firmware_filename":"zlif104hs10_bs0c2_um","fk_bin_data_lib":"FKDataHS101","fp_data_ver":128,"supported_enroll_data":["PASSWORD","IDCARD","FP","FACE"]}
2020-01-09 09:24:22,065 [58] INFO SiteLogger [(null)] - UpdateFKDeviceStatus -- 1
2020-01-09 09:24:22,077 [58] INFO SiteLogger [(null)] - UpdateFKDeviceStatus -- 2
2020-01-09 09:24:22,077 [58] INFO SiteLogger [(null)] - ReceiveCmd -- 4
2020-01-09 09:24:22,088 [58] INFO SiteLogger [(null)] - ReceiveCmd -- 5
2020-01-09 09:24:22,089 [58] INFO SiteLogger [(null)] - ReceiveCmd -- 5 - no cmd
2020-01-09 09:24:22,089 [58] INFO SiteLogger [(null)] - ReceiveCmd -- 11
2020-01-09 09:24:22,089 [58] INFO SiteLogger [(null)] - Page_Load - receive_cmd -- 4
2020-01-09 09:24:22,090 [58] INFO SiteLogger [(null)] - Page_Load - receive_cmd -- 5
2020-01-09 09:24:24,809 [31] INFO SiteLogger [(null)] - Contructor -- 0 - Conn:server=120.24.222.15;uid=sa;pwd=123456@hysoon;database=StandAttDB;Min Pool Size=0;Max Pool Size=512;Pooling=true;
2020-01-09 09:24:24,809 [31] INFO SiteLogger [(null)] - Page_Load -- **************** sRequestCode = receive_cmd dev_id=DC68B057639F7F37 trans_id=ReceiveCommandAction content_length=278
2020-01-09 09:24:24,809 [31] INFO SiteLogger [(null)] - Page_Load -- 1 - request_code : receive_cmd ,trans_id : ReceiveCommandAction
2020-01-09 09:24:24,809 [31] INFO SiteLogger [(null)] - Page_Load -- 3.4 - blk_no=0, blk_len=278
2020-01-09 09:24:24,809 [31] INFO SiteLogger [(null)] - Page_Load - receive_cmd -- 2
2020-01-09 09:24:24,809 [31] INFO SiteLogger [(null)] - Page_Load - receive_cmd -- 3 - DevName=fk_deviceLE, DevTime=20200109054407, DevInfo={"face_data_ver":528,"firmware":"ZLIF104HS10 V2.77 BS0C2","firmware_filename":"zlif104hs10_bs0c2_um","fk_bin_data_lib":"FKDataHS101","fp_data_ver":128,"supported_enroll_data":["PASSWORD","IDCARD","FP","FACE"]}
2020-01-09 09:24:24,809 [31] INFO SiteLogger [(null)] - ReceiveCmd -- 0 - Start
2020-01-09 09:24:24,809 [31] INFO SiteLogger [(null)] - ReceiveCmd -- 1 - Db connected
2020-01-09 09:24:24,809 [31] INFO SiteLogger [(null)] - ReceiveCmd -- 2
2020-01-09 09:24:24,809 [31] INFO SiteLogger [(null)] - CheckResetCmd -- 0 - dev_id:DC68B057639F7F37
2020-01-09 09:24:24,809 [31] INFO SiteLogger [(null)] - CheckResetCmd -- 1
2020-01-09 09:24:24,825 [31] INFO SiteLogger [(null)] - CheckResetCmd -- 2 - trans_id:
2020-01-09 09:24:24,825 [31] INFO SiteLogger [(null)] - CheckResetCmd -- 3
2020-01-09 09:24:24,825 [31] INFO SiteLogger [(null)] - ReceiveCmd -- 3
2020-01-09 09:24:24,826 [31] INFO SiteLogger [(null)] - UpdateFKDeviceStatus -- 0 - DevTime:20200109054407, DevId:DC68B057639F7F37, DevName:fk_deviceLE, DevInfo:{"face_data_ver":528,"firmware":"ZLIF104HS10 V2.77 BS0C2","firmware_filename":"zlif104hs10_bs0c2_um","fk_bin_data_lib":"FKDataHS101","fp_data_ver":128,"supported_enroll_data":["PASSWORD","IDCARD","FP","FACE"]}
2020-01-09 09:24:24,826 [31] INFO SiteLogger [(null)] - UpdateFKDeviceStatus -- 1
2020-01-09 09:24:24,837 [31] INFO SiteLogger [(null)] - UpdateFKDeviceStatus -- 2
2020-01-09 09:24:24,838 [31] INFO SiteLogger [(null)] - ReceiveCmd -- 4
2020-01-09 09:24:24,849 [31] INFO SiteLogger [(null)] - ReceiveCmd -- 5
2020-01-09 09:24:24,849 [31] INFO SiteLogger [(null)] - ReceiveCmd -- 5 - no cmd
2020-01-09 09:24:24,850 [31] INFO SiteLogger [(null)] - ReceiveCmd -- 11
2020-01-09 09:24:24,850 [31] INFO SiteLogger [(null)] - Page_Load - receive_cmd -- 4
2020-01-09 09:24:24,850 [31] INFO SiteLogger [(null)] - Page_Load - receive_cmd -- 5
2020-01-09 09:24:27,876 [8] INFO SiteLogger [(null)] - Contructor -- 0 - Conn:server=120.24.222.15;uid=sa;pwd=123456@hysoon;database=StandAttDB;Min Pool Size=0;Max Pool Size=512;Pooling=true;
2020-01-09 09:24:27,877 [8] INFO SiteLogger [(null)] - Page_Load -- **************** sRequestCode = receive_cmd dev_id=DC68B057639F7F37 trans_id=ReceiveCommandAction content_length=278
2020-01-09 09:24:27,877 [8] INFO SiteLogger [(null)] - Page_Load -- 1 - request_code : receive_cmd ,trans_id : ReceiveCommandAction
2020-01-09 09:24:27,878 [8] INFO SiteLogger [(null)] - Page_Load -- 3.4 - blk_no=0, blk_len=278
2020-01-09 09:24:27,878 [8] INFO SiteLogger [(null)] - Page_Load - receive_cmd -- 2
2020-01-09 09:24:27,879 [8] INFO SiteLogger [(null)] - Page_Load - receive_cmd -- 3 - DevName=fk_deviceLE, DevTime=20200109054410, DevInfo={"face_data_ver":528,"firmware":"ZLIF104HS10 V2.77 BS0C2","firmware_filename":"zlif104hs10_bs0c2_um","fk_bin_data_lib":"FKDataHS101","fp_data_ver":128,"supported_enroll_data":["PASSWORD","IDCARD","FP","FACE"]}
2020-01-09 09:24:27,879 [8] INFO SiteLogger [(null)] - ReceiveCmd -- 0 - Start
2020-01-09 09:24:27,879 [8] INFO SiteLogger [(null)] - ReceiveCmd -- 1 - Db connected
2020-01-09 09:24:27,879 [8] INFO SiteLogger [(null)] - ReceiveCmd -- 2
2020-01-09 09:24:27,879 [8] INFO SiteLogger [(null)] - CheckResetCmd -- 0 - dev_id:DC68B057639F7F37
2020-01-09 09:24:27,879 [8] INFO SiteLogger [(null)] - CheckResetCmd -- 1
2020-01-09 09:24:27,895 [8] INFO SiteLogger [(null)] - CheckResetCmd -- 2 - trans_id:
2020-01-09 09:24:27,895 [8] INFO SiteLogger [(null)] - CheckResetCmd -- 3
2020-01-09 09:24:27,895 [8] INFO SiteLogger [(null)] - ReceiveCmd -- 3
2020-01-09 09:24:27,895 [8] INFO SiteLogger [(null)] - UpdateFKDeviceStatus -- 0 - DevTime:20200109054410, DevId:DC68B057639F7F37, DevName:fk_deviceLE, DevInfo:{"face_data_ver":528,"firmware":"ZLIF104HS10 V2.77 BS0C2","firmware_filename":"zlif104hs10_bs0c2_um","fk_bin_data_lib":"FKDataHS101","fp_data_ver":128,"supported_enroll_data":["PASSWORD","IDCARD","FP","FACE"]}
2020-01-09 09:24:27,895 [8] INFO SiteLogger [(null)] - UpdateFKDeviceStatus -- 1
2020-01-09 09:24:27,911 [8] INFO SiteLogger [(null)] - UpdateFKDeviceStatus -- 2
2020-01-09 09:24:27,911 [8] INFO SiteLogger [(null)] - ReceiveCmd -- 4
2020-01-09 09:24:27,911 [8] INFO SiteLogger [(null)] - ReceiveCmd -- 5
2020-01-09 09:24:27,911 [8] INFO SiteLogger [(null)] - ReceiveCmd -- 5 - no cmd
2020-01-09 09:24:27,911 [8] INFO SiteLogger [(null)] - ReceiveCmd -- 11
2020-01-09 09:24:27,911 [8] INFO SiteLogger [(null)] - Page_Load - receive_cmd -- 4
2020-01-09 09:24:27,911 [8] INFO SiteLogger [(null)] - Page_Load - receive_cmd -- 5
2020-01-09 09:24:30,962 [56] INFO SiteLogger [(null)] - Contructor -- 0 - Conn:server=120.24.222.15;uid=sa;pwd=123456@hysoon;database=StandAttDB;Min Pool Size=0;Max Pool Size=512;Pooling=true;
2020-01-09 09:24:30,962 [56] INFO SiteLogger [(null)] - Page_Load -- **************** sRequestCode = receive_cmd dev_id=DC68B057639F7F37 trans_id=ReceiveCommandAction content_length=278
2020-01-09 09:24:30,963 [56] INFO SiteLogger [(null)] - Page_Load -- 1 - request_code : receive_cmd ,trans_id : ReceiveCommandAction
2020-01-09 09:24:30,963 [56] INFO SiteLogger [(null)] - Page_Load -- 3.4 - blk_no=0, blk_len=278
2020-01-09 09:24:30,964 [56] INFO SiteLogger [(null)] - Page_Load - receive_cmd -- 2
2020-01-09 09:24:30,964 [56] INFO SiteLogger [(null)] - Page_Load - receive_cmd -- 3 - DevName=fk_deviceLE, DevTime=20200109054413, DevInfo={"face_data_ver":528,"firmware":"ZLIF104HS10 V2.77 BS0C2","firmware_filename":"zlif104hs10_bs0c2_um","fk_bin_data_lib":"FKDataHS101","fp_data_ver":128,"supported_enroll_data":["PASSWORD","IDCARD","FP","FACE"]}
2020-01-09 09:24:30,964 [56] INFO SiteLogger [(null)] - ReceiveCmd -- 0 - Start
2020-01-09 09:24:30,965 [56] INFO SiteLogger [(null)] - ReceiveCmd -- 1 - Db connected
2020-01-09 09:24:30,965 [56] INFO SiteLogger [(null)] - ReceiveCmd -- 2
2020-01-09 09:24:30,965 [56] INFO SiteLogger [(null)] - CheckResetCmd -- 0 - dev_id:DC68B057639F7F37
2020-01-09 09:24:30,965 [56] INFO SiteLogger [(null)] - CheckResetCmd -- 1
2020-01-09 09:24:30,976 [56] INFO SiteLogger [(null)] - CheckResetCmd -- 2 - trans_id:
2020-01-09 09:24:30,977 [56] INFO SiteLogger [(null)] - CheckResetCmd -- 3
2020-01-09 09:24:30,977 [56] INFO SiteLogger [(null)] - ReceiveCmd -- 3
2020-01-09 09:24:30,978 [56] INFO SiteLogger [(null)] - UpdateFKDeviceStatus -- 0 - DevTime:20200109054413, DevId:DC68B057639F7F37, DevName:fk_deviceLE, DevInfo:{"face_data_ver":528,"firmware":"ZLIF104HS10 V2.77 BS0C2","firmware_filename":"zlif104hs10_bs0c2_um","fk_bin_data_lib":"FKDataHS101","fp_data_ver":128,"supported_enroll_data":["PASSWORD","IDCARD","FP","FACE"]}
2020-01-09 09:24:30,978 [56] INFO SiteLogger [(null)] - UpdateFKDeviceStatus -- 1
2020-01-09 09:24:30,990 [56] INFO SiteLogger [(null)] - UpdateFKDeviceStatus -- 2
2020-01-09 09:24:30,990 [56] INFO SiteLogger [(null)] - ReceiveCmd -- 4
2020-01-09 09:24:31,001 [56] INFO SiteLogger [(null)] - ReceiveCmd -- 5
2020-01-09 09:24:31,002 [56] INFO SiteLogger [(null)] - ReceiveCmd -- 5 - no cmd
2020-01-09 09:24:31,002 [56] INFO SiteLogger [(null)] - ReceiveCmd -- 11
2020-01-09 09:24:31,002 [56] INFO SiteLogger [(null)] - Page_Load - receive_cmd -- 4
2020-01-09 09:24:31,003 [56] INFO SiteLogger [(null)] - Page_Load - receive_cmd -- 5
2020-01-09 09:24:34,029 [27] INFO SiteLogger [(null)] - Contructor -- 0 - Conn:server=120.24.222.15;uid=sa;pwd=123456@hysoon;database=StandAttDB;Min Pool Size=0;Max Pool Size=512;Pooling=true;
2020-01-09 09:24:34,030 [27] INFO SiteLogger [(null)] - Page_Load -- **************** sRequestCode = receive_cmd dev_id=DC68B057639F7F37 trans_id=ReceiveCommandAction content_length=278
2020-01-09 09:24:34,031 [27] INFO SiteLogger [(null)] - Page_Load -- 1 - request_code : receive_cmd ,trans_id : ReceiveCommandAction
2020-01-09 09:24:34,032 [27] INFO SiteLogger [(null)] - Page_Load -- 3.4 - blk_no=0, blk_len=278
2020-01-09 09:24:34,033 [27] INFO SiteLogger [(null)] - Page_Load - receive_cmd -- 2
2020-01-09 09:24:34,034 [27] INFO SiteLogger [(null)] - Page_Load - receive_cmd -- 3 - DevName=fk_deviceLE, DevTime=20200109054416, DevInfo={"face_data_ver":528,"firmware":"ZLIF104HS10 V2.77 BS0C2","firmware_filename":"zlif104hs10_bs0c2_um","fk_bin_data_lib":"FKDataHS101","fp_data_ver":128,"supported_enroll_data":["PASSWORD","IDCARD","FP","FACE"]}
2020-01-09 09:24:34,035 [27] INFO SiteLogger [(null)] - ReceiveCmd -- 0 - Start
2020-01-09 09:24:34,036 [27] INFO SiteLogger [(null)] - ReceiveCmd -- 1 - Db connected
2020-01-09 09:24:34,037 [27] INFO SiteLogger [(null)] - ReceiveCmd -- 2
2020-01-09 09:24:34,038 [27] INFO SiteLogger [(null)] - CheckResetCmd -- 0 - dev_id:DC68B057639F7F37
2020-01-09 09:24:34,039 [27] INFO SiteLogger [(null)] - CheckResetCmd -- 1
2020-01-09 09:24:34,050 [27] INFO SiteLogger [(null)] - CheckResetCmd -- 2 - trans_id:
2020-01-09 09:24:34,051 [27] INFO SiteLogger [(null)] - CheckResetCmd -- 3
2020-01-09 09:24:34,052 [27] INFO SiteLogger [(null)] - ReceiveCmd -- 3
2020-01-09 09:24:34,052 [27] INFO SiteLogger [(null)] - UpdateFKDeviceStatus -- 0 - DevTime:20200109054416, DevId:DC68B057639F7F37, DevName:fk_deviceLE, DevInfo:{"face_data_ver":528,"firmware":"ZLIF104HS10 V2.77 BS0C2","firmware_filename":"zlif104hs10_bs0c2_um","fk_bin_data_lib":"FKDataHS101","fp_data_ver":128,"supported_enroll_data":["PASSWORD","IDCARD","FP","FACE"]}
2020-01-09 09:24:34,053 [27] INFO SiteLogger [(null)] - UpdateFKDeviceStatus -- 1
2020-01-09 09:24:34,075 [27] INFO SiteLogger [(null)] - UpdateFKDeviceStatus -- 2
2020-01-09 09:24:34,076 [27] INFO SiteLogger [(null)] - ReceiveCmd -- 4
2020-01-09 09:24:34,088 [27] INFO SiteLogger [(null)] - ReceiveCmd -- 5
2020-01-09 09:24:34,089 [27] INFO SiteLogger [(null)] - ReceiveCmd -- 5 - no cmd
2020-01-09 09:24:34,090 [27] INFO SiteLogger [(null)] - ReceiveCmd -- 11
2020-01-09 09:24:34,091 [27] INFO SiteLogger [(null)] - Page_Load - receive_cmd -- 4
2020-01-09 09:24:34,092 [27] INFO SiteLogger [(null)] - Page_Load - receive_cmd -- 5
2020-01-09 09:24:36,819 [59] INFO SiteLogger [(null)] - Contructor -- 0 - Conn:server=120.24.222.15;uid=sa;pwd=123456@hysoon;database=StandAttDB;Min Pool Size=0;Max Pool Size=512;Pooling=true;
2020-01-09 09:24:36,820 [59] INFO SiteLogger [(null)] - Page_Load -- **************** sRequestCode = receive_cmd dev_id=DC68B057639F7F37 trans_id=ReceiveCommandAction content_length=278
2020-01-09 09:24:36,821 [59] INFO SiteLogger [(null)] - Page_Load -- 1 - request_code : receive_cmd ,trans_id : ReceiveCommandAction
2020-01-09 09:24:36,822 [59] INFO SiteLogger [(null)] - Page_Load -- 3.4 - blk_no=0, blk_len=278
2020-01-09 09:24:36,822 [59] INFO SiteLogger [(null)] - Page_Load - receive_cmd -- 2
2020-01-09 09:24:36,823 [59] INFO SiteLogger [(null)] - Page_Load - receive_cmd -- 3 - DevName=fk_deviceLE, DevTime=20200109054419, DevInfo={"face_data_ver":528,"firmware":"ZLIF104HS10 V2.77 BS0C2","firmware_filename":"zlif104hs10_bs0c2_um","fk_bin_data_lib":"FKDataHS101","fp_data_ver":128,"supported_enroll_data":["PASSWORD","IDCARD","FP","FACE"]}
2020-01-09 09:24:36,823 [59] INFO SiteLogger [(null)] - ReceiveCmd -- 0 - Start
2020-01-09 09:24:36,824 [59] INFO SiteLogger [(null)] - ReceiveCmd -- 1 - Db connected
2020-01-09 09:24:36,825 [59] INFO SiteLogger [(null)] - ReceiveCmd -- 2
2020-01-09 09:24:36,825 [59] INFO SiteLogger [(null)] - CheckResetCmd -- 0 - dev_id:DC68B057639F7F37
2020-01-09 09:24:36,826 [59] INFO SiteLogger [(null)] - CheckResetCmd -- 1
2020-01-09 09:24:36,836 [59] INFO SiteLogger [(null)] - CheckResetCmd -- 2 - trans_id:
2020-01-09 09:24:36,837 [59] INFO SiteLogger [(null)] - CheckResetCmd -- 3
2020-01-09 09:24:36,838 [59] INFO SiteLogger [(null)] - ReceiveCmd -- 3
2020-01-09 09:24:36,839 [59] INFO SiteLogger [(null)] - UpdateFKDeviceStatus -- 0 - DevTime:20200109054419, DevId:DC68B057639F7F37, DevName:fk_deviceLE, DevInfo:{"face_data_ver":528,"firmware":"ZLIF104HS10 V2.77 BS0C2","firmware_filename":"zlif104hs10_bs0c2_um","fk_bin_data_lib":"FKDataHS101","fp_data_ver":128,"supported_enroll_data":["PASSWORD","IDCARD","FP","FACE"]}
2020-01-09 09:24:36,839 [59] INFO SiteLogger [(null)] - UpdateFKDeviceStatus -- 1
2020-01-09 09:24:36,852 [59] INFO SiteLogger [(null)] - UpdateFKDeviceStatus -- 2
2020-01-09 09:24:36,852 [59] INFO SiteLogger [(null)] - ReceiveCmd -- 4
2020-01-09 09:24:36,864 [59] INFO SiteLogger [(null)] - ReceiveCmd -- 5
2020-01-09 09:24:36,865 [59] INFO SiteLogger [(null)] - ReceiveCmd -- 5 - no cmd
2020-01-09 09:24:36,865 [59] INFO SiteLogger [(null)] - ReceiveCmd -- 11
2020-01-09 09:24:36,866 [59] INFO SiteLogger [(null)] - Page_Load - receive_cmd -- 4
2020-01-09 09:24:36,867 [59] INFO SiteLogger [(null)] - Page_Load - receive_cmd -- 5
2020-01-09 09:24:39,898 [40] INFO SiteLogger [(null)] - Contructor -- 0 - Conn:server=120.24.222.15;uid=sa;pwd=123456@hysoon;database=StandAttDB;Min Pool Size=0;Max Pool Size=512;Pooling=true;
2020-01-09 09:24:39,899 [40] INFO SiteLogger [(null)] - Page_Load -- **************** sRequestCode = receive_cmd dev_id=DC68B057639F7F37 trans_id=ReceiveCommandAction content_length=278
2020-01-09 09:24:39,900 [40] INFO SiteLogger [(null)] - Page_Load -- 1 - request_code : receive_cmd ,trans_id : ReceiveCommandAction
2020-01-09 09:24:39,901 [40] INFO SiteLogger [(null)] - Page_Load -- 3.4 - blk_no=0, blk_len=278
2020-01-09 09:24:39,902 [40] INFO SiteLogger [(null)] - Page_Load - receive_cmd -- 2
2020-01-09 09:24:39,903 [40] INFO SiteLogger [(null)] - Page_Load - receive_cmd -- 3 - DevName=fk_deviceLE, DevTime=20200109054422, DevInfo={"face_data_ver":528,"firmware":"ZLIF104HS10 V2.77 BS0C2","firmware_filename":"zlif104hs10_bs0c2_um","fk_bin_data_lib":"FKDataHS101","fp_data_ver":128,"supported_enroll_data":["PASSWORD","IDCARD","FP","FACE"]}
2020-01-09 09:24:39,904 [40] INFO SiteLogger [(null)] - ReceiveCmd -- 0 - Start
2020-01-09 09:24:39,904 [40] INFO SiteLogger [(null)] - ReceiveCmd -- 1 - Db connected
2020-01-09 09:24:39,905 [40] INFO SiteLogger [(null)] - ReceiveCmd -- 2
2020-01-09 09:24:39,906 [40] INFO SiteLogger [(null)] - CheckResetCmd -- 0 - dev_id:DC68B057639F7F37
2020-01-09 09:24:39,907 [40] INFO SiteLogger [(null)] - CheckResetCmd -- 1
2020-01-09 09:24:39,917 [40] INFO SiteLogger [(null)] - CheckResetCmd -- 2 - trans_id:
2020-01-09 09:24:39,918 [40] INFO SiteLogger [(null)] - CheckResetCmd -- 3
2020-01-09 09:24:39,919 [40] INFO SiteLogger [(null)] - ReceiveCmd -- 3
2020-01-09 09:24:39,920 [40] INFO SiteLogger [(null)] - UpdateFKDeviceStatus -- 0 - DevTime:20200109054422, DevId:DC68B057639F7F37, DevName:fk_deviceLE, DevInfo:{"face_data_ver":528,"firmware":"ZLIF104HS10 V2.77 BS0C2","firmware_filename":"zlif104hs10_bs0c2_um","fk_bin_data_lib":"FKDataHS101","fp_data_ver":128,"supported_enroll_data":["PASSWORD","IDCARD","FP","FACE"]}
2020-01-09 09:24:39,921 [40] INFO SiteLogger [(null)] - UpdateFKDeviceStatus -- 1
2020-01-09 09:24:39,934 [40] INFO SiteLogger [(null)] - UpdateFKDeviceStatus -- 2
2020-01-09 09:24:39,935 [40] INFO SiteLogger [(null)] - ReceiveCmd -- 4
2020-01-09 09:24:39,948 [40] INFO SiteLogger [(null)] - ReceiveCmd -- 5
2020-01-09 09:24:39,949 [40] INFO SiteLogger [(null)] - ReceiveCmd -- 6 - trans_id:710cmd_code:GET_USER_ID_LIST
2020-01-09 09:24:39,949 [40] INFO SiteLogger [(null)] - ReceiveCmd -- 11
2020-01-09 09:24:39,950 [40] INFO SiteLogger [(null)] - Page_Load - receive_cmd -- 4
2020-01-09 09:24:39,951 [40] INFO SiteLogger [(null)] - Page_Load - receive_cmd -- 5
2020-01-09 09:24:39,962 [41] INFO SiteLogger [(null)] - Contructor -- 0 - Conn:server=120.24.222.15;uid=sa;pwd=123456@hysoon;database=StandAttDB;Min Pool Size=0;Max Pool Size=512;Pooling=true;
2020-01-09 09:24:39,964 [41] INFO SiteLogger [(null)] - Page_Load -- **************** sRequestCode = send_cmd_result dev_id=DC68B057639F7F37 trans_id=710 content_length=82
2020-01-09 09:24:39,965 [41] INFO SiteLogger [(null)] - Page_Load -- 1 - request_code : send_cmd_result ,trans_id : 710
2020-01-09 09:24:39,966 [41] INFO SiteLogger [(null)] - Page_Load -- 3.4 - blk_no=0, blk_len=82
2020-01-09 09:24:39,968 [41] INFO SiteLogger [(null)] - Page_Load - send_cmd_result -- 1
2020-01-09 09:24:39,969 [41] INFO SiteLogger [(null)] - Page_Load - send_cmd_result -- 2 - trans_id:710
2020-01-09 09:24:39,970 [41] INFO SiteLogger [(null)] - CheckResetCmd -- 0 - dev_id:DC68B057639F7F37
2020-01-09 09:24:39,971 [41] INFO SiteLogger [(null)] - CheckResetCmd -- 1
2020-01-09 09:24:39,984 [41] INFO SiteLogger [(null)] - CheckResetCmd -- 2 - trans_id:
2020-01-09 09:24:39,985 [41] INFO SiteLogger [(null)] - CheckResetCmd -- 3
2020-01-09 09:24:39,987 [41] INFO SiteLogger [(null)] - IsCancelledCmd -- 0 - dev_id:DC68B057639F7F37trans_id:710
2020-01-09 09:24:39,988 [41] INFO SiteLogger [(null)] - IsCancelledCmd -- 1
2020-01-09 09:24:39,989 [41] INFO SiteLogger [(null)] - IsCancelledCmd -- 1.1
2020-01-09 09:24:39,991 [41] INFO SiteLogger [(null)] - IsCancelledCmd -- 2 - status:
2020-01-09 09:24:39,991 [41] INFO SiteLogger [(null)] - IsCancelledCmd -- 3
2020-01-09 09:24:39,991 [41] INFO SiteLogger [(null)] - Page_Load - send_cmd_result -- 3
2020-01-09 09:24:39,991 [41] INFO SiteLogger [(null)] - SetCmdResult -- 0 - trans_id:710, dev_id:DC68B057639F7F37
2020-01-09 09:24:39,991 [41] INFO SiteLogger [(null)] - SetCmdResult -- 1
2020-01-09 09:24:39,991 [41] INFO SiteLogger [(null)] - SetCmdResult -- 2
2020-01-09 09:24:39,991 [41] INFO SiteLogger [(null)] - SaveCmdResultLogData -- 1
2020-01-09 09:24:39,991 [41] INFO SiteLogger [(null)] - SaveCmdResultLogData -- 2
2020-01-09 09:24:40,007 [41] INFO SiteLogger [(null)] - SaveCmdResultSLogData -- 1
2020-01-09 09:24:40,007 [41] INFO SiteLogger [(null)] - SaveCmdResultSLogData -- 2
2020-01-09 09:24:40,029 [41] INFO SiteLogger [(null)] - SaveUserIdList -- 1
2020-01-09 09:24:40,030 [41] INFO SiteLogger [(null)] - SaveUserIdList -- 2 astrans_id = 710
2020-01-09 09:24:40,041 [41] INFO SiteLogger [(null)] - SaveUserIdList -- 3
2020-01-09 09:24:40,052 [41] INFO SiteLogger [(null)] - SaveUserIdList -- 4
2020-01-09 09:24:40,053 [41] INFO SiteLogger [(null)] - SaveUserIdList -- 5
2020-01-09 09:24:40,054 [41] INFO SiteLogger [(null)] - SaveUserIdList -- 6 - HS101
2020-01-09 09:24:40,077 [41] INFO SiteLogger [(null)] - SaveUserIdList -- 7 - HS101
2020-01-09 09:24:40,077 [41] INFO SiteLogger [(null)] - SaveUserIdList -- 8
2020-01-09 09:24:40,077 [41] INFO SiteLogger [(null)] - GetDeviceStatus -- 1
2020-01-09 09:24:40,077 [41] INFO SiteLogger [(null)] - GetDeviceStatus -- 2
2020-01-09 09:24:40,109 [41] INFO SiteLogger [(null)] - SetCmdResult -- 3
2020-01-09 09:24:40,110 [41] INFO SiteLogger [(null)] - Page_Load - send_cmd_result -- 4
2020-01-09 09:24:40,112 [41] INFO SiteLogger [(null)] - Page_Load - send_cmd_result -- 5
2020-01-09 09:24:40,421 [8] INFO SiteLogger [(null)] - Contructor -- 0 - Conn:server=120.24.222.15;uid=sa;pwd=123456@hysoon;database=StandAttDB;Min Pool Size=0;Max Pool Size=512;Pooling=true;
2020-01-09 09:24:40,422 [8] INFO SiteLogger [(null)] - Page_Load -- **************** sRequestCode = receive_cmd dev_id=DC68B057639F7F37 trans_id=ReceiveCommandAction content_length=278
2020-01-09 09:24:40,424 [8] INFO SiteLogger [(null)] - Page_Load -- 1 - request_code : receive_cmd ,trans_id : ReceiveCommandAction
2020-01-09 09:24:40,425 [8] INFO SiteLogger [(null)] - Page_Load -- 3.4 - blk_no=0, blk_len=278
2020-01-09 09:24:40,426 [8] INFO SiteLogger [(null)] - Page_Load - receive_cmd -- 2
2020-01-09 09:24:40,428 [8] INFO SiteLogger [(null)] - Page_Load - receive_cmd -- 3 - DevName=fk_deviceLE, DevTime=20200109054422, DevInfo={"face_data_ver":528,"firmware":"ZLIF104HS10 V2.77 BS0C2","firmware_filename":"zlif104hs10_bs0c2_um","fk_bin_data_lib":"FKDataHS101","fp_data_ver":128,"supported_enroll_data":["PASSWORD","IDCARD","FP","FACE"]}
2020-01-09 09:24:40,429 [8] INFO SiteLogger [(null)] - ReceiveCmd -- 0 - Start
2020-01-09 09:24:40,471 [8] INFO SiteLogger [(null)] - ReceiveCmd -- 1 - Db connected
2020-01-09 09:24:40,471 [8] INFO SiteLogger [(null)] - ReceiveCmd -- 2
2020-01-09 09:24:40,471 [8] INFO SiteLogger [(null)] - CheckResetCmd -- 0 - dev_id:DC68B057639F7F37
2020-01-09 09:24:40,471 [8] INFO SiteLogger [(null)] - CheckResetCmd -- 1
2020-01-09 09:24:40,486 [8] INFO SiteLogger [(null)] - CheckResetCmd -- 2 - trans_id:
2020-01-09 09:24:40,486 [8] INFO SiteLogger [(null)] - CheckResetCmd -- 3
2020-01-09 09:24:40,486 [8] INFO SiteLogger [(null)] - ReceiveCmd -- 3
2020-01-09 09:24:40,486 [8] INFO SiteLogger [(null)] - UpdateFKDeviceStatus -- 0 - DevTime:20200109054422, DevId:DC68B057639F7F37, DevName:fk_deviceLE, DevInfo:{"face_data_ver":528,"firmware":"ZLIF104HS10 V2.77 BS0C2","firmware_filename":"zlif104hs10_bs0c2_um","fk_bin_data_lib":"FKDataHS101","fp_data_ver":128,"supported_enroll_data":["PASSWORD","IDCARD","FP","FACE"]}
2020-01-09 09:24:40,486 [8] INFO SiteLogger [(null)] - UpdateFKDeviceStatus -- 1
2020-01-09 09:24:40,508 [8] INFO SiteLogger [(null)] - UpdateFKDeviceStatus -- 2
2020-01-09 09:24:40,509 [8] INFO SiteLogger [(null)] - ReceiveCmd -- 4
2020-01-09 09:24:40,521 [8] INFO SiteLogger [(null)] - ReceiveCmd -- 5
2020-01-09 09:24:40,522 [8] INFO SiteLogger [(null)] - ReceiveCmd -- 5 - no cmd
2020-01-09 09:24:40,524 [8] INFO SiteLogger [(null)] - ReceiveCmd -- 11
2020-01-09 09:24:40,525 [8] INFO SiteLogger [(null)] - Page_Load - receive_cmd -- 4
2020-01-09 09:24:40,527 [8] INFO SiteLogger [(null)] - Page_Load - receive_cmd -- 5
2020-01-09 09:24:42,948 [22] INFO SiteLogger [(null)] - Contructor -- 0 - Conn:server=120.24.222.15;uid=sa;pwd=123456@hysoon;database=StandAttDB;Min Pool Size=0;Max Pool Size=512;Pooling=true;
2020-01-09 09:24:42,949 [22] INFO SiteLogger [(null)] - Page_Load -- **************** sRequestCode = receive_cmd dev_id=DC68B057639F7F37 trans_id=ReceiveCommandAction content_length=278
2020-01-09 09:24:42,950 [22] INFO SiteLogger [(null)] - Page_Load -- 1 - request_code : receive_cmd ,trans_id : ReceiveCommandAction
2020-01-09 09:24:42,952 [22] INFO SiteLogger [(null)] - Page_Load -- 3.4 - blk_no=0, blk_len=278
2020-01-09 09:24:42,953 [22] INFO SiteLogger [(null)] - Page_Load - receive_cmd -- 2
2020-01-09 09:24:42,954 [22] INFO SiteLogger [(null)] - Page_Load - receive_cmd -- 3 - DevName=fk_deviceLE, DevTime=20200109054425, DevInfo={"face_data_ver":528,"firmware":"ZLIF104HS10 V2.77 BS0C2","firmware_filename":"zlif104hs10_bs0c2_um","fk_bin_data_lib":"FKDataHS101","fp_data_ver":128,"supported_enroll_data":["PASSWORD","IDCARD","FP","FACE"]}
2020-01-09 09:24:42,956 [22] INFO SiteLogger [(null)] - ReceiveCmd -- 0 - Start
2020-01-09 09:24:42,957 [22] INFO SiteLogger [(null)] - ReceiveCmd -- 1 - Db connected
2020-01-09 09:24:42,959 [22] INFO SiteLogger [(null)] - ReceiveCmd -- 2
2020-01-09 09:24:42,959 [22] INFO SiteLogger [(null)] - CheckResetCmd -- 0 - dev_id:DC68B057639F7F37
2020-01-09 09:24:42,960 [22] INFO SiteLogger [(null)] - CheckResetCmd -- 1
2020-01-09 09:24:42,972 [22] INFO SiteLogger [(null)] - CheckResetCmd -- 2 - trans_id:
2020-01-09 09:24:42,973 [22] INFO SiteLogger [(null)] - CheckResetCmd -- 3
2020-01-09 09:24:42,974 [22] INFO SiteLogger [(null)] - ReceiveCmd -- 3
2020-01-09 09:24:42,975 [22] INFO SiteLogger [(null)] - UpdateFKDeviceStatus -- 0 - DevTime:20200109054425, DevId:DC68B057639F7F37, DevName:fk_deviceLE, DevInfo:{"face_data_ver":528,"firmware":"ZLIF104HS10 V2.77 BS0C2","firmware_filename":"zlif104hs10_bs0c2_um","fk_bin_data_lib":"FKDataHS101","fp_data_ver":128,"supported_enroll_data":["PASSWORD","IDCARD","FP","FACE"]}
2020-01-09 09:24:42,976 [22] INFO SiteLogger [(null)] - UpdateFKDeviceStatus -- 1
2020-01-09 09:24:42,987 [22] INFO SiteLogger [(null)] - UpdateFKDeviceStatus -- 2
2020-01-09 09:24:42,988 [22] INFO SiteLogger [(null)] - ReceiveCmd -- 4
2020-01-09 09:24:42,999 [22] INFO SiteLogger [(null)] - ReceiveCmd -- 5
2020-01-09 09:24:42,999 [22] INFO SiteLogger [(null)] - ReceiveCmd -- 5 - no cmd
2020-01-09 09:24:43,000 [22] INFO SiteLogger [(null)] - ReceiveCmd -- 11
2020-01-09 09:24:43,000 [22] INFO SiteLogger [(null)] - Page_Load - receive_cmd -- 4
2020-01-09 09:24:43,001 [22] INFO SiteLogger [(null)] - Page_Load - receive_cmd -- 5
2020-01-09 09:24:46,040 [20] INFO SiteLogger [(null)] - Contructor -- 0 - Conn:server=120.24.222.15;uid=sa;pwd=123456@hysoon;database=StandAttDB;Min Pool Size=0;Max Pool Size=512;Pooling=true;
2020-01-09 09:24:46,041 [20] INFO SiteLogger [(null)] - Page_Load -- **************** sRequestCode = receive_cmd dev_id=DC68B057639F7F37 trans_id=ReceiveCommandAction content_length=278
2020-01-09 09:24:46,043 [20] INFO SiteLogger [(null)] - Page_Load -- 1 - request_code : receive_cmd ,trans_id : ReceiveCommandAction
2020-01-09 09:24:46,044 [20] INFO SiteLogger [(null)] - Page_Load -- 3.4 - blk_no=0, blk_len=278
2020-01-09 09:24:46,044 [20] INFO SiteLogger [(null)] - Page_Load - receive_cmd -- 2
2020-01-09 09:24:46,045 [20] INFO SiteLogger [(null)] - Page_Load - receive_cmd -- 3 - DevName=fk_deviceLE, DevTime=20200109054428, DevInfo={"face_data_ver":528,"firmware":"ZLIF104HS10 V2.77 BS0C2","firmware_filename":"zlif104hs10_bs0c2_um","fk_bin_data_lib":"FKDataHS101","fp_data_ver":128,"supported_enroll_data":["PASSWORD","IDCARD","FP","FACE"]}
2020-01-09 09:24:46,045 [20] INFO SiteLogger [(null)] - ReceiveCmd -- 0 - Start
2020-01-09 09:24:46,046 [20] INFO SiteLogger [(null)] - ReceiveCmd -- 1 - Db connected
2020-01-09 09:24:46,046 [20] INFO SiteLogger [(null)] - ReceiveCmd -- 2
2020-01-09 09:24:46,046 [20] INFO SiteLogger [(null)] - CheckResetCmd -- 0 - dev_id:DC68B057639F7F37
2020-01-09 09:24:46,047 [20] INFO SiteLogger [(null)] - CheckResetCmd -- 1
2020-01-09 09:24:46,056 [20] INFO SiteLogger [(null)] - CheckResetCmd -- 2 - trans_id:
2020-01-09 09:24:46,057 [20] INFO SiteLogger [(null)] - CheckResetCmd -- 3
2020-01-09 09:24:46,057 [20] INFO SiteLogger [(null)] - ReceiveCmd -- 3
2020-01-09 09:24:46,058 [20] INFO SiteLogger [(null)] - UpdateFKDeviceStatus -- 0 - DevTime:20200109054428, DevId:DC68B057639F7F37, DevName:fk_deviceLE, DevInfo:{"face_data_ver":528,"firmware":"ZLIF104HS10 V2.77 BS0C2","firmware_filename":"zlif104hs10_bs0c2_um","fk_bin_data_lib":"FKDataHS101","fp_data_ver":128,"supported_enroll_data":["PASSWORD","IDCARD","FP","FACE"]}
2020-01-09 09:24:46,058 [20] INFO SiteLogger [(null)] - UpdateFKDeviceStatus -- 1
2020-01-09 09:24:46,072 [20] INFO SiteLogger [(null)] - UpdateFKDeviceStatus -- 2
2020-01-09 09:24:46,072 [20] INFO SiteLogger [(null)] - ReceiveCmd -- 4
2020-01-09 09:24:46,084 [20] INFO SiteLogger [(null)] - ReceiveCmd -- 5
2020-01-09 09:24:46,084 [20] INFO SiteLogger [(null)] - ReceiveCmd -- 6 - trans_id:711cmd_code:CLEAR_MANAGER
2020-01-09 09:24:46,085 [20] INFO SiteLogger [(null)] - ReceiveCmd -- 11
2020-01-09 09:24:46,085 [20] INFO SiteLogger [(null)] - Page_Load - receive_cmd -- 4
2020-01-09 09:24:46,086 [20] INFO SiteLogger [(null)] - Page_Load - receive_cmd -- 5
2020-01-09 09:24:46,093 [56] INFO SiteLogger [(null)] - Contructor -- 0 - Conn:server=120.24.222.15;uid=sa;pwd=123456@hysoon;database=StandAttDB;Min Pool Size=0;Max Pool Size=512;Pooling=true;
2020-01-09 09:24:46,093 [56] INFO SiteLogger [(null)] - Page_Load -- **************** sRequestCode = send_cmd_result dev_id=DC68B057639F7F37 trans_id=711 content_length=0
2020-01-09 09:24:46,094 [56] INFO SiteLogger [(null)] - Page_Load -- 1 - request_code : send_cmd_result ,trans_id : 711
2020-01-09 09:24:46,094 [56] INFO SiteLogger [(null)] - Page_Load -- 3.4 - blk_no=0, blk_len=0
2020-01-09 09:24:46,095 [56] INFO SiteLogger [(null)] - Page_Load - send_cmd_result -- 1
2020-01-09 09:24:46,095 [56] INFO SiteLogger [(null)] - Page_Load - send_cmd_result -- 2 - trans_id:711
2020-01-09 09:24:46,096 [56] INFO SiteLogger [(null)] - CheckResetCmd -- 0 - dev_id:DC68B057639F7F37
2020-01-09 09:24:46,096 [56] INFO SiteLogger [(null)] - CheckResetCmd -- 1
2020-01-09 09:24:46,105 [56] INFO SiteLogger [(null)] - CheckResetCmd -- 2 - trans_id:
2020-01-09 09:24:46,106 [56] INFO SiteLogger [(null)] - CheckResetCmd -- 3
2020-01-09 09:24:46,106 [56] INFO SiteLogger [(null)] - IsCancelledCmd -- 0 - dev_id:DC68B057639F7F37trans_id:711
2020-01-09 09:24:46,107 [56] INFO SiteLogger [(null)] - IsCancelledCmd -- 1
2020-01-09 09:24:46,108 [56] INFO SiteLogger [(null)] - IsCancelledCmd -- 1.1
2020-01-09 09:24:46,120 [56] INFO SiteLogger [(null)] - IsCancelledCmd -- 2 - status:
2020-01-09 09:24:46,121 [56] INFO SiteLogger [(null)] - IsCancelledCmd -- 3
2020-01-09 09:24:46,121 [56] INFO SiteLogger [(null)] - Page_Load - send_cmd_result -- 3
2020-01-09 09:24:46,122 [56] INFO SiteLogger [(null)] - SetCmdResult -- 0 - trans_id:711, dev_id:DC68B057639F7F37
2020-01-09 09:24:46,122 [56] INFO SiteLogger [(null)] - SetCmdResult -- 1
2020-01-09 09:24:46,123 [56] INFO SiteLogger [(null)] - SetCmdResult -- 2
2020-01-09 09:24:46,123 [56] INFO SiteLogger [(null)] - SaveCmdResultLogData -- 1
2020-01-09 09:24:46,124 [56] INFO SiteLogger [(null)] - SaveCmdResultLogData -- 2
2020-01-09 09:24:46,133 [56] INFO SiteLogger [(null)] - SaveCmdResultSLogData -- 1
2020-01-09 09:24:46,133 [56] INFO SiteLogger [(null)] - SaveCmdResultSLogData -- 2
2020-01-09 09:24:46,143 [56] INFO SiteLogger [(null)] - SaveUserIdList -- 1
2020-01-09 09:24:46,143 [56] INFO SiteLogger [(null)] - SaveUserIdList -- 2 astrans_id = 711
2020-01-09 09:24:46,153 [56] INFO SiteLogger [(null)] - SaveUserIdList -- 2-1 astrans_id = 711
2020-01-09 09:24:46,155 [56] INFO SiteLogger [(null)] - GetDeviceStatus -- 1
2020-01-09 09:24:46,155 [56] INFO SiteLogger [(null)] - GetDeviceStatus -- 2
2020-01-09 09:24:46,175 [56] INFO SiteLogger [(null)] - SetCmdResult -- 3
2020-01-09 09:24:46,175 [56] INFO SiteLogger [(null)] - Page_Load - send_cmd_result -- 4
2020-01-09 09:24:46,176 [56] INFO SiteLogger [(null)] - Page_Load - send_cmd_result -- 5
2020-01-09 09:24:46,483 [59] INFO SiteLogger [(null)] - Contructor -- 0 - Conn:server=120.24.222.15;uid=sa;pwd=123456@hysoon;database=StandAttDB;Min Pool Size=0;Max Pool Size=512;Pooling=true;
2020-01-09 09:24:46,484 [59] INFO SiteLogger [(null)] - Page_Load -- **************** sRequestCode = receive_cmd dev_id=DC68B057639F7F37 trans_id=ReceiveCommandAction content_length=278
2020-01-09 09:24:46,485 [59] INFO SiteLogger [(null)] - Page_Load -- 1 - request_code : receive_cmd ,trans_id : ReceiveCommandAction
2020-01-09 09:24:46,486 [59] INFO SiteLogger [(null)] - Page_Load -- 3.4 - blk_no=0, blk_len=278
2020-01-09 09:24:46,486 [59] INFO SiteLogger [(null)] - Page_Load - receive_cmd -- 2
2020-01-09 09:24:46,487 [59] INFO SiteLogger [(null)] - Page_Load - receive_cmd -- 3 - DevName=fk_deviceLE, DevTime=20200109054428, DevInfo={"face_data_ver":528,"firmware":"ZLIF104HS10 V2.77 BS0C2","firmware_filename":"zlif104hs10_bs0c2_um","fk_bin_data_lib":"FKDataHS101","fp_data_ver":128,"supported_enroll_data":["PASSWORD","IDCARD","FP","FACE"]}
2020-01-09 09:24:46,488 [59] INFO SiteLogger [(null)] - ReceiveCmd -- 0 - Start
2020-01-09 09:24:46,523 [59] INFO SiteLogger [(null)] - ReceiveCmd -- 1 - Db connected
2020-01-09 09:24:46,523 [59] INFO SiteLogger [(null)] - ReceiveCmd -- 2
2020-01-09 09:24:46,523 [59] INFO SiteLogger [(null)] - CheckResetCmd -- 0 - dev_id:DC68B057639F7F37
2020-01-09 09:24:46,523 [59] INFO SiteLogger [(null)] - CheckResetCmd -- 1
2020-01-09 09:24:46,539 [59] INFO SiteLogger [(null)] - CheckResetCmd -- 2 - trans_id:
2020-01-09 09:24:46,544 [59] INFO SiteLogger [(null)] - CheckResetCmd -- 3
2020-01-09 09:24:46,549 [59] INFO SiteLogger [(null)] - ReceiveCmd -- 3
2020-01-09 09:24:46,550 [59] INFO SiteLogger [(null)] - UpdateFKDeviceStatus -- 0 - DevTime:20200109054428, DevId:DC68B057639F7F37, DevName:fk_deviceLE, DevInfo:{"face_data_ver":528,"firmware":"ZLIF104HS10 V2.77 BS0C2","firmware_filename":"zlif104hs10_bs0c2_um","fk_bin_data_lib":"FKDataHS101","fp_data_ver":128,"supported_enroll_data":["PASSWORD","IDCARD","FP","FACE"]}
2020-01-09 09:24:46,552 [59] INFO SiteLogger [(null)] - UpdateFKDeviceStatus -- 1
2020-01-09 09:24:46,563 [59] INFO SiteLogger [(null)] - UpdateFKDeviceStatus -- 2
2020-01-09 09:24:46,564 [59] INFO SiteLogger [(null)] - ReceiveCmd -- 4
2020-01-09 09:24:46,574 [59] INFO SiteLogger [(null)] - ReceiveCmd -- 5
2020-01-09 09:24:46,575 [59] INFO SiteLogger [(null)] - ReceiveCmd -- 5 - no cmd
2020-01-09 09:24:46,575 [59] INFO SiteLogger [(null)] - ReceiveCmd -- 11
2020-01-09 09:24:46,575 [59] INFO SiteLogger [(null)] - Page_Load - receive_cmd -- 4
2020-01-09 09:24:46,576 [59] INFO SiteLogger [(null)] - Page_Load - receive_cmd -- 5
2020-01-09 09:24:48,997 [31] INFO SiteLogger [(null)] - Contructor -- 0 - Conn:server=120.24.222.15;uid=sa;pwd=123456@hysoon;database=StandAttDB;Min Pool Size=0;Max Pool Size=512;Pooling=true;
2020-01-09 09:24:48,999 [31] INFO SiteLogger [(null)] - Page_Load -- **************** sRequestCode = receive_cmd dev_id=DC68B057639F7F37 trans_id=ReceiveCommandAction content_length=278
2020-01-09 09:24:49,000 [31] INFO SiteLogger [(null)] - Page_Load -- 1 - request_code : receive_cmd ,trans_id : ReceiveCommandAction
2020-01-09 09:24:49,000 [31] INFO SiteLogger [(null)] - Page_Load -- 3.4 - blk_no=0, blk_len=278
2020-01-09 09:24:49,000 [31] INFO SiteLogger [(null)] - Page_Load - receive_cmd -- 2
2020-01-09 09:24:49,000 [31] INFO SiteLogger [(null)] - Page_Load - receive_cmd -- 3 - DevName=fk_deviceLE, DevTime=20200109054431, DevInfo={"face_data_ver":528,"firmware":"ZLIF104HS10 V2.77 BS0C2","firmware_filename":"zlif104hs10_bs0c2_um","fk_bin_data_lib":"FKDataHS101","fp_data_ver":128,"supported_enroll_data":["PASSWORD","IDCARD","FP","FACE"]}
2020-01-09 09:24:49,000 [31] INFO SiteLogger [(null)] - ReceiveCmd -- 0 - Start
2020-01-09 09:24:49,000 [31] INFO SiteLogger [(null)] - ReceiveCmd -- 1 - Db connected
2020-01-09 09:24:49,000 [31] INFO SiteLogger [(null)] - ReceiveCmd -- 2
2020-01-09 09:24:49,000 [31] INFO SiteLogger [(null)] - CheckResetCmd -- 0 - dev_id:DC68B057639F7F37
2020-01-09 09:24:49,000 [31] INFO SiteLogger [(null)] - CheckResetCmd -- 1
2020-01-09 09:24:49,016 [31] INFO SiteLogger [(null)] - CheckResetCmd -- 2 - trans_id:
2020-01-09 09:24:49,016 [31] INFO SiteLogger [(null)] - CheckResetCmd -- 3
2020-01-09 09:24:49,016 [31] INFO SiteLogger [(null)] - ReceiveCmd -- 3
2020-01-09 09:24:49,016 [31] INFO SiteLogger [(null)] - UpdateFKDeviceStatus -- 0 - DevTime:20200109054431, DevId:DC68B057639F7F37, DevName:fk_deviceLE, DevInfo:{"face_data_ver":528,"firmware":"ZLIF104HS10 V2.77 BS0C2","firmware_filename":"zlif104hs10_bs0c2_um","fk_bin_data_lib":"FKDataHS101","fp_data_ver":128,"supported_enroll_data":["PASSWORD","IDCARD","FP","FACE"]}
2020-01-09 09:24:49,016 [31] INFO SiteLogger [(null)] - UpdateFKDeviceStatus -- 1
2020-01-09 09:24:49,031 [31] INFO SiteLogger [(null)] - UpdateFKDeviceStatus -- 2
2020-01-09 09:24:49,031 [31] INFO SiteLogger [(null)] - ReceiveCmd -- 4
2020-01-09 09:24:49,054 [31] INFO SiteLogger [(null)] - ReceiveCmd -- 5
2020-01-09 09:24:49,054 [31] INFO SiteLogger [(null)] - ReceiveCmd -- 5 - no cmd
2020-01-09 09:24:49,055 [31] INFO SiteLogger [(null)] - ReceiveCmd -- 11
2020-01-09 09:24:49,055 [31] INFO SiteLogger [(null)] - Page_Load - receive_cmd -- 4
2020-01-09 09:24:49,056 [31] INFO SiteLogger [(null)] - Page_Load - receive_cmd -- 5
2020-01-09 09:24:52,091 [27] INFO SiteLogger [(null)] - Contructor -- 0 - Conn:server=120.24.222.15;uid=sa;pwd=123456@hysoon;database=StandAttDB;Min Pool Size=0;Max Pool Size=512;Pooling=true;
2020-01-09 09:24:52,093 [27] INFO SiteLogger [(null)] - Page_Load -- **************** sRequestCode = receive_cmd dev_id=DC68B057639F7F37 trans_id=ReceiveCommandAction content_length=278
2020-01-09 09:24:52,094 [27] INFO SiteLogger [(null)] - Page_Load -- 1 - request_code : receive_cmd ,trans_id : ReceiveCommandAction
2020-01-09 09:24:52,095 [27] INFO SiteLogger [(null)] - Page_Load -- 3.4 - blk_no=0, blk_len=278
2020-01-09 09:24:52,097 [27] INFO SiteLogger [(null)] - Page_Load - receive_cmd -- 2
2020-01-09 09:24:52,098 [27] INFO SiteLogger [(null)] - Page_Load - receive_cmd -- 3 - DevName=fk_deviceLE, DevTime=20200109054434, DevInfo={"face_data_ver":528,"firmware":"ZLIF104HS10 V2.77 BS0C2","firmware_filename":"zlif104hs10_bs0c2_um","fk_bin_data_lib":"FKDataHS101","fp_data_ver":128,"supported_enroll_data":["PASSWORD","IDCARD","FP","FACE"]}
2020-01-09 09:24:52,099 [27] INFO SiteLogger [(null)] - ReceiveCmd -- 0 - Start
2020-01-09 09:24:52,101 [27] INFO SiteLogger [(null)] - ReceiveCmd -- 1 - Db connected
2020-01-09 09:24:52,102 [27] INFO SiteLogger [(null)] - ReceiveCmd -- 2
2020-01-09 09:24:52,104 [27] INFO SiteLogger [(null)] - CheckResetCmd -- 0 - dev_id:DC68B057639F7F37
2020-01-09 09:24:52,105 [27] INFO SiteLogger [(null)] - CheckResetCmd -- 1
2020-01-09 09:24:52,115 [27] INFO SiteLogger [(null)] - CheckResetCmd -- 2 - trans_id:
2020-01-09 09:24:52,116 [27] INFO SiteLogger [(null)] - CheckResetCmd -- 3
2020-01-09 09:24:52,117 [27] INFO SiteLogger [(null)] - ReceiveCmd -- 3
2020-01-09 09:24:52,117 [27] INFO SiteLogger [(null)] - UpdateFKDeviceStatus -- 0 - DevTime:20200109054434, DevId:DC68B057639F7F37, DevName:fk_deviceLE, DevInfo:{"face_data_ver":528,"firmware":"ZLIF104HS10 V2.77 BS0C2","firmware_filename":"zlif104hs10_bs0c2_um","fk_bin_data_lib":"FKDataHS101","fp_data_ver":128,"supported_enroll_data":["PASSWORD","IDCARD","FP","FACE"]}
2020-01-09 09:24:52,118 [27] INFO SiteLogger [(null)] - UpdateFKDeviceStatus -- 1
2020-01-09 09:24:52,129 [27] INFO SiteLogger [(null)] - UpdateFKDeviceStatus -- 2
2020-01-09 09:24:52,130 [27] INFO SiteLogger [(null)] - ReceiveCmd -- 4
2020-01-09 09:24:52,141 [27] INFO SiteLogger [(null)] - ReceiveCmd -- 5
2020-01-09 09:24:52,142 [27] INFO SiteLogger [(null)] - ReceiveCmd -- 5 - no cmd
2020-01-09 09:24:52,142 [27] INFO SiteLogger [(null)] - ReceiveCmd -- 11
2020-01-09 09:24:52,143 [27] INFO SiteLogger [(null)] - Page_Load - receive_cmd -- 4
2020-01-09 09:24:52,144 [27] INFO SiteLogger [(null)] - Page_Load - receive_cmd -- 5
2020-01-09 09:24:54,867 [40] INFO SiteLogger [(null)] - Contructor -- 0 - Conn:server=120.24.222.15;uid=sa;pwd=123456@hysoon;database=StandAttDB;Min Pool Size=0;Max Pool Size=512;Pooling=true;
2020-01-09 09:24:54,868 [40] INFO SiteLogger [(null)] - Page_Load -- **************** sRequestCode = receive_cmd dev_id=DC68B057639F7F37 trans_id=ReceiveCommandAction content_length=278
2020-01-09 09:24:54,868 [40] INFO SiteLogger [(null)] - Page_Load -- 1 - request_code : receive_cmd ,trans_id : ReceiveCommandAction
2020-01-09 09:24:54,868 [40] INFO SiteLogger [(null)] - Page_Load -- 3.4 - blk_no=0, blk_len=278
2020-01-09 09:24:54,869 [40] INFO SiteLogger [(null)] - Page_Load - receive_cmd -- 2
2020-01-09 09:24:54,870 [40] INFO SiteLogger [(null)] - Page_Load - receive_cmd -- 3 - DevName=fk_deviceLE, DevTime=20200109054437, DevInfo={"face_data_ver":528,"firmware":"ZLIF104HS10 V2.77 BS0C2","firmware_filename":"zlif104hs10_bs0c2_um","fk_bin_data_lib":"FKDataHS101","fp_data_ver":128,"supported_enroll_data":["PASSWORD","IDCARD","FP","FACE"]}
2020-01-09 09:24:54,871 [40] INFO SiteLogger [(null)] - ReceiveCmd -- 0 - Start
2020-01-09 09:24:54,872 [40] INFO SiteLogger [(null)] - ReceiveCmd -- 1 - Db connected
2020-01-09 09:24:54,872 [40] INFO SiteLogger [(null)] - ReceiveCmd -- 2
2020-01-09 09:24:54,873 [40] INFO SiteLogger [(null)] - CheckResetCmd -- 0 - dev_id:DC68B057639F7F37
2020-01-09 09:24:54,874 [40] INFO SiteLogger [(null)] - CheckResetCmd -- 1
2020-01-09 09:24:54,874 [40] INFO SiteLogger [(null)] - CheckResetCmd -- 2 - trans_id:
2020-01-09 09:24:54,874 [40] INFO SiteLogger [(null)] - CheckResetCmd -- 3
2020-01-09 09:24:54,874 [40] INFO SiteLogger [(null)] - ReceiveCmd -- 3
2020-01-09 09:24:54,874 [40] INFO SiteLogger [(null)] - UpdateFKDeviceStatus -- 0 - DevTime:20200109054437, DevId:DC68B057639F7F37, DevName:fk_deviceLE, DevInfo:{"face_data_ver":528,"firmware":"ZLIF104HS10 V2.77 BS0C2","firmware_filename":"zlif104hs10_bs0c2_um","fk_bin_data_lib":"FKDataHS101","fp_data_ver":128,"supported_enroll_data":["PASSWORD","IDCARD","FP","FACE"]}
2020-01-09 09:24:54,874 [40] INFO SiteLogger [(null)] - UpdateFKDeviceStatus -- 1
2020-01-09 09:24:54,890 [40] INFO SiteLogger [(null)] - UpdateFKDeviceStatus -- 2
2020-01-09 09:24:54,906 [40] INFO SiteLogger [(null)] - ReceiveCmd -- 4
2020-01-09 09:24:54,906 [40] INFO SiteLogger [(null)] - ReceiveCmd -- 5
2020-01-09 09:24:54,906 [40] INFO SiteLogger [(null)] - ReceiveCmd -- 6 - trans_id:712cmd_code:CLEAR_MANAGER
2020-01-09 09:24:54,906 [40] INFO SiteLogger [(null)] - ReceiveCmd -- 11
2020-01-09 09:24:54,922 [40] INFO SiteLogger [(null)] - Page_Load - receive_cmd -- 4
2020-01-09 09:24:54,923 [40] INFO SiteLogger [(null)] - Page_Load - receive_cmd -- 5
2020-01-09 09:24:54,933 [8] INFO SiteLogger [(null)] - Contructor -- 0 - Conn:server=120.24.222.15;uid=sa;pwd=123456@hysoon;database=StandAttDB;Min Pool Size=0;Max Pool Size=512;Pooling=true;
2020-01-09 09:24:54,935 [8] INFO SiteLogger [(null)] - Page_Load -- **************** sRequestCode = send_cmd_result dev_id=DC68B057639F7F37 trans_id=712 content_length=0
2020-01-09 09:24:54,936 [8] INFO SiteLogger [(null)] - Page_Load -- 1 - request_code : send_cmd_result ,trans_id : 712
2020-01-09 09:24:54,937 [8] INFO SiteLogger [(null)] - Page_Load -- 3.4 - blk_no=0, blk_len=0
2020-01-09 09:24:54,938 [8] INFO SiteLogger [(null)] - Page_Load - send_cmd_result -- 1
2020-01-09 09:24:54,939 [8] INFO SiteLogger [(null)] - Page_Load - send_cmd_result -- 2 - trans_id:712
2020-01-09 09:24:54,940 [8] INFO SiteLogger [(null)] - CheckResetCmd -- 0 - dev_id:DC68B057639F7F37
2020-01-09 09:24:54,941 [8] INFO SiteLogger [(null)] - CheckResetCmd -- 1
2020-01-09 09:24:54,952 [8] INFO SiteLogger [(null)] - CheckResetCmd -- 2 - trans_id:
2020-01-09 09:24:54,953 [8] INFO SiteLogger [(null)] - CheckResetCmd -- 3
2020-01-09 09:24:54,954 [8] INFO SiteLogger [(null)] - IsCancelledCmd -- 0 - dev_id:DC68B057639F7F37trans_id:712
2020-01-09 09:24:54,955 [8] INFO SiteLogger [(null)] - IsCancelledCmd -- 1
2020-01-09 09:24:54,956 [8] INFO SiteLogger [(null)] - IsCancelledCmd -- 1.1
2020-01-09 09:24:54,966 [8] INFO SiteLogger [(null)] - IsCancelledCmd -- 2 - status:
2020-01-09 09:24:54,967 [8] INFO SiteLogger [(null)] - IsCancelledCmd -- 3
2020-01-09 09:24:54,968 [8] INFO SiteLogger [(null)] - Page_Load - send_cmd_result -- 3
2020-01-09 09:24:54,968 [8] INFO SiteLogger [(null)] - SetCmdResult -- 0 - trans_id:712, dev_id:DC68B057639F7F37
2020-01-09 09:24:54,969 [8] INFO SiteLogger [(null)] - SetCmdResult -- 1
2020-01-09 09:24:54,969 [8] INFO SiteLogger [(null)] - SetCmdResult -- 2
2020-01-09 09:24:54,969 [8] INFO SiteLogger [(null)] - SaveCmdResultLogData -- 1
2020-01-09 09:24:54,969 [8] INFO SiteLogger [(null)] - SaveCmdResultLogData -- 2
2020-01-09 09:24:54,973 [8] INFO SiteLogger [(null)] - SaveCmdResultSLogData -- 1
2020-01-09 09:24:54,973 [8] INFO SiteLogger [(null)] - SaveCmdResultSLogData -- 2
2020-01-09 09:24:54,989 [8] INFO SiteLogger [(null)] - SaveUserIdList -- 1
2020-01-09 09:24:54,989 [8] INFO SiteLogger [(null)] - SaveUserIdList -- 2 astrans_id = 712
2020-01-09 09:24:54,989 [8] INFO SiteLogger [(null)] - SaveUserIdList -- 2-1 astrans_id = 712
2020-01-09 09:24:54,989 [8] INFO SiteLogger [(null)] - GetDeviceStatus -- 1
2020-01-09 09:24:54,989 [8] INFO SiteLogger [(null)] - GetDeviceStatus -- 2
2020-01-09 09:24:55,025 [8] INFO SiteLogger [(null)] - SetCmdResult -- 3
2020-01-09 09:24:55,026 [8] INFO SiteLogger [(null)] - Page_Load - send_cmd_result -- 4
2020-01-09 09:24:55,026 [8] INFO SiteLogger [(null)] - Page_Load - send_cmd_result -- 5
2020-01-09 09:24:55,334 [45] INFO SiteLogger [(null)] - Contructor -- 0 - Conn:server=120.24.222.15;uid=sa;pwd=123456@hysoon;database=StandAttDB;Min Pool Size=0;Max Pool Size=512;Pooling=true;
2020-01-09 09:24:55,335 [45] INFO SiteLogger [(null)] - Page_Load -- **************** sRequestCode = receive_cmd dev_id=DC68B057639F7F37 trans_id=ReceiveCommandAction content_length=278
2020-01-09 09:24:55,335 [45] INFO SiteLogger [(null)] - Page_Load -- 1 - request_code : receive_cmd ,trans_id : ReceiveCommandAction
2020-01-09 09:24:55,336 [45] INFO SiteLogger [(null)] - Page_Load -- 3.4 - blk_no=0, blk_len=278
2020-01-09 09:24:55,336 [45] INFO SiteLogger [(null)] - Page_Load - receive_cmd -- 2
2020-01-09 09:24:55,336 [45] INFO SiteLogger [(null)] - Page_Load - receive_cmd -- 3 - DevName=fk_deviceLE, DevTime=20200109054437, DevInfo={"face_data_ver":528,"firmware":"ZLIF104HS10 V2.77 BS0C2","firmware_filename":"zlif104hs10_bs0c2_um","fk_bin_data_lib":"FKDataHS101","fp_data_ver":128,"supported_enroll_data":["PASSWORD","IDCARD","FP","FACE"]}
2020-01-09 09:24:55,337 [45] INFO SiteLogger [(null)] - ReceiveCmd -- 0 - Start
2020-01-09 09:24:55,375 [45] INFO SiteLogger [(null)] - ReceiveCmd -- 1 - Db connected
2020-01-09 09:24:55,378 [45] INFO SiteLogger [(null)] - ReceiveCmd -- 2
2020-01-09 09:24:55,379 [45] INFO SiteLogger [(null)] - CheckResetCmd -- 0 - dev_id:DC68B057639F7F37
2020-01-09 09:24:55,379 [45] INFO SiteLogger [(null)] - CheckResetCmd -- 1
2020-01-09 09:24:55,396 [45] INFO SiteLogger [(null)] - CheckResetCmd -- 2 - trans_id:
2020-01-09 09:24:55,397 [45] INFO SiteLogger [(null)] - CheckResetCmd -- 3
2020-01-09 09:24:55,397 [45] INFO SiteLogger [(null)] - ReceiveCmd -- 3
2020-01-09 09:24:55,398 [45] INFO SiteLogger [(null)] - UpdateFKDeviceStatus -- 0 - DevTime:20200109054437, DevId:DC68B057639F7F37, DevName:fk_deviceLE, DevInfo:{"face_data_ver":528,"firmware":"ZLIF104HS10 V2.77 BS0C2","firmware_filename":"zlif104hs10_bs0c2_um","fk_bin_data_lib":"FKDataHS101","fp_data_ver":128,"supported_enroll_data":["PASSWORD","IDCARD","FP","FACE"]}
2020-01-09 09:24:55,398 [45] INFO SiteLogger [(null)] - UpdateFKDeviceStatus -- 1
2020-01-09 09:24:55,410 [45] INFO SiteLogger [(null)] - UpdateFKDeviceStatus -- 2
2020-01-09 09:24:55,411 [45] INFO SiteLogger [(null)] - ReceiveCmd -- 4
2020-01-09 09:24:55,421 [45] INFO SiteLogger [(null)] - ReceiveCmd -- 5
2020-01-09 09:24:55,422 [45] INFO SiteLogger [(null)] - ReceiveCmd -- 5 - no cmd
2020-01-09 09:24:55,422 [45] INFO SiteLogger [(null)] - ReceiveCmd -- 11
2020-01-09 09:24:55,423 [45] INFO SiteLogger [(null)] - Page_Load - receive_cmd -- 4
2020-01-09 09:24:55,423 [45] INFO SiteLogger [(null)] - Page_Load - receive_cmd -- 5
2020-01-09 09:24:57,843 [22] INFO SiteLogger [(null)] - Contructor -- 0 - Conn:server=120.24.222.15;uid=sa;pwd=123456@hysoon;database=StandAttDB;Min Pool Size=0;Max Pool Size=512;Pooling=true;
2020-01-09 09:24:57,844 [22] INFO SiteLogger [(null)] - Page_Load -- **************** sRequestCode = receive_cmd dev_id=DC68B057639F7F37 trans_id=ReceiveCommandAction content_length=278
2020-01-09 09:24:57,845 [22] INFO SiteLogger [(null)] - Page_Load -- 1 - request_code : receive_cmd ,trans_id : ReceiveCommandAction
2020-01-09 09:24:57,845 [22] INFO SiteLogger [(null)] - Page_Load -- 3.4 - blk_no=0, blk_len=278
2020-01-09 09:24:57,846 [22] INFO SiteLogger [(null)] - Page_Load - receive_cmd -- 2
2020-01-09 09:24:57,847 [22] INFO SiteLogger [(null)] - Page_Load - receive_cmd -- 3 - DevName=fk_deviceLE, DevTime=20200109054440, DevInfo={"face_data_ver":528,"firmware":"ZLIF104HS10 V2.77 BS0C2","firmware_filename":"zlif104hs10_bs0c2_um","fk_bin_data_lib":"FKDataHS101","fp_data_ver":128,"supported_enroll_data":["PASSWORD","IDCARD","FP","FACE"]}
2020-01-09 09:24:57,847 [22] INFO SiteLogger [(null)] - ReceiveCmd -- 0 - Start
2020-01-09 09:24:57,848 [22] INFO SiteLogger [(null)] - ReceiveCmd -- 1 - Db connected
2020-01-09 09:24:57,849 [22] INFO SiteLogger [(null)] - ReceiveCmd -- 2
2020-01-09 09:24:57,849 [22] INFO SiteLogger [(null)] - CheckResetCmd -- 0 - dev_id:DC68B057639F7F37
2020-01-09 09:24:57,850 [22] INFO SiteLogger [(null)] - CheckResetCmd -- 1
2020-01-09 09:24:57,860 [22] INFO SiteLogger [(null)] - CheckResetCmd -- 2 - trans_id:
2020-01-09 09:24:57,861 [22] INFO SiteLogger [(null)] - CheckResetCmd -- 3
2020-01-09 09:24:57,861 [22] INFO SiteLogger [(null)] - ReceiveCmd -- 3
2020-01-09 09:24:57,862 [22] INFO SiteLogger [(null)] - UpdateFKDeviceStatus -- 0 - DevTime:20200109054440, DevId:DC68B057639F7F37, DevName:fk_deviceLE, DevInfo:{"face_data_ver":528,"firmware":"ZLIF104HS10 V2.77 BS0C2","firmware_filename":"zlif104hs10_bs0c2_um","fk_bin_data_lib":"FKDataHS101","fp_data_ver":128,"supported_enroll_data":["PASSWORD","IDCARD","FP","FACE"]}
2020-01-09 09:24:57,863 [22] INFO SiteLogger [(null)] - UpdateFKDeviceStatus -- 1
2020-01-09 09:24:57,874 [22] INFO SiteLogger [(null)] - UpdateFKDeviceStatus -- 2
2020-01-09 09:24:57,875 [22] INFO SiteLogger [(null)] - ReceiveCmd -- 4
2020-01-09 09:24:57,887 [22] INFO SiteLogger [(null)] - ReceiveCmd -- 5
2020-01-09 09:24:57,888 [22] INFO SiteLogger [(null)] - ReceiveCmd -- 6 - trans_id:713cmd_code:CLEAR_MANAGER
2020-01-09 09:24:57,888 [22] INFO SiteLogger [(null)] - ReceiveCmd -- 11
2020-01-09 09:24:57,888 [22] INFO SiteLogger [(null)] - Page_Load - receive_cmd -- 4
2020-01-09 09:24:57,889 [22] INFO SiteLogger [(null)] - Page_Load - receive_cmd -- 5
2020-01-09 09:24:57,899 [27] INFO SiteLogger [(null)] - Contructor -- 0 - Conn:server=120.24.222.15;uid=sa;pwd=123456@hysoon;database=StandAttDB;Min Pool Size=0;Max Pool Size=512;Pooling=true;
2020-01-09 09:24:57,899 [27] INFO SiteLogger [(null)] - Page_Load -- **************** sRequestCode = send_cmd_result dev_id=DC68B057639F7F37 trans_id=713 content_length=0
2020-01-09 09:24:57,899 [27] INFO SiteLogger [(null)] - Page_Load -- 1 - request_code : send_cmd_result ,trans_id : 713
2020-01-09 09:24:57,900 [27] INFO SiteLogger [(null)] - Page_Load -- 3.4 - blk_no=0, blk_len=0
2020-01-09 09:24:57,900 [27] INFO SiteLogger [(null)] - Page_Load - send_cmd_result -- 1
2020-01-09 09:24:57,901 [27] INFO SiteLogger [(null)] - Page_Load - send_cmd_result -- 2 - trans_id:713
2020-01-09 09:24:57,901 [27] INFO SiteLogger [(null)] - CheckResetCmd -- 0 - dev_id:DC68B057639F7F37
2020-01-09 09:24:57,901 [27] INFO SiteLogger [(null)] - CheckResetCmd -- 1
2020-01-09 09:24:57,912 [27] INFO SiteLogger [(null)] - CheckResetCmd -- 2 - trans_id:
2020-01-09 09:24:57,912 [27] INFO SiteLogger [(null)] - CheckResetCmd -- 3
2020-01-09 09:24:57,913 [27] INFO SiteLogger [(null)] - IsCancelledCmd -- 0 - dev_id:DC68B057639F7F37trans_id:713
2020-01-09 09:24:57,913 [27] INFO SiteLogger [(null)] - IsCancelledCmd -- 1
2020-01-09 09:24:57,914 [27] INFO SiteLogger [(null)] - IsCancelledCmd -- 1.1
2020-01-09 09:24:57,924 [27] INFO SiteLogger [(null)] - IsCancelledCmd -- 2 - status:
2020-01-09 09:24:57,925 [27] INFO SiteLogger [(null)] - IsCancelledCmd -- 3
2020-01-09 09:24:57,925 [27] INFO SiteLogger [(null)] - Page_Load - send_cmd_result -- 3
2020-01-09 09:24:57,926 [27] INFO SiteLogger [(null)] - SetCmdResult -- 0 - trans_id:713, dev_id:DC68B057639F7F37
2020-01-09 09:24:57,926 [27] INFO SiteLogger [(null)] - SetCmdResult -- 1
2020-01-09 09:24:57,927 [27] INFO SiteLogger [(null)] - SetCmdResult -- 2
2020-01-09 09:24:57,927 [27] INFO SiteLogger [(null)] - SaveCmdResultLogData -- 1
2020-01-09 09:24:57,927 [27] INFO SiteLogger [(null)] - SaveCmdResultLogData -- 2
2020-01-09 09:24:57,938 [27] INFO SiteLogger [(null)] - SaveCmdResultSLogData -- 1
2020-01-09 09:24:57,938 [27] INFO SiteLogger [(null)] - SaveCmdResultSLogData -- 2
2020-01-09 09:24:57,949 [27] INFO SiteLogger [(null)] - SaveUserIdList -- 1
2020-01-09 09:24:57,950 [27] INFO SiteLogger [(null)] - SaveUserIdList -- 2 astrans_id = 713
2020-01-09 09:24:57,961 [27] INFO SiteLogger [(null)] - SaveUserIdList -- 2-1 astrans_id = 713
2020-01-09 09:24:57,963 [27] INFO SiteLogger [(null)] - GetDeviceStatus -- 1
2020-01-09 09:24:57,964 [27] INFO SiteLogger [(null)] - GetDeviceStatus -- 2
2020-01-09 09:24:57,977 [27] INFO SiteLogger [(null)] - SetCmdResult -- 3
2020-01-09 09:24:57,977 [27] INFO SiteLogger [(null)] - Page_Load - send_cmd_result -- 4
2020-01-09 09:24:57,992 [27] INFO SiteLogger [(null)] - Page_Load - send_cmd_result -- 5
2020-01-09 09:24:58,301 [40] INFO SiteLogger [(null)] - Contructor -- 0 - Conn:server=120.24.222.15;uid=sa;pwd=123456@hysoon;database=StandAttDB;Min Pool Size=0;Max Pool Size=512;Pooling=true;
2020-01-09 09:24:58,302 [40] INFO SiteLogger [(null)] - Page_Load -- **************** sRequestCode = receive_cmd dev_id=DC68B057639F7F37 trans_id=ReceiveCommandAction content_length=278
2020-01-09 09:24:58,303 [40] INFO SiteLogger [(null)] - Page_Load -- 1 - request_code : receive_cmd ,trans_id : ReceiveCommandAction
2020-01-09 09:24:58,304 [40] INFO SiteLogger [(null)] - Page_Load -- 3.4 - blk_no=0, blk_len=278
2020-01-09 09:24:58,305 [40] INFO SiteLogger [(null)] - Page_Load - receive_cmd -- 2
2020-01-09 09:24:58,306 [40] INFO SiteLogger [(null)] - Page_Load - receive_cmd -- 3 - DevName=fk_deviceLE, DevTime=20200109054440, DevInfo={"face_data_ver":528,"firmware":"ZLIF104HS10 V2.77 BS0C2","firmware_filename":"zlif104hs10_bs0c2_um","fk_bin_data_lib":"FKDataHS101","fp_data_ver":128,"supported_enroll_data":["PASSWORD","IDCARD","FP","FACE"]}
2020-01-09 09:24:58,307 [40] INFO SiteLogger [(null)] - ReceiveCmd -- 0 - Start
2020-01-09 09:24:58,338 [40] INFO SiteLogger [(null)] - ReceiveCmd -- 1 - Db connected
2020-01-09 09:24:58,338 [40] INFO SiteLogger [(null)] - ReceiveCmd -- 2
2020-01-09 09:24:58,338 [40] INFO SiteLogger [(null)] - CheckResetCmd -- 0 - dev_id:DC68B057639F7F37
2020-01-09 09:24:58,338 [40] INFO SiteLogger [(null)] - CheckResetCmd -- 1
2020-01-09 09:24:58,359 [40] INFO SiteLogger [(null)] - CheckResetCmd -- 2 - trans_id:
2020-01-09 09:24:58,360 [40] INFO SiteLogger [(null)] - CheckResetCmd -- 3
2020-01-09 09:24:58,360 [40] INFO SiteLogger [(null)] - ReceiveCmd -- 3
2020-01-09 09:24:58,361 [40] INFO SiteLogger [(null)] - UpdateFKDeviceStatus -- 0 - DevTime:20200109054440, DevId:DC68B057639F7F37, DevName:fk_deviceLE, DevInfo:{"face_data_ver":528,"firmware":"ZLIF104HS10 V2.77 BS0C2","firmware_filename":"zlif104hs10_bs0c2_um","fk_bin_data_lib":"FKDataHS101","fp_data_ver":128,"supported_enroll_data":["PASSWORD","IDCARD","FP","FACE"]}
2020-01-09 09:24:58,361 [40] INFO SiteLogger [(null)] - UpdateFKDeviceStatus -- 1
2020-01-09 09:24:58,372 [40] INFO SiteLogger [(null)] - UpdateFKDeviceStatus -- 2
2020-01-09 09:24:58,373 [40] INFO SiteLogger [(null)] - ReceiveCmd -- 4
2020-01-09 09:24:58,384 [40] INFO SiteLogger [(null)] - ReceiveCmd -- 5
2020-01-09 09:24:58,385 [40] INFO SiteLogger [(null)] - ReceiveCmd -- 5 - no cmd
2020-01-09 09:24:58,386 [40] INFO SiteLogger [(null)] - ReceiveCmd -- 11
2020-01-09 09:24:58,387 [40] INFO SiteLogger [(null)] - Page_Load - receive_cmd -- 4
2020-01-09 09:24:58,388 [40] INFO SiteLogger [(null)] - Page_Load - receive_cmd -- 5
2020-01-09 09:25:00,797 [40] INFO SiteLogger [(null)] - Contructor -- 0 - Conn:server=120.24.222.15;uid=sa;pwd=123456@hysoon;database=StandAttDB;Min Pool Size=0;Max Pool Size=512;Pooling=true;
2020-01-09 09:25:00,813 [40] INFO SiteLogger [(null)] - Page_Load -- **************** sRequestCode = receive_cmd dev_id=DC68B057639F7F37 trans_id=ReceiveCommandAction content_length=278
2020-01-09 09:25:00,813 [40] INFO SiteLogger [(null)] - Page_Load -- 1 - request_code : receive_cmd ,trans_id : ReceiveCommandAction
2020-01-09 09:25:00,813 [40] INFO SiteLogger [(null)] - Page_Load -- 3.4 - blk_no=0, blk_len=278
2020-01-09 09:25:00,813 [40] INFO SiteLogger [(null)] - Page_Load - receive_cmd -- 2
2020-01-09 09:25:00,813 [40] INFO SiteLogger [(null)] - Page_Load - receive_cmd -- 3 - DevName=fk_deviceLE, DevTime=20200109054443, DevInfo={"face_data_ver":528,"firmware":"ZLIF104HS10 V2.77 BS0C2","firmware_filename":"zlif104hs10_bs0c2_um","fk_bin_data_lib":"FKDataHS101","fp_data_ver":128,"supported_enroll_data":["PASSWORD","IDCARD","FP","FACE"]}
2020-01-09 09:25:00,813 [40] INFO SiteLogger [(null)] - ReceiveCmd -- 0 - Start
2020-01-09 09:25:00,813 [40] INFO SiteLogger [(null)] - ReceiveCmd -- 1 - Db connected
2020-01-09 09:25:00,813 [40] INFO SiteLogger [(null)] - ReceiveCmd -- 2
2020-01-09 09:25:00,813 [40] INFO SiteLogger [(null)] - CheckResetCmd -- 0 - dev_id:DC68B057639F7F37
2020-01-09 09:25:00,813 [40] INFO SiteLogger [(null)] - CheckResetCmd -- 1
2020-01-09 09:25:00,832 [40] INFO SiteLogger [(null)] - CheckResetCmd -- 2 - trans_id:
2020-01-09 09:25:00,833 [40] INFO SiteLogger [(null)] - CheckResetCmd -- 3
2020-01-09 09:25:00,834 [40] INFO SiteLogger [(null)] - ReceiveCmd -- 3
2020-01-09 09:25:00,834 [40] INFO SiteLogger [(null)] - UpdateFKDeviceStatus -- 0 - DevTime:20200109054443, DevId:DC68B057639F7F37, DevName:fk_deviceLE, DevInfo:{"face_data_ver":528,"firmware":"ZLIF104HS10 V2.77 BS0C2","firmware_filename":"zlif104hs10_bs0c2_um","fk_bin_data_lib":"FKDataHS101","fp_data_ver":128,"supported_enroll_data":["PASSWORD","IDCARD","FP","FACE"]}
2020-01-09 09:25:00,835 [40] INFO SiteLogger [(null)] - UpdateFKDeviceStatus -- 1
2020-01-09 09:25:00,847 [40] INFO SiteLogger [(null)] - UpdateFKDeviceStatus -- 2
2020-01-09 09:25:00,848 [40] INFO SiteLogger [(null)] - ReceiveCmd -- 4
2020-01-09 09:25:00,860 [40] INFO SiteLogger [(null)] - ReceiveCmd -- 5
2020-01-09 09:25:00,861 [40] INFO SiteLogger [(null)] - ReceiveCmd -- 5 - no cmd
2020-01-09 09:25:00,862 [40] INFO SiteLogger [(null)] - ReceiveCmd -- 11
2020-01-09 09:25:00,863 [40] INFO SiteLogger [(null)] - Page_Load - receive_cmd -- 4
2020-01-09 09:25:00,864 [40] INFO SiteLogger [(null)] - Page_Load - receive_cmd -- 5
2020-01-09 09:25:03,899 [58] INFO SiteLogger [(null)] - Contructor -- 0 - Conn:server=120.24.222.15;uid=sa;pwd=123456@hysoon;database=StandAttDB;Min Pool Size=0;Max Pool Size=512;Pooling=true;
2020-01-09 09:25:03,899 [58] INFO SiteLogger [(null)] - Page_Load -- **************** sRequestCode = receive_cmd dev_id=DC68B057639F7F37 trans_id=ReceiveCommandAction content_length=278
2020-01-09 09:25:03,899 [58] INFO SiteLogger [(null)] - Page_Load -- 1 - request_code : receive_cmd ,trans_id : ReceiveCommandAction
2020-01-09 09:25:03,899 [58] INFO SiteLogger [(null)] - Page_Load -- 3.4 - blk_no=0, blk_len=278
2020-01-09 09:25:03,899 [58] INFO SiteLogger [(null)] - Page_Load - receive_cmd -- 2
2020-01-09 09:25:03,899 [58] INFO SiteLogger [(null)] - Page_Load - receive_cmd -- 3 - DevName=fk_deviceLE, DevTime=20200109054446, DevInfo={"face_data_ver":528,"firmware":"ZLIF104HS10 V2.77 BS0C2","firmware_filename":"zlif104hs10_bs0c2_um","fk_bin_data_lib":"FKDataHS101","fp_data_ver":128,"supported_enroll_data":["PASSWORD","IDCARD","FP","FACE"]}
2020-01-09 09:25:03,899 [58] INFO SiteLogger [(null)] - ReceiveCmd -- 0 - Start
2020-01-09 09:25:03,899 [58] INFO SiteLogger [(null)] - ReceiveCmd -- 1 - Db connected
2020-01-09 09:25:03,899 [58] INFO SiteLogger [(null)] - ReceiveCmd -- 2
2020-01-09 09:25:03,899 [58] INFO SiteLogger [(null)] - CheckResetCmd -- 0 - dev_id:DC68B057639F7F37
2020-01-09 09:25:03,899 [58] INFO SiteLogger [(null)] - CheckResetCmd -- 1
2020-01-09 09:25:03,915 [58] INFO SiteLogger [(null)] - CheckResetCmd -- 2 - trans_id:
2020-01-09 09:25:03,915 [58] INFO SiteLogger [(null)] - CheckResetCmd -- 3
2020-01-09 09:25:03,915 [58] INFO SiteLogger [(null)] - ReceiveCmd -- 3
2020-01-09 09:25:03,915 [58] INFO SiteLogger [(null)] - UpdateFKDeviceStatus -- 0 - DevTime:20200109054446, DevId:DC68B057639F7F37, DevName:fk_deviceLE, DevInfo:{"face_data_ver":528,"firmware":"ZLIF104HS10 V2.77 BS0C2","firmware_filename":"zlif104hs10_bs0c2_um","fk_bin_data_lib":"FKDataHS101","fp_data_ver":128,"supported_enroll_data":["PASSWORD","IDCARD","FP","FACE"]}
2020-01-09 09:25:03,915 [58] INFO SiteLogger [(null)] - UpdateFKDeviceStatus -- 1
2020-01-09 09:25:03,943 [58] INFO SiteLogger [(null)] - UpdateFKDeviceStatus -- 2
2020-01-09 09:25:03,944 [58] INFO SiteLogger [(null)] - ReceiveCmd -- 4
2020-01-09 09:25:03,956 [58] INFO SiteLogger [(null)] - ReceiveCmd -- 5
2020-01-09 09:25:03,958 [58] INFO SiteLogger [(null)] - ReceiveCmd -- 5 - no cmd
2020-01-09 09:25:03,959 [58] INFO SiteLogger [(null)] - ReceiveCmd -- 11
2020-01-09 09:25:03,961 [58] INFO SiteLogger [(null)] - Page_Load - receive_cmd -- 4
2020-01-09 09:25:03,962 [58] INFO SiteLogger [(null)] - Page_Load - receive_cmd -- 5
2020-01-09 09:25:06,986 [58] INFO SiteLogger [(null)] - Contructor -- 0 - Conn:server=120.24.222.15;uid=sa;pwd=123456@hysoon;database=StandAttDB;Min Pool Size=0;Max Pool Size=512;Pooling=true;
2020-01-09 09:25:06,986 [58] INFO SiteLogger [(null)] - Page_Load -- **************** sRequestCode = receive_cmd dev_id=DC68B057639F7F37 trans_id=ReceiveCommandAction content_length=278
2020-01-09 09:25:06,986 [58] INFO SiteLogger [(null)] - Page_Load -- 1 - request_code : receive_cmd ,trans_id : ReceiveCommandAction
2020-01-09 09:25:06,986 [58] INFO SiteLogger [(null)] - Page_Load -- 3.4 - blk_no=0, blk_len=278
2020-01-09 09:25:06,986 [58] INFO SiteLogger [(null)] - Page_Load - receive_cmd -- 2
2020-01-09 09:25:06,986 [58] INFO SiteLogger [(null)] - Page_Load - receive_cmd -- 3 - DevName=fk_deviceLE, DevTime=20200109054449, DevInfo={"face_data_ver":528,"firmware":"ZLIF104HS10 V2.77 BS0C2","firmware_filename":"zlif104hs10_bs0c2_um","fk_bin_data_lib":"FKDataHS101","fp_data_ver":128,"supported_enroll_data":["PASSWORD","IDCARD","FP","FACE"]}
2020-01-09 09:25:06,986 [58] INFO SiteLogger [(null)] - ReceiveCmd -- 0 - Start
2020-01-09 09:25:06,986 [58] INFO SiteLogger [(null)] - ReceiveCmd -- 1 - Db connected
2020-01-09 09:25:06,986 [58] INFO SiteLogger [(null)] - ReceiveCmd -- 2
2020-01-09 09:25:06,986 [58] INFO SiteLogger [(null)] - CheckResetCmd -- 0 - dev_id:DC68B057639F7F37
2020-01-09 09:25:06,986 [58] INFO SiteLogger [(null)] - CheckResetCmd -- 1
2020-01-09 09:25:07,001 [58] INFO SiteLogger [(null)] - CheckResetCmd -- 2 - trans_id:
2020-01-09 09:25:07,001 [58] INFO SiteLogger [(null)] - CheckResetCmd -- 3
2020-01-09 09:25:07,001 [58] INFO SiteLogger [(null)] - ReceiveCmd -- 3
2020-01-09 09:25:07,001 [58] INFO SiteLogger [(null)] - UpdateFKDeviceStatus -- 0 - DevTime:20200109054449, DevId:DC68B057639F7F37, DevName:fk_deviceLE, DevInfo:{"face_data_ver":528,"firmware":"ZLIF104HS10 V2.77 BS0C2","firmware_filename":"zlif104hs10_bs0c2_um","fk_bin_data_lib":"FKDataHS101","fp_data_ver":128,"supported_enroll_data":["PASSWORD","IDCARD","FP","FACE"]}
2020-01-09 09:25:07,001 [58] INFO SiteLogger [(null)] - UpdateFKDeviceStatus -- 1
2020-01-09 09:25:07,017 [58] INFO SiteLogger [(null)] - UpdateFKDeviceStatus -- 2
2020-01-09 09:25:07,017 [58] INFO SiteLogger [(null)] - ReceiveCmd -- 4
2020-01-09 09:25:07,034 [58] INFO SiteLogger [(null)] - ReceiveCmd -- 5
2020-01-09 09:25:07,034 [58] INFO SiteLogger [(null)] - ReceiveCmd -- 5 - no cmd
2020-01-09 09:25:07,035 [58] INFO SiteLogger [(null)] - ReceiveCmd -- 11
2020-01-09 09:25:07,036 [58] INFO SiteLogger [(null)] - Page_Load - receive_cmd -- 4
2020-01-09 09:25:07,037 [58] INFO SiteLogger [(null)] - Page_Load - receive_cmd -- 5
2020-01-09 09:25:10,061 [8] INFO SiteLogger [(null)] - Contructor -- 0 - Conn:server=120.24.222.15;uid=sa;pwd=123456@hysoon;database=StandAttDB;Min Pool Size=0;Max Pool Size=512;Pooling=true;
2020-01-09 09:25:10,061 [8] INFO SiteLogger [(null)] - Page_Load -- **************** sRequestCode = receive_cmd dev_id=DC68B057639F7F37 trans_id=ReceiveCommandAction content_length=278
2020-01-09 09:25:10,062 [8] INFO SiteLogger [(null)] - Page_Load -- 1 - request_code : receive_cmd ,trans_id : ReceiveCommandAction
2020-01-09 09:25:10,062 [8] INFO SiteLogger [(null)] - Page_Load -- 3.4 - blk_no=0, blk_len=278
2020-01-09 09:25:10,062 [8] INFO SiteLogger [(null)] - Page_Load - receive_cmd -- 2
2020-01-09 09:25:10,062 [8] INFO SiteLogger [(null)] - Page_Load - receive_cmd -- 3 - DevName=fk_deviceLE, DevTime=20200109054452, DevInfo={"face_data_ver":528,"firmware":"ZLIF104HS10 V2.77 BS0C2","firmware_filename":"zlif104hs10_bs0c2_um","fk_bin_data_lib":"FKDataHS101","fp_data_ver":128,"supported_enroll_data":["PASSWORD","IDCARD","FP","FACE"]}
2020-01-09 09:25:10,063 [8] INFO SiteLogger [(null)] - ReceiveCmd -- 0 - Start
2020-01-09 09:25:10,063 [8] INFO SiteLogger [(null)] - ReceiveCmd -- 1 - Db connected
2020-01-09 09:25:10,063 [8] INFO SiteLogger [(null)] - ReceiveCmd -- 2
2020-01-09 09:25:10,063 [8] INFO SiteLogger [(null)] - CheckResetCmd -- 0 - dev_id:DC68B057639F7F37
2020-01-09 09:25:10,064 [8] INFO SiteLogger [(null)] - CheckResetCmd -- 1
2020-01-09 09:25:10,074 [8] INFO SiteLogger [(null)] - CheckResetCmd -- 2 - trans_id:
2020-01-09 09:25:10,075 [8] INFO SiteLogger [(null)] - CheckResetCmd -- 3
2020-01-09 09:25:10,075 [8] INFO SiteLogger [(null)] - ReceiveCmd -- 3
2020-01-09 09:25:10,076 [8] INFO SiteLogger [(null)] - UpdateFKDeviceStatus -- 0 - DevTime:20200109054452, DevId:DC68B057639F7F37, DevName:fk_deviceLE, DevInfo:{"face_data_ver":528,"firmware":"ZLIF104HS10 V2.77 BS0C2","firmware_filename":"zlif104hs10_bs0c2_um","fk_bin_data_lib":"FKDataHS101","fp_data_ver":128,"supported_enroll_data":["PASSWORD","IDCARD","FP","FACE"]}
2020-01-09 09:25:10,076 [8] INFO SiteLogger [(null)] - UpdateFKDeviceStatus -- 1
2020-01-09 09:25:10,087 [8] INFO SiteLogger [(null)] - UpdateFKDeviceStatus -- 2
2020-01-09 09:25:10,088 [8] INFO SiteLogger [(null)] - ReceiveCmd -- 4
2020-01-09 09:25:10,099 [8] INFO SiteLogger [(null)] - ReceiveCmd -- 5
2020-01-09 09:25:10,099 [8] INFO SiteLogger [(null)] - ReceiveCmd -- 5 - no cmd
2020-01-09 09:25:10,100 [8] INFO SiteLogger [(null)] - ReceiveCmd -- 11
2020-01-09 09:25:10,100 [8] INFO SiteLogger [(null)] - Page_Load - receive_cmd -- 4
2020-01-09 09:25:10,100 [8] INFO SiteLogger [(null)] - Page_Load - receive_cmd -- 5
2020-01-09 09:25:12,829 [27] INFO SiteLogger [(null)] - Contructor -- 0 - Conn:server=120.24.222.15;uid=sa;pwd=123456@hysoon;database=StandAttDB;Min Pool Size=0;Max Pool Size=512;Pooling=true;
2020-01-09 09:25:12,830 [27] INFO SiteLogger [(null)] - Page_Load -- **************** sRequestCode = receive_cmd dev_id=DC68B057639F7F37 trans_id=ReceiveCommandAction content_length=278
2020-01-09 09:25:12,831 [27] INFO SiteLogger [(null)] - Page_Load -- 1 - request_code : receive_cmd ,trans_id : ReceiveCommandAction
2020-01-09 09:25:12,831 [27] INFO SiteLogger [(null)] - Page_Load -- 3.4 - blk_no=0, blk_len=278
2020-01-09 09:25:12,832 [27] INFO SiteLogger [(null)] - Page_Load - receive_cmd -- 2
2020-01-09 09:25:12,833 [27] INFO SiteLogger [(null)] - Page_Load - receive_cmd -- 3 - DevName=fk_deviceLE, DevTime=20200109054455, DevInfo={"face_data_ver":528,"firmware":"ZLIF104HS10 V2.77 BS0C2","firmware_filename":"zlif104hs10_bs0c2_um","fk_bin_data_lib":"FKDataHS101","fp_data_ver":128,"supported_enroll_data":["PASSWORD","IDCARD","FP","FACE"]}
2020-01-09 09:25:12,833 [27] INFO SiteLogger [(null)] - ReceiveCmd -- 0 - Start
2020-01-09 09:25:12,834 [27] INFO SiteLogger [(null)] - ReceiveCmd -- 1 - Db connected
2020-01-09 09:25:12,835 [27] INFO SiteLogger [(null)] - ReceiveCmd -- 2
2020-01-09 09:25:12,835 [27] INFO SiteLogger [(null)] - CheckResetCmd -- 0 - dev_id:DC68B057639F7F37
2020-01-09 09:25:12,836 [27] INFO SiteLogger [(null)] - CheckResetCmd -- 1
2020-01-09 09:25:12,847 [27] INFO SiteLogger [(null)] - CheckResetCmd -- 2 - trans_id:
2020-01-09 09:25:12,848 [27] INFO SiteLogger [(null)] - CheckResetCmd -- 3
2020-01-09 09:25:12,849 [27] INFO SiteLogger [(null)] - ReceiveCmd -- 3
2020-01-09 09:25:12,849 [27] INFO SiteLogger [(null)] - UpdateFKDeviceStatus -- 0 - DevTime:20200109054455, DevId:DC68B057639F7F37, DevName:fk_deviceLE, DevInfo:{"face_data_ver":528,"firmware":"ZLIF104HS10 V2.77 BS0C2","firmware_filename":"zlif104hs10_bs0c2_um","fk_bin_data_lib":"FKDataHS101","fp_data_ver":128,"supported_enroll_data":["PASSWORD","IDCARD","FP","FACE"]}
2020-01-09 09:25:12,850 [27] INFO SiteLogger [(null)] - UpdateFKDeviceStatus -- 1
2020-01-09 09:25:12,862 [27] INFO SiteLogger [(null)] - UpdateFKDeviceStatus -- 2
2020-01-09 09:25:12,863 [27] INFO SiteLogger [(null)] - ReceiveCmd -- 4
2020-01-09 09:25:12,875 [27] INFO SiteLogger [(null)] - ReceiveCmd -- 5
2020-01-09 09:25:12,876 [27] INFO SiteLogger [(null)] - ReceiveCmd -- 5 - no cmd
2020-01-09 09:25:12,876 [27] INFO SiteLogger [(null)] - ReceiveCmd -- 11
2020-01-09 09:25:12,877 [27] INFO SiteLogger [(null)] - Page_Load - receive_cmd -- 4
2020-01-09 09:25:12,878 [27] INFO SiteLogger [(null)] - Page_Load - receive_cmd -- 5
2020-01-09 09:25:15,910 [45] INFO SiteLogger [(null)] - Contructor -- 0 - Conn:server=120.24.222.15;uid=sa;pwd=123456@hysoon;database=StandAttDB;Min Pool Size=0;Max Pool Size=512;Pooling=true;
2020-01-09 09:25:15,911 [45] INFO SiteLogger [(null)] - Page_Load -- **************** sRequestCode = receive_cmd dev_id=DC68B057639F7F37 trans_id=ReceiveCommandAction content_length=278
2020-01-09 09:25:15,911 [45] INFO SiteLogger [(null)] - Page_Load -- 1 - request_code : receive_cmd ,trans_id : ReceiveCommandAction
2020-01-09 09:25:15,911 [45] INFO SiteLogger [(null)] - Page_Load -- 3.4 - blk_no=0, blk_len=278
2020-01-09 09:25:15,912 [45] INFO SiteLogger [(null)] - Page_Load - receive_cmd -- 2
2020-01-09 09:25:15,912 [45] INFO SiteLogger [(null)] - Page_Load - receive_cmd -- 3 - DevName=fk_deviceLE, DevTime=20200109054458, DevInfo={"face_data_ver":528,"firmware":"ZLIF104HS10 V2.77 BS0C2","firmware_filename":"zlif104hs10_bs0c2_um","fk_bin_data_lib":"FKDataHS101","fp_data_ver":128,"supported_enroll_data":["PASSWORD","IDCARD","FP","FACE"]}
2020-01-09 09:25:15,912 [45] INFO SiteLogger [(null)] - ReceiveCmd -- 0 - Start
2020-01-09 09:25:15,913 [45] INFO SiteLogger [(null)] - ReceiveCmd -- 1 - Db connected
2020-01-09 09:25:15,913 [45] INFO SiteLogger [(null)] - ReceiveCmd -- 2
2020-01-09 09:25:15,913 [45] INFO SiteLogger [(null)] - CheckResetCmd -- 0 - dev_id:DC68B057639F7F37
2020-01-09 09:25:15,913 [45] INFO SiteLogger [(null)] - CheckResetCmd -- 1
2020-01-09 09:25:15,924 [45] INFO SiteLogger [(null)] - CheckResetCmd -- 2 - trans_id:
2020-01-09 09:25:15,924 [45] INFO SiteLogger [(null)] - CheckResetCmd -- 3
2020-01-09 09:25:15,925 [45] INFO SiteLogger [(null)] - ReceiveCmd -- 3
2020-01-09 09:25:15,925 [45] INFO SiteLogger [(null)] - UpdateFKDeviceStatus -- 0 - DevTime:20200109054458, DevId:DC68B057639F7F37, DevName:fk_deviceLE, DevInfo:{"face_data_ver":528,"firmware":"ZLIF104HS10 V2.77 BS0C2","firmware_filename":"zlif104hs10_bs0c2_um","fk_bin_data_lib":"FKDataHS101","fp_data_ver":128,"supported_enroll_data":["PASSWORD","IDCARD","FP","FACE"]}
2020-01-09 09:25:15,926 [45] INFO SiteLogger [(null)] - UpdateFKDeviceStatus -- 1
2020-01-09 09:25:15,937 [45] INFO SiteLogger [(null)] - UpdateFKDeviceStatus -- 2
2020-01-09 09:25:15,938 [45] INFO SiteLogger [(null)] - ReceiveCmd -- 4
2020-01-09 09:25:15,949 [45] INFO SiteLogger [(null)] - ReceiveCmd -- 5
2020-01-09 09:25:15,950 [45] INFO SiteLogger [(null)] - ReceiveCmd -- 5 - no cmd
2020-01-09 09:25:15,950 [45] INFO SiteLogger [(null)] - ReceiveCmd -- 11
2020-01-09 09:25:15,951 [45] INFO SiteLogger [(null)] - Page_Load - receive_cmd -- 4
2020-01-09 09:25:15,951 [45] INFO SiteLogger [(null)] - Page_Load - receive_cmd -- 5
2020-01-09 09:25:18,988 [22] INFO SiteLogger [(null)] - Contructor -- 0 - Conn:server=120.24.222.15;uid=sa;pwd=123456@hysoon;database=StandAttDB;Min Pool Size=0;Max Pool Size=512;Pooling=true;
2020-01-09 09:25:18,989 [22] INFO SiteLogger [(null)] - Page_Load -- **************** sRequestCode = receive_cmd dev_id=DC68B057639F7F37 trans_id=ReceiveCommandAction content_length=278
2020-01-09 09:25:18,990 [22] INFO SiteLogger [(null)] - Page_Load -- 1 - request_code : receive_cmd ,trans_id : ReceiveCommandAction
2020-01-09 09:25:18,992 [22] INFO SiteLogger [(null)] - Page_Load -- 3.4 - blk_no=0, blk_len=278
2020-01-09 09:25:18,993 [22] INFO SiteLogger [(null)] - Page_Load - receive_cmd -- 2
2020-01-09 09:25:18,994 [22] INFO SiteLogger [(null)] - Page_Load - receive_cmd -- 3 - DevName=fk_deviceLE, DevTime=20200109054501, DevInfo={"face_data_ver":528,"firmware":"ZLIF104HS10 V2.77 BS0C2","firmware_filename":"zlif104hs10_bs0c2_um","fk_bin_data_lib":"FKDataHS101","fp_data_ver":128,"supported_enroll_data":["PASSWORD","IDCARD","FP","FACE"]}
2020-01-09 09:25:18,996 [22] INFO SiteLogger [(null)] - ReceiveCmd -- 0 - Start
2020-01-09 09:25:18,997 [22] INFO SiteLogger [(null)] - ReceiveCmd -- 1 - Db connected
2020-01-09 09:25:18,999 [22] INFO SiteLogger [(null)] - ReceiveCmd -- 2
2020-01-09 09:25:18,999 [22] INFO SiteLogger [(null)] - CheckResetCmd -- 0 - dev_id:DC68B057639F7F37
2020-01-09 09:25:18,999 [22] INFO SiteLogger [(null)] - CheckResetCmd -- 1
2020-01-09 09:25:18,999 [22] INFO SiteLogger [(null)] - CheckResetCmd -- 2 - trans_id:
2020-01-09 09:25:19,015 [22] INFO SiteLogger [(null)] - CheckResetCmd -- 3
2020-01-09 09:25:19,015 [22] INFO SiteLogger [(null)] - ReceiveCmd -- 3
2020-01-09 09:25:19,015 [22] INFO SiteLogger [(null)] - UpdateFKDeviceStatus -- 0 - DevTime:20200109054501, DevId:DC68B057639F7F37, DevName:fk_deviceLE, DevInfo:{"face_data_ver":528,"firmware":"ZLIF104HS10 V2.77 BS0C2","firmware_filename":"zlif104hs10_bs0c2_um","fk_bin_data_lib":"FKDataHS101","fp_data_ver":128,"supported_enroll_data":["PASSWORD","IDCARD","FP","FACE"]}
2020-01-09 09:25:19,015 [22] INFO SiteLogger [(null)] - UpdateFKDeviceStatus -- 1
2020-01-09 09:25:19,030 [22] INFO SiteLogger [(null)] - UpdateFKDeviceStatus -- 2
2020-01-09 09:25:19,030 [22] INFO SiteLogger [(null)] - ReceiveCmd -- 4
2020-01-09 09:25:19,047 [22] INFO SiteLogger [(null)] - ReceiveCmd -- 5
2020-01-09 09:25:19,048 [22] INFO SiteLogger [(null)] - ReceiveCmd -- 6 - trans_id:714cmd_code:CLEAR_MANAGER
2020-01-09 09:25:19,049 [22] INFO SiteLogger [(null)] - ReceiveCmd -- 11
2020-01-09 09:25:19,051 [22] INFO SiteLogger [(null)] - Page_Load - receive_cmd -- 4
2020-01-09 09:25:19,052 [22] INFO SiteLogger [(null)] - Page_Load - receive_cmd -- 5
2020-01-09 09:25:19,058 [58] INFO SiteLogger [(null)] - Contructor -- 0 - Conn:server=120.24.222.15;uid=sa;pwd=123456@hysoon;database=StandAttDB;Min Pool Size=0;Max Pool Size=512;Pooling=true;
2020-01-09 09:25:19,060 [58] INFO SiteLogger [(null)] - Page_Load -- **************** sRequestCode = send_cmd_result dev_id=DC68B057639F7F37 trans_id=714 content_length=0
2020-01-09 09:25:19,061 [58] INFO SiteLogger [(null)] - Page_Load -- 1 - request_code : send_cmd_result ,trans_id : 714
2020-01-09 09:25:19,062 [58] INFO SiteLogger [(null)] - Page_Load -- 3.4 - blk_no=0, blk_len=0
2020-01-09 09:25:19,064 [58] INFO SiteLogger [(null)] - Page_Load - send_cmd_result -- 1
2020-01-09 09:25:19,065 [58] INFO SiteLogger [(null)] - Page_Load - send_cmd_result -- 2 - trans_id:714
2020-01-09 09:25:19,066 [58] INFO SiteLogger [(null)] - CheckResetCmd -- 0 - dev_id:DC68B057639F7F37
2020-01-09 09:25:19,068 [58] INFO SiteLogger [(null)] - CheckResetCmd -- 1
2020-01-09 09:25:19,080 [58] INFO SiteLogger [(null)] - CheckResetCmd -- 2 - trans_id:
2020-01-09 09:25:19,081 [58] INFO SiteLogger [(null)] - CheckResetCmd -- 3
2020-01-09 09:25:19,082 [58] INFO SiteLogger [(null)] - IsCancelledCmd -- 0 - dev_id:DC68B057639F7F37trans_id:714
2020-01-09 09:25:19,084 [58] INFO SiteLogger [(null)] - IsCancelledCmd -- 1
2020-01-09 09:25:19,085 [58] INFO SiteLogger [(null)] - IsCancelledCmd -- 1.1
2020-01-09 09:25:19,096 [58] INFO SiteLogger [(null)] - IsCancelledCmd -- 2 - status:
2020-01-09 09:25:19,098 [58] INFO SiteLogger [(null)] - IsCancelledCmd -- 3
2020-01-09 09:25:19,098 [58] INFO SiteLogger [(null)] - Page_Load - send_cmd_result -- 3
2020-01-09 09:25:19,098 [58] INFO SiteLogger [(null)] - SetCmdResult -- 0 - trans_id:714, dev_id:DC68B057639F7F37
2020-01-09 09:25:19,098 [58] INFO SiteLogger [(null)] - SetCmdResult -- 1
2020-01-09 09:25:19,098 [58] INFO SiteLogger [(null)] - SetCmdResult -- 2
2020-01-09 09:25:19,098 [58] INFO SiteLogger [(null)] - SaveCmdResultLogData -- 1
2020-01-09 09:25:19,098 [58] INFO SiteLogger [(null)] - SaveCmdResultLogData -- 2
2020-01-09 09:25:19,113 [58] INFO SiteLogger [(null)] - SaveCmdResultSLogData -- 1
2020-01-09 09:25:19,113 [58] INFO SiteLogger [(null)] - SaveCmdResultSLogData -- 2
2020-01-09 09:25:19,129 [58] INFO SiteLogger [(null)] - SaveUserIdList -- 1
2020-01-09 09:25:19,129 [58] INFO SiteLogger [(null)] - SaveUserIdList -- 2 astrans_id = 714
2020-01-09 09:25:19,129 [58] INFO SiteLogger [(null)] - SaveUserIdList -- 2-1 astrans_id = 714
2020-01-09 09:25:19,146 [58] INFO SiteLogger [(null)] - GetDeviceStatus -- 1
2020-01-09 09:25:19,147 [58] INFO SiteLogger [(null)] - GetDeviceStatus -- 2
2020-01-09 09:25:19,170 [58] INFO SiteLogger [(null)] - SetCmdResult -- 3
2020-01-09 09:25:19,171 [58] INFO SiteLogger [(null)] - Page_Load - send_cmd_result -- 4
2020-01-09 09:25:19,171 [58] INFO SiteLogger [(null)] - Page_Load - send_cmd_result -- 5
2020-01-09 09:25:19,479 [56] INFO SiteLogger [(null)] - Contructor -- 0 - Conn:server=120.24.222.15;uid=sa;pwd=123456@hysoon;database=StandAttDB;Min Pool Size=0;Max Pool Size=512;Pooling=true;
2020-01-09 09:25:19,481 [56] INFO SiteLogger [(null)] - Page_Load -- **************** sRequestCode = receive_cmd dev_id=DC68B057639F7F37 trans_id=ReceiveCommandAction content_length=278
2020-01-09 09:25:19,481 [56] INFO SiteLogger [(null)] - Page_Load -- 1 - request_code : receive_cmd ,trans_id : ReceiveCommandAction
2020-01-09 09:25:19,482 [56] INFO SiteLogger [(null)] - Page_Load -- 3.4 - blk_no=0, blk_len=278
2020-01-09 09:25:19,483 [56] INFO SiteLogger [(null)] - Page_Load - receive_cmd -- 2
2020-01-09 09:25:19,485 [56] INFO SiteLogger [(null)] - Page_Load - receive_cmd -- 3 - DevName=fk_deviceLE, DevTime=20200109054501, DevInfo={"face_data_ver":528,"firmware":"ZLIF104HS10 V2.77 BS0C2","firmware_filename":"zlif104hs10_bs0c2_um","fk_bin_data_lib":"FKDataHS101","fp_data_ver":128,"supported_enroll_data":["PASSWORD","IDCARD","FP","FACE"]}
2020-01-09 09:25:19,486 [56] INFO SiteLogger [(null)] - ReceiveCmd -- 0 - Start
2020-01-09 09:25:19,525 [56] INFO SiteLogger [(null)] - ReceiveCmd -- 1 - Db connected
2020-01-09 09:25:19,525 [56] INFO SiteLogger [(null)] - ReceiveCmd -- 2
2020-01-09 09:25:19,525 [56] INFO SiteLogger [(null)] - CheckResetCmd -- 0 - dev_id:DC68B057639F7F37
2020-01-09 09:25:19,525 [56] INFO SiteLogger [(null)] - CheckResetCmd -- 1
2020-01-09 09:25:19,525 [56] INFO SiteLogger [(null)] - CheckResetCmd -- 2 - trans_id:
2020-01-09 09:25:19,525 [56] INFO SiteLogger [(null)] - CheckResetCmd -- 3
2020-01-09 09:25:19,542 [56] INFO SiteLogger [(null)] - ReceiveCmd -- 3
2020-01-09 09:25:19,543 [56] INFO SiteLogger [(null)] - UpdateFKDeviceStatus -- 0 - DevTime:20200109054501, DevId:DC68B057639F7F37, DevName:fk_deviceLE, DevInfo:{"face_data_ver":528,"firmware":"ZLIF104HS10 V2.77 BS0C2","firmware_filename":"zlif104hs10_bs0c2_um","fk_bin_data_lib":"FKDataHS101","fp_data_ver":128,"supported_enroll_data":["PASSWORD","IDCARD","FP","FACE"]}
2020-01-09 09:25:19,544 [56] INFO SiteLogger [(null)] - UpdateFKDeviceStatus -- 1
2020-01-09 09:25:19,556 [56] INFO SiteLogger [(null)] - UpdateFKDeviceStatus -- 2
2020-01-09 09:25:19,557 [56] INFO SiteLogger [(null)] - ReceiveCmd -- 4
2020-01-09 09:25:19,568 [56] INFO SiteLogger [(null)] - ReceiveCmd -- 5
2020-01-09 09:25:19,569 [56] INFO SiteLogger [(null)] - ReceiveCmd -- 5 - no cmd
2020-01-09 09:25:19,570 [56] INFO SiteLogger [(null)] - ReceiveCmd -- 11
2020-01-09 09:25:19,570 [56] INFO SiteLogger [(null)] - Page_Load - receive_cmd -- 4
2020-01-09 09:25:19,571 [56] INFO SiteLogger [(null)] - Page_Load - receive_cmd -- 5
2020-01-09 09:25:21,989 [40] INFO SiteLogger [(null)] - Contructor -- 0 - Conn:server=120.24.222.15;uid=sa;pwd=123456@hysoon;database=StandAttDB;Min Pool Size=0;Max Pool Size=512;Pooling=true;
2020-01-09 09:25:21,989 [40] INFO SiteLogger [(null)] - Page_Load -- **************** sRequestCode = receive_cmd dev_id=DC68B057639F7F37 trans_id=ReceiveCommandAction content_length=278
2020-01-09 09:25:21,989 [40] INFO SiteLogger [(null)] - Page_Load -- 1 - request_code : receive_cmd ,trans_id : ReceiveCommandAction
2020-01-09 09:25:21,989 [40] INFO SiteLogger [(null)] - Page_Load -- 3.4 - blk_no=0, blk_len=278
2020-01-09 09:25:21,989 [40] INFO SiteLogger [(null)] - Page_Load - receive_cmd -- 2
2020-01-09 09:25:21,989 [40] INFO SiteLogger [(null)] - Page_Load - receive_cmd -- 3 - DevName=fk_deviceLE, DevTime=20200109054504, DevInfo={"face_data_ver":528,"firmware":"ZLIF104HS10 V2.77 BS0C2","firmware_filename":"zlif104hs10_bs0c2_um","fk_bin_data_lib":"FKDataHS101","fp_data_ver":128,"supported_enroll_data":["PASSWORD","IDCARD","FP","FACE"]}
2020-01-09 09:25:21,989 [40] INFO SiteLogger [(null)] - ReceiveCmd -- 0 - Start
2020-01-09 09:25:21,989 [40] INFO SiteLogger [(null)] - ReceiveCmd -- 1 - Db connected
2020-01-09 09:25:21,989 [40] INFO SiteLogger [(null)] - ReceiveCmd -- 2
2020-01-09 09:25:22,004 [40] INFO SiteLogger [(null)] - CheckResetCmd -- 0 - dev_id:DC68B057639F7F37
2020-01-09 09:25:22,004 [40] INFO SiteLogger [(null)] - CheckResetCmd -- 1
2020-01-09 09:25:22,004 [40] INFO SiteLogger [(null)] - CheckResetCmd -- 2 - trans_id:
2020-01-09 09:25:22,004 [40] INFO SiteLogger [(null)] - CheckResetCmd -- 3
2020-01-09 09:25:22,004 [40] INFO SiteLogger [(null)] - ReceiveCmd -- 3
2020-01-09 09:25:22,020 [40] INFO SiteLogger [(null)] - UpdateFKDeviceStatus -- 0 - DevTime:20200109054504, DevId:DC68B057639F7F37, DevName:fk_deviceLE, DevInfo:{"face_data_ver":528,"firmware":"ZLIF104HS10 V2.77 BS0C2","firmware_filename":"zlif104hs10_bs0c2_um","fk_bin_data_lib":"FKDataHS101","fp_data_ver":128,"supported_enroll_data":["PASSWORD","IDCARD","FP","FACE"]}
2020-01-09 09:25:22,021 [40] INFO SiteLogger [(null)] - UpdateFKDeviceStatus -- 1
2020-01-09 09:25:22,032 [40] INFO SiteLogger [(null)] - UpdateFKDeviceStatus -- 2
2020-01-09 09:25:22,033 [40] INFO SiteLogger [(null)] - ReceiveCmd -- 4
2020-01-09 09:25:22,045 [40] INFO SiteLogger [(null)] - ReceiveCmd -- 5
2020-01-09 09:25:22,046 [40] INFO SiteLogger [(null)] - ReceiveCmd -- 5 - no cmd
2020-01-09 09:25:22,047 [40] INFO SiteLogger [(null)] - ReceiveCmd -- 11
2020-01-09 09:25:22,048 [40] INFO SiteLogger [(null)] - Page_Load - receive_cmd -- 4
2020-01-09 09:25:22,049 [40] INFO SiteLogger [(null)] - Page_Load - receive_cmd -- 5
2020-01-09 09:25:25,077 [41] INFO SiteLogger [(null)] - Contructor -- 0 - Conn:server=120.24.222.15;uid=sa;pwd=123456@hysoon;database=StandAttDB;Min Pool Size=0;Max Pool Size=512;Pooling=true;
2020-01-09 09:25:25,079 [41] INFO SiteLogger [(null)] - Page_Load -- **************** sRequestCode = receive_cmd dev_id=DC68B057639F7F37 trans_id=ReceiveCommandAction content_length=278
2020-01-09 09:25:25,080 [41] INFO SiteLogger [(null)] - Page_Load -- 1 - request_code : receive_cmd ,trans_id : ReceiveCommandAction
2020-01-09 09:25:25,081 [41] INFO SiteLogger [(null)] - Page_Load -- 3.4 - blk_no=0, blk_len=278
2020-01-09 09:25:25,083 [41] INFO SiteLogger [(null)] - Page_Load - receive_cmd -- 2
2020-01-09 09:25:25,084 [41] INFO SiteLogger [(null)] - Page_Load - receive_cmd -- 3 - DevName=fk_deviceLE, DevTime=20200109054507, DevInfo={"face_data_ver":528,"firmware":"ZLIF104HS10 V2.77 BS0C2","firmware_filename":"zlif104hs10_bs0c2_um","fk_bin_data_lib":"FKDataHS101","fp_data_ver":128,"supported_enroll_data":["PASSWORD","IDCARD","FP","FACE"]}
2020-01-09 09:25:25,085 [41] INFO SiteLogger [(null)] - ReceiveCmd -- 0 - Start
2020-01-09 09:25:25,087 [41] INFO SiteLogger [(null)] - ReceiveCmd -- 1 - Db connected
2020-01-09 09:25:25,088 [41] INFO SiteLogger [(null)] - ReceiveCmd -- 2
2020-01-09 09:25:25,089 [41] INFO SiteLogger [(null)] - CheckResetCmd -- 0 - dev_id:DC68B057639F7F37
2020-01-09 09:25:25,091 [41] INFO SiteLogger [(null)] - CheckResetCmd -- 1
2020-01-09 09:25:25,101 [41] INFO SiteLogger [(null)] - CheckResetCmd -- 2 - trans_id:
2020-01-09 09:25:25,103 [41] INFO SiteLogger [(null)] - CheckResetCmd -- 3
2020-01-09 09:25:25,104 [41] INFO SiteLogger [(null)] - ReceiveCmd -- 3
2020-01-09 09:25:25,104 [41] INFO SiteLogger [(null)] - UpdateFKDeviceStatus -- 0 - DevTime:20200109054507, DevId:DC68B057639F7F37, DevName:fk_deviceLE, DevInfo:{"face_data_ver":528,"firmware":"ZLIF104HS10 V2.77 BS0C2","firmware_filename":"zlif104hs10_bs0c2_um","fk_bin_data_lib":"FKDataHS101","fp_data_ver":128,"supported_enroll_data":["PASSWORD","IDCARD","FP","FACE"]}
2020-01-09 09:25:25,104 [41] INFO SiteLogger [(null)] - UpdateFKDeviceStatus -- 1
2020-01-09 09:25:25,104 [41] INFO SiteLogger [(null)] - UpdateFKDeviceStatus -- 2
2020-01-09 09:25:25,120 [41] INFO SiteLogger [(null)] - ReceiveCmd -- 4
2020-01-09 09:25:25,120 [41] INFO SiteLogger [(null)] - ReceiveCmd -- 5
2020-01-09 09:25:25,120 [41] INFO SiteLogger [(null)] - ReceiveCmd -- 6 - trans_id:715cmd_code:CLEAR_MANAGER
2020-01-09 09:25:25,135 [41] INFO SiteLogger [(null)] - ReceiveCmd -- 11
2020-01-09 09:25:25,135 [41] INFO SiteLogger [(null)] - Page_Load - receive_cmd -- 4
2020-01-09 09:25:25,135 [41] INFO SiteLogger [(null)] - Page_Load - receive_cmd -- 5
2020-01-09 09:25:25,135 [45] INFO SiteLogger [(null)] - Contructor -- 0 - Conn:server=120.24.222.15;uid=sa;pwd=123456@hysoon;database=StandAttDB;Min Pool Size=0;Max Pool Size=512;Pooling=true;
2020-01-09 09:25:25,135 [45] INFO SiteLogger [(null)] - Page_Load -- **************** sRequestCode = send_cmd_result dev_id=DC68B057639F7F37 trans_id=715 content_length=0
2020-01-09 09:25:25,135 [45] INFO SiteLogger [(null)] - Page_Load -- 1 - request_code : send_cmd_result ,trans_id : 715
2020-01-09 09:25:25,151 [45] INFO SiteLogger [(null)] - Page_Load -- 3.4 - blk_no=0, blk_len=0
2020-01-09 09:25:25,153 [45] INFO SiteLogger [(null)] - Page_Load - send_cmd_result -- 1
2020-01-09 09:25:25,154 [45] INFO SiteLogger [(null)] - Page_Load - send_cmd_result -- 2 - trans_id:715
2020-01-09 09:25:25,155 [45] INFO SiteLogger [(null)] - CheckResetCmd -- 0 - dev_id:DC68B057639F7F37
2020-01-09 09:25:25,157 [45] INFO SiteLogger [(null)] - CheckResetCmd -- 1
2020-01-09 09:25:25,167 [45] INFO SiteLogger [(null)] - CheckResetCmd -- 2 - trans_id:
2020-01-09 09:25:25,169 [45] INFO SiteLogger [(null)] - CheckResetCmd -- 3
2020-01-09 09:25:25,170 [45] INFO SiteLogger [(null)] - IsCancelledCmd -- 0 - dev_id:DC68B057639F7F37trans_id:715
2020-01-09 09:25:25,171 [45] INFO SiteLogger [(null)] - IsCancelledCmd -- 1
2020-01-09 09:25:25,173 [45] INFO SiteLogger [(null)] - IsCancelledCmd -- 1.1
2020-01-09 09:25:25,184 [45] INFO SiteLogger [(null)] - IsCancelledCmd -- 2 - status:
2020-01-09 09:25:25,185 [45] INFO SiteLogger [(null)] - IsCancelledCmd -- 3
2020-01-09 09:25:25,187 [45] INFO SiteLogger [(null)] - Page_Load - send_cmd_result -- 3
2020-01-09 09:25:25,188 [45] INFO SiteLogger [(null)] - SetCmdResult -- 0 - trans_id:715, dev_id:DC68B057639F7F37
2020-01-09 09:25:25,189 [45] INFO SiteLogger [(null)] - SetCmdResult -- 1
2020-01-09 09:25:25,190 [45] INFO SiteLogger [(null)] - SetCmdResult -- 2
2020-01-09 09:25:25,192 [45] INFO SiteLogger [(null)] - SaveCmdResultLogData -- 1
2020-01-09 09:25:25,193 [45] INFO SiteLogger [(null)] - SaveCmdResultLogData -- 2
2020-01-09 09:25:25,204 [45] INFO SiteLogger [(null)] - SaveCmdResultSLogData -- 1
2020-01-09 09:25:25,205 [45] INFO SiteLogger [(null)] - SaveCmdResultSLogData -- 2
2020-01-09 09:25:25,216 [45] INFO SiteLogger [(null)] - SaveUserIdList -- 1
2020-01-09 09:25:25,217 [45] INFO SiteLogger [(null)] - SaveUserIdList -- 2 astrans_id = 715
2020-01-09 09:25:25,228 [45] INFO SiteLogger [(null)] - SaveUserIdList -- 2-1 astrans_id = 715
2020-01-09 09:25:25,230 [45] INFO SiteLogger [(null)] - GetDeviceStatus -- 1
2020-01-09 09:25:25,231 [45] INFO SiteLogger [(null)] - GetDeviceStatus -- 2
2020-01-09 09:25:25,252 [45] INFO SiteLogger [(null)] - SetCmdResult -- 3
2020-01-09 09:25:25,254 [45] INFO SiteLogger [(null)] - Page_Load - send_cmd_result -- 4
2020-01-09 09:25:25,255 [45] INFO SiteLogger [(null)] - Page_Load - send_cmd_result -- 5
2020-01-09 09:25:25,564 [58] INFO SiteLogger [(null)] - Contructor -- 0 - Conn:server=120.24.222.15;uid=sa;pwd=123456@hysoon;database=StandAttDB;Min Pool Size=0;Max Pool Size=512;Pooling=true;
2020-01-09 09:25:25,565 [58] INFO SiteLogger [(null)] - Page_Load -- **************** sRequestCode = receive_cmd dev_id=DC68B057639F7F37 trans_id=ReceiveCommandAction content_length=278
2020-01-09 09:25:25,567 [58] INFO SiteLogger [(null)] - Page_Load -- 1 - request_code : receive_cmd ,trans_id : ReceiveCommandAction
2020-01-09 09:25:25,568 [58] INFO SiteLogger [(null)] - Page_Load -- 3.4 - blk_no=0, blk_len=278
2020-01-09 09:25:25,569 [58] INFO SiteLogger [(null)] - Page_Load - receive_cmd -- 2
2020-01-09 09:25:25,571 [58] INFO SiteLogger [(null)] - Page_Load - receive_cmd -- 3 - DevName=fk_deviceLE, DevTime=20200109054507, DevInfo={"face_data_ver":528,"firmware":"ZLIF104HS10 V2.77 BS0C2","firmware_filename":"zlif104hs10_bs0c2_um","fk_bin_data_lib":"FKDataHS101","fp_data_ver":128,"supported_enroll_data":["PASSWORD","IDCARD","FP","FACE"]}
2020-01-09 09:25:25,573 [58] INFO SiteLogger [(null)] - ReceiveCmd -- 0 - Start
2020-01-09 09:25:25,614 [58] INFO SiteLogger [(null)] - ReceiveCmd -- 1 - Db connected
2020-01-09 09:25:25,615 [58] INFO SiteLogger [(null)] - ReceiveCmd -- 2
2020-01-09 09:25:25,616 [58] INFO SiteLogger [(null)] - CheckResetCmd -- 0 - dev_id:DC68B057639F7F37
2020-01-09 09:25:25,618 [58] INFO SiteLogger [(null)] - CheckResetCmd -- 1
2020-01-09 09:25:25,628 [58] INFO SiteLogger [(null)] - CheckResetCmd -- 2 - trans_id:
2020-01-09 09:25:25,628 [58] INFO SiteLogger [(null)] - CheckResetCmd -- 3
2020-01-09 09:25:25,628 [58] INFO SiteLogger [(null)] - ReceiveCmd -- 3
2020-01-09 09:25:25,628 [58] INFO SiteLogger [(null)] - UpdateFKDeviceStatus -- 0 - DevTime:20200109054507, DevId:DC68B057639F7F37, DevName:fk_deviceLE, DevInfo:{"face_data_ver":528,"firmware":"ZLIF104HS10 V2.77 BS0C2","firmware_filename":"zlif104hs10_bs0c2_um","fk_bin_data_lib":"FKDataHS101","fp_data_ver":128,"supported_enroll_data":["PASSWORD","IDCARD","FP","FACE"]}
2020-01-09 09:25:25,628 [58] INFO SiteLogger [(null)] - UpdateFKDeviceStatus -- 1
2020-01-09 09:25:25,644 [58] INFO SiteLogger [(null)] - UpdateFKDeviceStatus -- 2
2020-01-09 09:25:25,644 [58] INFO SiteLogger [(null)] - ReceiveCmd -- 4
2020-01-09 09:25:25,664 [58] INFO SiteLogger [(null)] - ReceiveCmd -- 5
2020-01-09 09:25:25,666 [58] INFO SiteLogger [(null)] - ReceiveCmd -- 5 - no cmd
2020-01-09 09:25:25,667 [58] INFO SiteLogger [(null)] - ReceiveCmd -- 11
2020-01-09 09:25:25,668 [58] INFO SiteLogger [(null)] - Page_Load - receive_cmd -- 4
2020-01-09 09:25:25,670 [58] INFO SiteLogger [(null)] - Page_Load - receive_cmd -- 5
2020-01-09 09:25:28,090 [41] INFO SiteLogger [(null)] - Contructor -- 0 - Conn:server=120.24.222.15;uid=sa;pwd=123456@hysoon;database=StandAttDB;Min Pool Size=0;Max Pool Size=512;Pooling=true;
2020-01-09 09:25:28,090 [41] INFO SiteLogger [(null)] - Page_Load -- **************** sRequestCode = receive_cmd dev_id=DC68B057639F7F37 trans_id=ReceiveCommandAction content_length=278
2020-01-09 09:25:28,090 [41] INFO SiteLogger [(null)] - Page_Load -- 1 - request_code : receive_cmd ,trans_id : ReceiveCommandAction
2020-01-09 09:25:28,090 [41] INFO SiteLogger [(null)] - Page_Load -- 3.4 - blk_no=0, blk_len=278
2020-01-09 09:25:28,090 [41] INFO SiteLogger [(null)] - Page_Load - receive_cmd -- 2
2020-01-09 09:25:28,090 [41] INFO SiteLogger [(null)] - Page_Load - receive_cmd -- 3 - DevName=fk_deviceLE, DevTime=20200109054510, DevInfo={"face_data_ver":528,"firmware":"ZLIF104HS10 V2.77 BS0C2","firmware_filename":"zlif104hs10_bs0c2_um","fk_bin_data_lib":"FKDataHS101","fp_data_ver":128,"supported_enroll_data":["PASSWORD","IDCARD","FP","FACE"]}
2020-01-09 09:25:28,090 [41] INFO SiteLogger [(null)] - ReceiveCmd -- 0 - Start
2020-01-09 09:25:28,090 [41] INFO SiteLogger [(null)] - ReceiveCmd -- 1 - Db connected
2020-01-09 09:25:28,090 [41] INFO SiteLogger [(null)] - ReceiveCmd -- 2
2020-01-09 09:25:28,090 [41] INFO SiteLogger [(null)] - CheckResetCmd -- 0 - dev_id:DC68B057639F7F37
2020-01-09 09:25:28,105 [41] INFO SiteLogger [(null)] - CheckResetCmd -- 1
2020-01-09 09:25:28,105 [41] INFO SiteLogger [(null)] - CheckResetCmd -- 2 - trans_id:
2020-01-09 09:25:28,105 [41] INFO SiteLogger [(null)] - CheckResetCmd -- 3
2020-01-09 09:25:28,105 [41] INFO SiteLogger [(null)] - ReceiveCmd -- 3
2020-01-09 09:25:28,105 [41] INFO SiteLogger [(null)] - UpdateFKDeviceStatus -- 0 - DevTime:20200109054510, DevId:DC68B057639F7F37, DevName:fk_deviceLE, DevInfo:{"face_data_ver":528,"firmware":"ZLIF104HS10 V2.77 BS0C2","firmware_filename":"zlif104hs10_bs0c2_um","fk_bin_data_lib":"FKDataHS101","fp_data_ver":128,"supported_enroll_data":["PASSWORD","IDCARD","FP","FACE"]}
2020-01-09 09:25:28,121 [41] INFO SiteLogger [(null)] - UpdateFKDeviceStatus -- 1
2020-01-09 09:25:28,132 [41] INFO SiteLogger [(null)] - UpdateFKDeviceStatus -- 2
2020-01-09 09:25:28,134 [41] INFO SiteLogger [(null)] - ReceiveCmd -- 4
2020-01-09 09:25:28,146 [41] INFO SiteLogger [(null)] - ReceiveCmd -- 5
2020-01-09 09:25:28,147 [41] INFO SiteLogger [(null)] - ReceiveCmd -- 6 - trans_id:716cmd_code:CLEAR_MANAGER
2020-01-09 09:25:28,147 [41] INFO SiteLogger [(null)] - ReceiveCmd -- 11
2020-01-09 09:25:28,148 [41] INFO SiteLogger [(null)] - Page_Load - receive_cmd -- 4
2020-01-09 09:25:28,149 [41] INFO SiteLogger [(null)] - Page_Load - receive_cmd -- 5
2020-01-09 09:25:28,156 [45] INFO SiteLogger [(null)] - Contructor -- 0 - Conn:server=120.24.222.15;uid=sa;pwd=123456@hysoon;database=StandAttDB;Min Pool Size=0;Max Pool Size=512;Pooling=true;
2020-01-09 09:25:28,157 [45] INFO SiteLogger [(null)] - Page_Load -- **************** sRequestCode = send_cmd_result dev_id=DC68B057639F7F37 trans_id=716 content_length=0
2020-01-09 09:25:28,157 [45] INFO SiteLogger [(null)] - Page_Load -- 1 - request_code : send_cmd_result ,trans_id : 716
2020-01-09 09:25:28,158 [45] INFO SiteLogger [(null)] - Page_Load -- 3.4 - blk_no=0, blk_len=0
2020-01-09 09:25:28,159 [45] INFO SiteLogger [(null)] - Page_Load - send_cmd_result -- 1
2020-01-09 09:25:28,159 [45] INFO SiteLogger [(null)] - Page_Load - send_cmd_result -- 2 - trans_id:716
2020-01-09 09:25:28,160 [45] INFO SiteLogger [(null)] - CheckResetCmd -- 0 - dev_id:DC68B057639F7F37
2020-01-09 09:25:28,161 [45] INFO SiteLogger [(null)] - CheckResetCmd -- 1
2020-01-09 09:25:28,172 [45] INFO SiteLogger [(null)] - CheckResetCmd -- 2 - trans_id:
2020-01-09 09:25:28,173 [45] INFO SiteLogger [(null)] - CheckResetCmd -- 3
2020-01-09 09:25:28,173 [45] INFO SiteLogger [(null)] - IsCancelledCmd -- 0 - dev_id:DC68B057639F7F37trans_id:716
2020-01-09 09:25:28,173 [45] INFO SiteLogger [(null)] - IsCancelledCmd -- 1
2020-01-09 09:25:28,173 [45] INFO SiteLogger [(null)] - IsCancelledCmd -- 1.1
2020-01-09 09:25:28,188 [45] INFO SiteLogger [(null)] - IsCancelledCmd -- 2 - status:
2020-01-09 09:25:28,188 [45] INFO SiteLogger [(null)] - IsCancelledCmd -- 3
2020-01-09 09:25:28,188 [45] INFO SiteLogger [(null)] - Page_Load - send_cmd_result -- 3
2020-01-09 09:25:28,188 [45] INFO SiteLogger [(null)] - SetCmdResult -- 0 - trans_id:716, dev_id:DC68B057639F7F37
2020-01-09 09:25:28,188 [45] INFO SiteLogger [(null)] - SetCmdResult -- 1
2020-01-09 09:25:28,188 [45] INFO SiteLogger [(null)] - SetCmdResult -- 2
2020-01-09 09:25:28,188 [45] INFO SiteLogger [(null)] - SaveCmdResultLogData -- 1
2020-01-09 09:25:28,188 [45] INFO SiteLogger [(null)] - SaveCmdResultLogData -- 2
2020-01-09 09:25:28,204 [45] INFO SiteLogger [(null)] - SaveCmdResultSLogData -- 1
2020-01-09 09:25:28,204 [45] INFO SiteLogger [(null)] - SaveCmdResultSLogData -- 2
2020-01-09 09:25:28,222 [45] INFO SiteLogger [(null)] - SaveUserIdList -- 1
2020-01-09 09:25:28,223 [45] INFO SiteLogger [(null)] - SaveUserIdList -- 2 astrans_id = 716
2020-01-09 09:25:28,233 [45] INFO SiteLogger [(null)] - SaveUserIdList -- 2-1 astrans_id = 716
2020-01-09 09:25:28,234 [45] INFO SiteLogger [(null)] - GetDeviceStatus -- 1
2020-01-09 09:25:28,236 [45] INFO SiteLogger [(null)] - GetDeviceStatus -- 2
2020-01-09 09:25:28,257 [45] INFO SiteLogger [(null)] - SetCmdResult -- 3
2020-01-09 09:25:28,259 [45] INFO SiteLogger [(null)] - Page_Load - send_cmd_result -- 4
2020-01-09 09:25:28,260 [45] INFO SiteLogger [(null)] - Page_Load - send_cmd_result -- 5
2020-01-09 09:25:28,569 [22] INFO SiteLogger [(null)] - Contructor -- 0 - Conn:server=120.24.222.15;uid=sa;pwd=123456@hysoon;database=StandAttDB;Min Pool Size=0;Max Pool Size=512;Pooling=true;
2020-01-09 09:25:28,571 [22] INFO SiteLogger [(null)] - Page_Load -- **************** sRequestCode = receive_cmd dev_id=DC68B057639F7F37 trans_id=ReceiveCommandAction content_length=278
2020-01-09 09:25:28,572 [22] INFO SiteLogger [(null)] - Page_Load -- 1 - request_code : receive_cmd ,trans_id : ReceiveCommandAction
2020-01-09 09:25:28,573 [22] INFO SiteLogger [(null)] - Page_Load -- 3.4 - blk_no=0, blk_len=278
2020-01-09 09:25:28,574 [22] INFO SiteLogger [(null)] - Page_Load - receive_cmd -- 2
2020-01-09 09:25:28,576 [22] INFO SiteLogger [(null)] - Page_Load - receive_cmd -- 3 - DevName=fk_deviceLE, DevTime=20200109054510, DevInfo={"face_data_ver":528,"firmware":"ZLIF104HS10 V2.77 BS0C2","firmware_filename":"zlif104hs10_bs0c2_um","fk_bin_data_lib":"FKDataHS101","fp_data_ver":128,"supported_enroll_data":["PASSWORD","IDCARD","FP","FACE"]}
2020-01-09 09:25:28,577 [22] INFO SiteLogger [(null)] - ReceiveCmd -- 0 - Start
2020-01-09 09:25:28,602 [22] INFO SiteLogger [(null)] - ReceiveCmd -- 1 - Db connected
2020-01-09 09:25:28,602 [22] INFO SiteLogger [(null)] - ReceiveCmd -- 2
2020-01-09 09:25:28,618 [22] INFO SiteLogger [(null)] - CheckResetCmd -- 0 - dev_id:DC68B057639F7F37
2020-01-09 09:25:28,618 [22] INFO SiteLogger [(null)] - CheckResetCmd -- 1
2020-01-09 09:25:28,618 [22] INFO SiteLogger [(null)] - CheckResetCmd -- 2 - trans_id:
2020-01-09 09:25:28,618 [22] INFO SiteLogger [(null)] - CheckResetCmd -- 3
2020-01-09 09:25:28,618 [22] INFO SiteLogger [(null)] - ReceiveCmd -- 3
2020-01-09 09:25:28,618 [22] INFO SiteLogger [(null)] - UpdateFKDeviceStatus -- 0 - DevTime:20200109054510, DevId:DC68B057639F7F37, DevName:fk_deviceLE, DevInfo:{"face_data_ver":528,"firmware":"ZLIF104HS10 V2.77 BS0C2","firmware_filename":"zlif104hs10_bs0c2_um","fk_bin_data_lib":"FKDataHS101","fp_data_ver":128,"supported_enroll_data":["PASSWORD","IDCARD","FP","FACE"]}
2020-01-09 09:25:28,633 [22] INFO SiteLogger [(null)] - UpdateFKDeviceStatus -- 1
2020-01-09 09:25:28,633 [22] INFO SiteLogger [(null)] - UpdateFKDeviceStatus -- 2
2020-01-09 09:25:28,633 [22] INFO SiteLogger [(null)] - ReceiveCmd -- 4
2020-01-09 09:25:28,659 [22] INFO SiteLogger [(null)] - ReceiveCmd -- 5
2020-01-09 09:25:28,660 [22] INFO SiteLogger [(null)] - ReceiveCmd -- 5 - no cmd
2020-01-09 09:25:28,662 [22] INFO SiteLogger [(null)] - ReceiveCmd -- 11
2020-01-09 09:25:28,663 [22] INFO SiteLogger [(null)] - Page_Load - receive_cmd -- 4
2020-01-09 09:25:28,665 [22] INFO SiteLogger [(null)] - Page_Load - receive_cmd -- 5
2020-01-09 09:25:31,077 [40] INFO SiteLogger [(null)] - Contructor -- 0 - Conn:server=120.24.222.15;uid=sa;pwd=123456@hysoon;database=StandAttDB;Min Pool Size=0;Max Pool Size=512;Pooling=true;
2020-01-09 09:25:31,077 [40] INFO SiteLogger [(null)] - Page_Load -- **************** sRequestCode = receive_cmd dev_id=DC68B057639F7F37 trans_id=ReceiveCommandAction content_length=278
2020-01-09 09:25:31,077 [40] INFO SiteLogger [(null)] - Page_Load -- 1 - request_code : receive_cmd ,trans_id : ReceiveCommandAction
2020-01-09 09:25:31,077 [40] INFO SiteLogger [(null)] - Page_Load -- 3.4 - blk_no=0, blk_len=278
2020-01-09 09:25:31,077 [40] INFO SiteLogger [(null)] - Page_Load - receive_cmd -- 2
2020-01-09 09:25:31,093 [40] INFO SiteLogger [(null)] - Page_Load - receive_cmd -- 3 - DevName=fk_deviceLE, DevTime=20200109054513, DevInfo={"face_data_ver":528,"firmware":"ZLIF104HS10 V2.77 BS0C2","firmware_filename":"zlif104hs10_bs0c2_um","fk_bin_data_lib":"FKDataHS101","fp_data_ver":128,"supported_enroll_data":["PASSWORD","IDCARD","FP","FACE"]}
2020-01-09 09:25:31,093 [40] INFO SiteLogger [(null)] - ReceiveCmd -- 0 - Start
2020-01-09 09:25:31,093 [40] INFO SiteLogger [(null)] - ReceiveCmd -- 1 - Db connected
2020-01-09 09:25:31,093 [40] INFO SiteLogger [(null)] - ReceiveCmd -- 2
2020-01-09 09:25:31,093 [40] INFO SiteLogger [(null)] - CheckResetCmd -- 0 - dev_id:DC68B057639F7F37
2020-01-09 09:25:31,093 [40] INFO SiteLogger [(null)] - CheckResetCmd -- 1
2020-01-09 09:25:31,108 [40] INFO SiteLogger [(null)] - CheckResetCmd -- 2 - trans_id:
2020-01-09 09:25:31,108 [40] INFO SiteLogger [(null)] - CheckResetCmd -- 3
2020-01-09 09:25:31,108 [40] INFO SiteLogger [(null)] - ReceiveCmd -- 3
2020-01-09 09:25:31,108 [40] INFO SiteLogger [(null)] - UpdateFKDeviceStatus -- 0 - DevTime:20200109054513, DevId:DC68B057639F7F37, DevName:fk_deviceLE, DevInfo:{"face_data_ver":528,"firmware":"ZLIF104HS10 V2.77 BS0C2","firmware_filename":"zlif104hs10_bs0c2_um","fk_bin_data_lib":"FKDataHS101","fp_data_ver":128,"supported_enroll_data":["PASSWORD","IDCARD","FP","FACE"]}
2020-01-09 09:25:31,108 [40] INFO SiteLogger [(null)] - UpdateFKDeviceStatus -- 1
2020-01-09 09:25:31,108 [40] INFO SiteLogger [(null)] - UpdateFKDeviceStatus -- 2
2020-01-09 09:25:31,125 [40] INFO SiteLogger [(null)] - ReceiveCmd -- 4
2020-01-09 09:25:31,136 [40] INFO SiteLogger [(null)] - ReceiveCmd -- 5
2020-01-09 09:25:31,137 [40] INFO SiteLogger [(null)] - ReceiveCmd -- 5 - no cmd
2020-01-09 09:25:31,138 [40] INFO SiteLogger [(null)] - ReceiveCmd -- 11
2020-01-09 09:25:31,139 [40] INFO SiteLogger [(null)] - Page_Load - receive_cmd -- 4
2020-01-09 09:25:31,141 [40] INFO SiteLogger [(null)] - Page_Load - receive_cmd -- 5
2020-01-09 09:25:33,869 [41] INFO SiteLogger [(null)] - Contructor -- 0 - Conn:server=120.24.222.15;uid=sa;pwd=123456@hysoon;database=StandAttDB;Min Pool Size=0;Max Pool Size=512;Pooling=true;
2020-01-09 09:25:33,871 [41] INFO SiteLogger [(null)] - Page_Load -- **************** sRequestCode = receive_cmd dev_id=DC68B057639F7F37 trans_id=ReceiveCommandAction content_length=278
2020-01-09 09:25:33,872 [41] INFO SiteLogger [(null)] - Page_Load -- 1 - request_code : receive_cmd ,trans_id : ReceiveCommandAction
2020-01-09 09:25:33,874 [41] INFO SiteLogger [(null)] - Page_Load -- 3.4 - blk_no=0, blk_len=278
2020-01-09 09:25:33,875 [41] INFO SiteLogger [(null)] - Page_Load - receive_cmd -- 2
2020-01-09 09:25:33,876 [41] INFO SiteLogger [(null)] - Page_Load - receive_cmd -- 3 - DevName=fk_deviceLE, DevTime=20200109054516, DevInfo={"face_data_ver":528,"firmware":"ZLIF104HS10 V2.77 BS0C2","firmware_filename":"zlif104hs10_bs0c2_um","fk_bin_data_lib":"FKDataHS101","fp_data_ver":128,"supported_enroll_data":["PASSWORD","IDCARD","FP","FACE"]}
2020-01-09 09:25:33,878 [41] INFO SiteLogger [(null)] - ReceiveCmd -- 0 - Start
2020-01-09 09:25:33,879 [41] INFO SiteLogger [(null)] - ReceiveCmd -- 1 - Db connected
2020-01-09 09:25:33,880 [41] INFO SiteLogger [(null)] - ReceiveCmd -- 2
2020-01-09 09:25:33,882 [41] INFO SiteLogger [(null)] - CheckResetCmd -- 0 - dev_id:DC68B057639F7F37
2020-01-09 09:25:33,883 [41] INFO SiteLogger [(null)] - CheckResetCmd -- 1
2020-01-09 09:25:33,893 [41] INFO SiteLogger [(null)] - CheckResetCmd -- 2 - trans_id:
2020-01-09 09:25:33,895 [41] INFO SiteLogger [(null)] - CheckResetCmd -- 3
2020-01-09 09:25:33,896 [41] INFO SiteLogger [(null)] - ReceiveCmd -- 3
2020-01-09 09:25:33,897 [41] INFO SiteLogger [(null)] - UpdateFKDeviceStatus -- 0 - DevTime:20200109054516, DevId:DC68B057639F7F37, DevName:fk_deviceLE, DevInfo:{"face_data_ver":528,"firmware":"ZLIF104HS10 V2.77 BS0C2","firmware_filename":"zlif104hs10_bs0c2_um","fk_bin_data_lib":"FKDataHS101","fp_data_ver":128,"supported_enroll_data":["PASSWORD","IDCARD","FP","FACE"]}
2020-01-09 09:25:33,898 [41] INFO SiteLogger [(null)] - UpdateFKDeviceStatus -- 1
2020-01-09 09:25:33,909 [41] INFO SiteLogger [(null)] - UpdateFKDeviceStatus -- 2
2020-01-09 09:25:33,910 [41] INFO SiteLogger [(null)] - ReceiveCmd -- 4
2020-01-09 09:25:33,920 [41] INFO SiteLogger [(null)] - ReceiveCmd -- 5
2020-01-09 09:25:33,921 [41] INFO SiteLogger [(null)] - ReceiveCmd -- 5 - no cmd
2020-01-09 09:25:33,922 [41] INFO SiteLogger [(null)] - ReceiveCmd -- 11
2020-01-09 09:25:33,923 [41] INFO SiteLogger [(null)] - Page_Load - receive_cmd -- 4
2020-01-09 09:25:33,924 [41] INFO SiteLogger [(null)] - Page_Load - receive_cmd -- 5
2020-01-09 09:25:36,952 [56] INFO SiteLogger [(null)] - Contructor -- 0 - Conn:server=120.24.222.15;uid=sa;pwd=123456@hysoon;database=StandAttDB;Min Pool Size=0;Max Pool Size=512;Pooling=true;
2020-01-09 09:25:36,953 [56] INFO SiteLogger [(null)] - Page_Load -- **************** sRequestCode = receive_cmd dev_id=DC68B057639F7F37 trans_id=ReceiveCommandAction content_length=278
2020-01-09 09:25:36,955 [56] INFO SiteLogger [(null)] - Page_Load -- 1 - request_code : receive_cmd ,trans_id : ReceiveCommandAction
2020-01-09 09:25:36,956 [56] INFO SiteLogger [(null)] - Page_Load -- 3.4 - blk_no=0, blk_len=278
2020-01-09 09:25:36,957 [56] INFO SiteLogger [(null)] - Page_Load - receive_cmd -- 2
2020-01-09 09:25:36,959 [56] INFO SiteLogger [(null)] - Page_Load - receive_cmd -- 3 - DevName=fk_deviceLE, DevTime=20200109054519, DevInfo={"face_data_ver":528,"firmware":"ZLIF104HS10 V2.77 BS0C2","firmware_filename":"zlif104hs10_bs0c2_um","fk_bin_data_lib":"FKDataHS101","fp_data_ver":128,"supported_enroll_data":["PASSWORD","IDCARD","FP","FACE"]}
2020-01-09 09:25:36,960 [56] INFO SiteLogger [(null)] - ReceiveCmd -- 0 - Start
2020-01-09 09:25:36,961 [56] INFO SiteLogger [(null)] - ReceiveCmd -- 1 - Db connected
2020-01-09 09:25:36,962 [56] INFO SiteLogger [(null)] - ReceiveCmd -- 2
2020-01-09 09:25:36,963 [56] INFO SiteLogger [(null)] - CheckResetCmd -- 0 - dev_id:DC68B057639F7F37
2020-01-09 09:25:36,963 [56] INFO SiteLogger [(null)] - CheckResetCmd -- 1
2020-01-09 09:25:36,974 [56] INFO SiteLogger [(null)] - CheckResetCmd -- 2 - trans_id:
2020-01-09 09:25:36,975 [56] INFO SiteLogger [(null)] - CheckResetCmd -- 3
2020-01-09 09:25:36,976 [56] INFO SiteLogger [(null)] - ReceiveCmd -- 3
2020-01-09 09:25:36,977 [56] INFO SiteLogger [(null)] - UpdateFKDeviceStatus -- 0 - DevTime:20200109054519, DevId:DC68B057639F7F37, DevName:fk_deviceLE, DevInfo:{"face_data_ver":528,"firmware":"ZLIF104HS10 V2.77 BS0C2","firmware_filename":"zlif104hs10_bs0c2_um","fk_bin_data_lib":"FKDataHS101","fp_data_ver":128,"supported_enroll_data":["PASSWORD","IDCARD","FP","FACE"]}
2020-01-09 09:25:36,978 [56] INFO SiteLogger [(null)] - UpdateFKDeviceStatus -- 1
2020-01-09 09:25:36,988 [56] INFO SiteLogger [(null)] - UpdateFKDeviceStatus -- 2
2020-01-09 09:25:36,989 [56] INFO SiteLogger [(null)] - ReceiveCmd -- 4
2020-01-09 09:25:36,999 [56] INFO SiteLogger [(null)] - ReceiveCmd -- 5
2020-01-09 09:25:37,000 [56] INFO SiteLogger [(null)] - ReceiveCmd -- 5 - no cmd
2020-01-09 09:25:37,001 [56] INFO SiteLogger [(null)] - ReceiveCmd -- 11
2020-01-09 09:25:37,002 [56] INFO SiteLogger [(null)] - Page_Load - receive_cmd -- 4
2020-01-09 09:25:37,003 [56] INFO SiteLogger [(null)] - Page_Load - receive_cmd -- 5
2020-01-09 09:25:40,029 [59] INFO SiteLogger [(null)] - Contructor -- 0 - Conn:server=120.24.222.15;uid=sa;pwd=123456@hysoon;database=StandAttDB;Min Pool Size=0;Max Pool Size=512;Pooling=true;
2020-01-09 09:25:40,031 [59] INFO SiteLogger [(null)] - Page_Load -- **************** sRequestCode = receive_cmd dev_id=DC68B057639F7F37 trans_id=ReceiveCommandAction content_length=278
2020-01-09 09:25:40,032 [59] INFO SiteLogger [(null)] - Page_Load -- 1 - request_code : receive_cmd ,trans_id : ReceiveCommandAction
2020-01-09 09:25:40,034 [59] INFO SiteLogger [(null)] - Page_Load -- 3.4 - blk_no=0, blk_len=278
2020-01-09 09:25:40,035 [59] INFO SiteLogger [(null)] - Page_Load - receive_cmd -- 2
2020-01-09 09:25:40,037 [59] INFO SiteLogger [(null)] - Page_Load - receive_cmd -- 3 - DevName=fk_deviceLE, DevTime=20200109054522, DevInfo={"face_data_ver":528,"firmware":"ZLIF104HS10 V2.77 BS0C2","firmware_filename":"zlif104hs10_bs0c2_um","fk_bin_data_lib":"FKDataHS101","fp_data_ver":128,"supported_enroll_data":["PASSWORD","IDCARD","FP","FACE"]}
2020-01-09 09:25:40,038 [59] INFO SiteLogger [(null)] - ReceiveCmd -- 0 - Start
2020-01-09 09:25:40,039 [59] INFO SiteLogger [(null)] - ReceiveCmd -- 1 - Db connected
2020-01-09 09:25:40,040 [59] INFO SiteLogger [(null)] - ReceiveCmd -- 2
2020-01-09 09:25:40,042 [59] INFO SiteLogger [(null)] - CheckResetCmd -- 0 - dev_id:DC68B057639F7F37
2020-01-09 09:25:40,043 [59] INFO SiteLogger [(null)] - CheckResetCmd -- 1
2020-01-09 09:25:40,053 [59] INFO SiteLogger [(null)] - CheckResetCmd -- 2 - trans_id:
2020-01-09 09:25:40,055 [59] INFO SiteLogger [(null)] - CheckResetCmd -- 3
2020-01-09 09:25:40,056 [59] INFO SiteLogger [(null)] - ReceiveCmd -- 3
2020-01-09 09:25:40,058 [59] INFO SiteLogger [(null)] - UpdateFKDeviceStatus -- 0 - DevTime:20200109054522, DevId:DC68B057639F7F37, DevName:fk_deviceLE, DevInfo:{"face_data_ver":528,"firmware":"ZLIF104HS10 V2.77 BS0C2","firmware_filename":"zlif104hs10_bs0c2_um","fk_bin_data_lib":"FKDataHS101","fp_data_ver":128,"supported_enroll_data":["PASSWORD","IDCARD","FP","FACE"]}
2020-01-09 09:25:40,059 [59] INFO SiteLogger [(null)] - UpdateFKDeviceStatus -- 1
2020-01-09 09:25:40,070 [59] INFO SiteLogger [(null)] - UpdateFKDeviceStatus -- 2
2020-01-09 09:25:40,072 [59] INFO SiteLogger [(null)] - ReceiveCmd -- 4
2020-01-09 09:25:40,083 [59] INFO SiteLogger [(null)] - ReceiveCmd -- 5
2020-01-09 09:25:40,084 [59] INFO SiteLogger [(null)] - ReceiveCmd -- 5 - no cmd
2020-01-09 09:25:40,086 [59] INFO SiteLogger [(null)] - ReceiveCmd -- 11
2020-01-09 09:25:40,087 [59] INFO SiteLogger [(null)] - Page_Load - receive_cmd -- 4
2020-01-09 09:25:40,089 [59] INFO SiteLogger [(null)] - Page_Load - receive_cmd -- 5
2020-01-09 09:25:42,811 [22] INFO SiteLogger [(null)] - Contructor -- 0 - Conn:server=120.24.222.15;uid=sa;pwd=123456@hysoon;database=StandAttDB;Min Pool Size=0;Max Pool Size=512;Pooling=true;
2020-01-09 09:25:42,812 [22] INFO SiteLogger [(null)] - Page_Load -- **************** sRequestCode = receive_cmd dev_id=DC68B057639F7F37 trans_id=ReceiveCommandAction content_length=278
2020-01-09 09:25:42,812 [22] INFO SiteLogger [(null)] - Page_Load -- 1 - request_code : receive_cmd ,trans_id : ReceiveCommandAction
2020-01-09 09:25:42,812 [22] INFO SiteLogger [(null)] - Page_Load -- 3.4 - blk_no=0, blk_len=278
2020-01-09 09:25:42,813 [22] INFO SiteLogger [(null)] - Page_Load - receive_cmd -- 2
2020-01-09 09:25:42,813 [22] INFO SiteLogger [(null)] - Page_Load - receive_cmd -- 3 - DevName=fk_deviceLE, DevTime=20200109054525, DevInfo={"face_data_ver":528,"firmware":"ZLIF104HS10 V2.77 BS0C2","firmware_filename":"zlif104hs10_bs0c2_um","fk_bin_data_lib":"FKDataHS101","fp_data_ver":128,"supported_enroll_data":["PASSWORD","IDCARD","FP","FACE"]}
2020-01-09 09:25:42,813 [22] INFO SiteLogger [(null)] - ReceiveCmd -- 0 - Start
2020-01-09 09:25:42,813 [22] INFO SiteLogger [(null)] - ReceiveCmd -- 1 - Db connected
2020-01-09 09:25:42,814 [22] INFO SiteLogger [(null)] - ReceiveCmd -- 2
2020-01-09 09:25:42,814 [22] INFO SiteLogger [(null)] - CheckResetCmd -- 0 - dev_id:DC68B057639F7F37
2020-01-09 09:25:42,814 [22] INFO SiteLogger [(null)] - CheckResetCmd -- 1
2020-01-09 09:25:42,823 [22] INFO SiteLogger [(null)] - CheckResetCmd -- 2 - trans_id:
2020-01-09 09:25:42,824 [22] INFO SiteLogger [(null)] - CheckResetCmd -- 3
2020-01-09 09:25:42,824 [22] INFO SiteLogger [(null)] - ReceiveCmd -- 3
2020-01-09 09:25:42,824 [22] INFO SiteLogger [(null)] - UpdateFKDeviceStatus -- 0 - DevTime:20200109054525, DevId:DC68B057639F7F37, DevName:fk_deviceLE, DevInfo:{"face_data_ver":528,"firmware":"ZLIF104HS10 V2.77 BS0C2","firmware_filename":"zlif104hs10_bs0c2_um","fk_bin_data_lib":"FKDataHS101","fp_data_ver":128,"supported_enroll_data":["PASSWORD","IDCARD","FP","FACE"]}
2020-01-09 09:25:42,825 [22] INFO SiteLogger [(null)] - UpdateFKDeviceStatus -- 1
2020-01-09 09:25:42,834 [22] INFO SiteLogger [(null)] - UpdateFKDeviceStatus -- 2
2020-01-09 09:25:42,835 [22] INFO SiteLogger [(null)] - ReceiveCmd -- 4
2020-01-09 09:25:42,846 [22] INFO SiteLogger [(null)] - ReceiveCmd -- 5
2020-01-09 09:25:42,847 [22] INFO SiteLogger [(null)] - ReceiveCmd -- 6 - trans_id:717cmd_code:SET_USER_INFO
2020-01-09 09:25:42,847 [22] INFO SiteLogger [(null)] - ConvertEnrollDataInCmdParamBin -- 1 - 
2020-01-09 09:25:42,847 [22] INFO SiteLogger [(null)] - ConvertEnrollDataInCmdParamBin -- 1 - 1 - FpDataVer=128 FaceDataVer =528PalmDataVer =0
2020-01-09 09:25:42,848 [22] INFO SiteLogger [(null)] - ConvertEnrollDataInCmdParamBin -- 3 - 1 - 
2020-01-09 09:25:42,848 [22] INFO SiteLogger [(null)] - ConvertEnrollDataInCmdParamBin -- 3 - 2 - 
2020-01-09 09:25:42,849 [22] INFO SiteLogger [(null)] - ConvertEnrollDataInCmdParamBin -- 3 - 4 - 
2020-01-09 09:25:42,849 [22] INFO SiteLogger [(null)] - ConvertEnrollDataInCmdParamBin -- 3 - 5 - k=0
2020-01-09 09:25:42,849 [22] INFO SiteLogger [(null)] - ConvertEnrollDataInCmdParamBin -- 3 - 6 - k=0
2020-01-09 09:25:42,849 [22] INFO SiteLogger [(null)] - ConvertEnrollDataInCmdParamBin -- 3 - 7 - k=0
2020-01-09 09:25:42,849 [22] INFO SiteLogger [(null)] - ConvertEnrollDataInCmdParamBin -- 3 - 9 - k=0
2020-01-09 09:25:42,849 [22] INFO SiteLogger [(null)] - ConvertEnrollDataInCmdParamBin -- 3 - 10 - k=0
2020-01-09 09:25:42,849 [22] INFO SiteLogger [(null)] - ConvertEnrollDataInCmdParamBin -- 3 - 11 - 
2020-01-09 09:25:42,850 [22] INFO SiteLogger [(null)] - ConvertEnrollDataInCmdParamBin -- 3 - 12 - 
2020-01-09 09:25:42,850 [22] INFO SiteLogger [(null)] - ConvertEnrollDataInCmdParamBin -- 3 - 13 - 
2020-01-09 09:25:42,850 [22] INFO SiteLogger [(null)] - ConvertEnrollDataInCmdParamBin -- 3 - 14 - 
2020-01-09 09:25:42,851 [22] INFO SiteLogger [(null)] - ConvertEnrollDataInCmdParamBin -- 3 - 15 - 
2020-01-09 09:25:42,851 [22] INFO SiteLogger [(null)] - ConvertEnrollDataInCmdParamBin -- 3 - 16 - 
2020-01-09 09:25:42,851 [22] INFO SiteLogger [(null)] - ConvertEnrollDataInCmdParamBin -- 3 - 17 - 
2020-01-09 09:25:42,851 [22] INFO SiteLogger [(null)] - ReceiveCmd -- 11
2020-01-09 09:25:42,851 [22] INFO SiteLogger [(null)] - Page_Load - receive_cmd -- 4
2020-01-09 09:25:42,851 [22] INFO SiteLogger [(null)] - Page_Load - receive_cmd -- 5
2020-01-09 09:25:42,867 [59] INFO SiteLogger [(null)] - Contructor -- 0 - Conn:server=120.24.222.15;uid=sa;pwd=123456@hysoon;database=StandAttDB;Min Pool Size=0;Max Pool Size=512;Pooling=true;
2020-01-09 09:25:42,868 [59] INFO SiteLogger [(null)] - Page_Load -- **************** sRequestCode = send_cmd_result dev_id=DC68B057639F7F37 trans_id=717 content_length=0
2020-01-09 09:25:42,868 [59] INFO SiteLogger [(null)] - Page_Load -- 1 - request_code : send_cmd_result ,trans_id : 717
2020-01-09 09:25:42,869 [59] INFO SiteLogger [(null)] - Page_Load -- 3.4 - blk_no=0, blk_len=0
2020-01-09 09:25:42,869 [59] INFO SiteLogger [(null)] - Page_Load - send_cmd_result -- 1
2020-01-09 09:25:42,869 [59] INFO SiteLogger [(null)] - Page_Load - send_cmd_result -- 2 - trans_id:717
2020-01-09 09:25:42,870 [59] INFO SiteLogger [(null)] - CheckResetCmd -- 0 - dev_id:DC68B057639F7F37
2020-01-09 09:25:42,870 [59] INFO SiteLogger [(null)] - CheckResetCmd -- 1
2020-01-09 09:25:42,879 [59] INFO SiteLogger [(null)] - CheckResetCmd -- 2 - trans_id:
2020-01-09 09:25:42,880 [59] INFO SiteLogger [(null)] - CheckResetCmd -- 3
2020-01-09 09:25:42,880 [59] INFO SiteLogger [(null)] - IsCancelledCmd -- 0 - dev_id:DC68B057639F7F37trans_id:717
2020-01-09 09:25:42,880 [59] INFO SiteLogger [(null)] - IsCancelledCmd -- 1
2020-01-09 09:25:42,880 [59] INFO SiteLogger [(null)] - IsCancelledCmd -- 1.1
2020-01-09 09:25:42,889 [59] INFO SiteLogger [(null)] - IsCancelledCmd -- 2 - status:
2020-01-09 09:25:42,889 [59] INFO SiteLogger [(null)] - IsCancelledCmd -- 3
2020-01-09 09:25:42,890 [59] INFO SiteLogger [(null)] - Page_Load - send_cmd_result -- 3
2020-01-09 09:25:42,890 [59] INFO SiteLogger [(null)] - SetCmdResult -- 0 - trans_id:717, dev_id:DC68B057639F7F37
2020-01-09 09:25:42,890 [59] INFO SiteLogger [(null)] - SetCmdResult -- 1
2020-01-09 09:25:42,891 [59] INFO SiteLogger [(null)] - SetCmdResult -- 2
2020-01-09 09:25:42,891 [59] INFO SiteLogger [(null)] - SaveCmdResultLogData -- 1
2020-01-09 09:25:42,891 [59] INFO SiteLogger [(null)] - SaveCmdResultLogData -- 2
2020-01-09 09:25:42,900 [59] INFO SiteLogger [(null)] - SaveCmdResultSLogData -- 1
2020-01-09 09:25:42,901 [59] INFO SiteLogger [(null)] - SaveCmdResultSLogData -- 2
2020-01-09 09:25:42,909 [59] INFO SiteLogger [(null)] - SaveUserIdList -- 1
2020-01-09 09:25:42,910 [59] INFO SiteLogger [(null)] - SaveUserIdList -- 2 astrans_id = 717
2020-01-09 09:25:42,919 [59] INFO SiteLogger [(null)] - SaveUserIdList -- 2-1 astrans_id = 717
2020-01-09 09:25:42,919 [59] INFO SiteLogger [(null)] - GetDeviceStatus -- 1
2020-01-09 09:25:42,919 [59] INFO SiteLogger [(null)] - GetDeviceStatus -- 2
2020-01-09 09:25:42,938 [59] INFO SiteLogger [(null)] - SetCmdResult -- 3
2020-01-09 09:25:42,938 [59] INFO SiteLogger [(null)] - Page_Load - send_cmd_result -- 4
2020-01-09 09:25:42,939 [59] INFO SiteLogger [(null)] - Page_Load - send_cmd_result -- 5
2020-01-09 09:25:43,249 [41] INFO SiteLogger [(null)] - Contructor -- 0 - Conn:server=120.24.222.15;uid=sa;pwd=123456@hysoon;database=StandAttDB;Min Pool Size=0;Max Pool Size=512;Pooling=true;
2020-01-09 09:25:43,250 [41] INFO SiteLogger [(null)] - Page_Load -- **************** sRequestCode = receive_cmd dev_id=DC68B057639F7F37 trans_id=ReceiveCommandAction content_length=278
2020-01-09 09:25:43,252 [41] INFO SiteLogger [(null)] - Page_Load -- 1 - request_code : receive_cmd ,trans_id : ReceiveCommandAction
2020-01-09 09:25:43,253 [41] INFO SiteLogger [(null)] - Page_Load -- 3.4 - blk_no=0, blk_len=278
2020-01-09 09:25:43,255 [41] INFO SiteLogger [(null)] - Page_Load - receive_cmd -- 2
2020-01-09 09:25:43,256 [41] INFO SiteLogger [(null)] - Page_Load - receive_cmd -- 3 - DevName=fk_deviceLE, DevTime=20200109054525, DevInfo={"face_data_ver":528,"firmware":"ZLIF104HS10 V2.77 BS0C2","firmware_filename":"zlif104hs10_bs0c2_um","fk_bin_data_lib":"FKDataHS101","fp_data_ver":128,"supported_enroll_data":["PASSWORD","IDCARD","FP","FACE"]}
2020-01-09 09:25:43,257 [41] INFO SiteLogger [(null)] - ReceiveCmd -- 0 - Start
2020-01-09 09:25:43,288 [41] INFO SiteLogger [(null)] - ReceiveCmd -- 1 - Db connected
2020-01-09 09:25:43,288 [41] INFO SiteLogger [(null)] - ReceiveCmd -- 2
2020-01-09 09:25:43,288 [41] INFO SiteLogger [(null)] - CheckResetCmd -- 0 - dev_id:DC68B057639F7F37
2020-01-09 09:25:43,303 [41] INFO SiteLogger [(null)] - CheckResetCmd -- 1
2020-01-09 09:25:43,303 [41] INFO SiteLogger [(null)] - CheckResetCmd -- 2 - trans_id:
2020-01-09 09:25:43,303 [41] INFO SiteLogger [(null)] - CheckResetCmd -- 3
2020-01-09 09:25:43,303 [41] INFO SiteLogger [(null)] - ReceiveCmd -- 3
2020-01-09 09:25:43,303 [41] INFO SiteLogger [(null)] - UpdateFKDeviceStatus -- 0 - DevTime:20200109054525, DevId:DC68B057639F7F37, DevName:fk_deviceLE, DevInfo:{"face_data_ver":528,"firmware":"ZLIF104HS10 V2.77 BS0C2","firmware_filename":"zlif104hs10_bs0c2_um","fk_bin_data_lib":"FKDataHS101","fp_data_ver":128,"supported_enroll_data":["PASSWORD","IDCARD","FP","FACE"]}
2020-01-09 09:25:43,319 [41] INFO SiteLogger [(null)] - UpdateFKDeviceStatus -- 1
2020-01-09 09:25:43,319 [41] INFO SiteLogger [(null)] - UpdateFKDeviceStatus -- 2
2020-01-09 09:25:43,319 [41] INFO SiteLogger [(null)] - ReceiveCmd -- 4
2020-01-09 09:25:43,341 [41] INFO SiteLogger [(null)] - ReceiveCmd -- 5
2020-01-09 09:25:43,341 [41] INFO SiteLogger [(null)] - ReceiveCmd -- 5 - no cmd
2020-01-09 09:25:43,342 [41] INFO SiteLogger [(null)] - ReceiveCmd -- 11
2020-01-09 09:25:43,342 [41] INFO SiteLogger [(null)] - Page_Load - receive_cmd -- 4
2020-01-09 09:25:43,343 [41] INFO SiteLogger [(null)] - Page_Load - receive_cmd -- 5
2020-01-09 09:25:46,058 [31] INFO SiteLogger [(null)] - Contructor -- 0 - Conn:server=120.24.222.15;uid=sa;pwd=123456@hysoon;database=StandAttDB;Min Pool Size=0;Max Pool Size=512;Pooling=true;
2020-01-09 09:25:46,058 [31] INFO SiteLogger [(null)] - Page_Load -- **************** sRequestCode = receive_cmd dev_id=DC68B057639F7F37 trans_id=ReceiveCommandAction content_length=278
2020-01-09 09:25:46,058 [31] INFO SiteLogger [(null)] - Page_Load -- 1 - request_code : receive_cmd ,trans_id : ReceiveCommandAction
2020-01-09 09:25:46,058 [31] INFO SiteLogger [(null)] - Page_Load -- 3.4 - blk_no=0, blk_len=278
2020-01-09 09:25:46,075 [31] INFO SiteLogger [(null)] - Page_Load - receive_cmd -- 2
2020-01-09 09:25:46,076 [31] INFO SiteLogger [(null)] - Page_Load - receive_cmd -- 3 - DevName=fk_deviceLE, DevTime=20200109054528, DevInfo={"face_data_ver":528,"firmware":"ZLIF104HS10 V2.77 BS0C2","firmware_filename":"zlif104hs10_bs0c2_um","fk_bin_data_lib":"FKDataHS101","fp_data_ver":128,"supported_enroll_data":["PASSWORD","IDCARD","FP","FACE"]}
2020-01-09 09:25:46,077 [31] INFO SiteLogger [(null)] - ReceiveCmd -- 0 - Start
2020-01-09 09:25:46,079 [31] INFO SiteLogger [(null)] - ReceiveCmd -- 1 - Db connected
2020-01-09 09:25:46,080 [31] INFO SiteLogger [(null)] - ReceiveCmd -- 2
2020-01-09 09:25:46,081 [31] INFO SiteLogger [(null)] - CheckResetCmd -- 0 - dev_id:DC68B057639F7F37
2020-01-09 09:25:46,083 [31] INFO SiteLogger [(null)] - CheckResetCmd -- 1
2020-01-09 09:25:46,094 [31] INFO SiteLogger [(null)] - CheckResetCmd -- 2 - trans_id:
2020-01-09 09:25:46,095 [31] INFO SiteLogger [(null)] - CheckResetCmd -- 3
2020-01-09 09:25:46,097 [31] INFO SiteLogger [(null)] - ReceiveCmd -- 3
2020-01-09 09:25:46,098 [31] INFO SiteLogger [(null)] - UpdateFKDeviceStatus -- 0 - DevTime:20200109054528, DevId:DC68B057639F7F37, DevName:fk_deviceLE, DevInfo:{"face_data_ver":528,"firmware":"ZLIF104HS10 V2.77 BS0C2","firmware_filename":"zlif104hs10_bs0c2_um","fk_bin_data_lib":"FKDataHS101","fp_data_ver":128,"supported_enroll_data":["PASSWORD","IDCARD","FP","FACE"]}
2020-01-09 09:25:46,099 [31] INFO SiteLogger [(null)] - UpdateFKDeviceStatus -- 1
2020-01-09 09:25:46,111 [31] INFO SiteLogger [(null)] - UpdateFKDeviceStatus -- 2
2020-01-09 09:25:46,113 [31] INFO SiteLogger [(null)] - ReceiveCmd -- 4
2020-01-09 09:25:46,125 [31] INFO SiteLogger [(null)] - ReceiveCmd -- 5
2020-01-09 09:25:46,126 [31] INFO SiteLogger [(null)] - ReceiveCmd -- 5 - no cmd
2020-01-09 09:25:46,126 [31] INFO SiteLogger [(null)] - ReceiveCmd -- 11
2020-01-09 09:25:46,126 [31] INFO SiteLogger [(null)] - Page_Load - receive_cmd -- 4
2020-01-09 09:25:46,126 [31] INFO SiteLogger [(null)] - Page_Load - receive_cmd -- 5
2020-01-09 09:25:48,862 [40] INFO SiteLogger [(null)] - Contructor -- 0 - Conn:server=120.24.222.15;uid=sa;pwd=123456@hysoon;database=StandAttDB;Min Pool Size=0;Max Pool Size=512;Pooling=true;
2020-01-09 09:25:48,863 [40] INFO SiteLogger [(null)] - Page_Load -- **************** sRequestCode = receive_cmd dev_id=DC68B057639F7F37 trans_id=ReceiveCommandAction content_length=278
2020-01-09 09:25:48,864 [40] INFO SiteLogger [(null)] - Page_Load -- 1 - request_code : receive_cmd ,trans_id : ReceiveCommandAction
2020-01-09 09:25:48,866 [40] INFO SiteLogger [(null)] - Page_Load -- 3.4 - blk_no=0, blk_len=278
2020-01-09 09:25:48,867 [40] INFO SiteLogger [(null)] - Page_Load - receive_cmd -- 2
2020-01-09 09:25:48,869 [40] INFO SiteLogger [(null)] - Page_Load - receive_cmd -- 3 - DevName=fk_deviceLE, DevTime=20200109054531, DevInfo={"face_data_ver":528,"firmware":"ZLIF104HS10 V2.77 BS0C2","firmware_filename":"zlif104hs10_bs0c2_um","fk_bin_data_lib":"FKDataHS101","fp_data_ver":128,"supported_enroll_data":["PASSWORD","IDCARD","FP","FACE"]}
2020-01-09 09:25:48,869 [40] INFO SiteLogger [(null)] - ReceiveCmd -- 0 - Start
2020-01-09 09:25:48,870 [40] INFO SiteLogger [(null)] - ReceiveCmd -- 1 - Db connected
2020-01-09 09:25:48,871 [40] INFO SiteLogger [(null)] - ReceiveCmd -- 2
2020-01-09 09:25:48,872 [40] INFO SiteLogger [(null)] - CheckResetCmd -- 0 - dev_id:DC68B057639F7F37
2020-01-09 09:25:48,872 [40] INFO SiteLogger [(null)] - CheckResetCmd -- 1
2020-01-09 09:25:48,882 [40] INFO SiteLogger [(null)] - CheckResetCmd -- 2 - trans_id:
2020-01-09 09:25:48,883 [40] INFO SiteLogger [(null)] - CheckResetCmd -- 3
2020-01-09 09:25:48,884 [40] INFO SiteLogger [(null)] - ReceiveCmd -- 3
2020-01-09 09:25:48,884 [40] INFO SiteLogger [(null)] - UpdateFKDeviceStatus -- 0 - DevTime:20200109054531, DevId:DC68B057639F7F37, DevName:fk_deviceLE, DevInfo:{"face_data_ver":528,"firmware":"ZLIF104HS10 V2.77 BS0C2","firmware_filename":"zlif104hs10_bs0c2_um","fk_bin_data_lib":"FKDataHS101","fp_data_ver":128,"supported_enroll_data":["PASSWORD","IDCARD","FP","FACE"]}
2020-01-09 09:25:48,885 [40] INFO SiteLogger [(null)] - UpdateFKDeviceStatus -- 1
2020-01-09 09:25:48,897 [40] INFO SiteLogger [(null)] - UpdateFKDeviceStatus -- 2
2020-01-09 09:25:48,897 [40] INFO SiteLogger [(null)] - ReceiveCmd -- 4
2020-01-09 09:25:48,898 [40] INFO SiteLogger [(null)] - ReceiveCmd -- 5
2020-01-09 09:25:48,898 [40] INFO SiteLogger [(null)] - ReceiveCmd -- 6 - trans_id:718cmd_code:CLEAR_MANAGER
2020-01-09 09:25:48,898 [40] INFO SiteLogger [(null)] - ReceiveCmd -- 11
2020-01-09 09:25:48,898 [40] INFO SiteLogger [(null)] - Page_Load - receive_cmd -- 4
2020-01-09 09:25:48,914 [40] INFO SiteLogger [(null)] - Page_Load - receive_cmd -- 5
2020-01-09 09:25:48,914 [41] INFO SiteLogger [(null)] - Contructor -- 0 - Conn:server=120.24.222.15;uid=sa;pwd=123456@hysoon;database=StandAttDB;Min Pool Size=0;Max Pool Size=512;Pooling=true;
2020-01-09 09:25:48,914 [41] INFO SiteLogger [(null)] - Page_Load -- **************** sRequestCode = send_cmd_result dev_id=DC68B057639F7F37 trans_id=718 content_length=0
2020-01-09 09:25:48,914 [41] INFO SiteLogger [(null)] - Page_Load -- 1 - request_code : send_cmd_result ,trans_id : 718
2020-01-09 09:25:48,914 [41] INFO SiteLogger [(null)] - Page_Load -- 3.4 - blk_no=0, blk_len=0
2020-01-09 09:25:48,914 [41] INFO SiteLogger [(null)] - Page_Load - send_cmd_result -- 1
2020-01-09 09:25:48,930 [41] INFO SiteLogger [(null)] - Page_Load - send_cmd_result -- 2 - trans_id:718
2020-01-09 09:25:48,930 [41] INFO SiteLogger [(null)] - CheckResetCmd -- 0 - dev_id:DC68B057639F7F37
2020-01-09 09:25:48,930 [41] INFO SiteLogger [(null)] - CheckResetCmd -- 1
2020-01-09 09:25:48,930 [41] INFO SiteLogger [(null)] - CheckResetCmd -- 2 - trans_id:
2020-01-09 09:25:48,930 [41] INFO SiteLogger [(null)] - CheckResetCmd -- 3
2020-01-09 09:25:48,930 [41] INFO SiteLogger [(null)] - IsCancelledCmd -- 0 - dev_id:DC68B057639F7F37trans_id:718
2020-01-09 09:25:48,930 [41] INFO SiteLogger [(null)] - IsCancelledCmd -- 1
2020-01-09 09:25:48,930 [41] INFO SiteLogger [(null)] - IsCancelledCmd -- 1.1
2020-01-09 09:25:48,954 [41] INFO SiteLogger [(null)] - IsCancelledCmd -- 2 - status:
2020-01-09 09:25:48,955 [41] INFO SiteLogger [(null)] - IsCancelledCmd -- 3
2020-01-09 09:25:48,956 [41] INFO SiteLogger [(null)] - Page_Load - send_cmd_result -- 3
2020-01-09 09:25:48,957 [41] INFO SiteLogger [(null)] - SetCmdResult -- 0 - trans_id:718, dev_id:DC68B057639F7F37
2020-01-09 09:25:48,958 [41] INFO SiteLogger [(null)] - SetCmdResult -- 1
2020-01-09 09:25:48,958 [41] INFO SiteLogger [(null)] - SetCmdResult -- 2
2020-01-09 09:25:48,959 [41] INFO SiteLogger [(null)] - SaveCmdResultLogData -- 1
2020-01-09 09:25:48,961 [41] INFO SiteLogger [(null)] - SaveCmdResultLogData -- 2
2020-01-09 09:25:48,972 [41] INFO SiteLogger [(null)] - SaveCmdResultSLogData -- 1
2020-01-09 09:25:48,973 [41] INFO SiteLogger [(null)] - SaveCmdResultSLogData -- 2
2020-01-09 09:25:48,985 [41] INFO SiteLogger [(null)] - SaveUserIdList -- 1
2020-01-09 09:25:48,986 [41] INFO SiteLogger [(null)] - SaveUserIdList -- 2 astrans_id = 718
2020-01-09 09:25:48,997 [41] INFO SiteLogger [(null)] - SaveUserIdList -- 2-1 astrans_id = 718
2020-01-09 09:25:48,997 [41] INFO SiteLogger [(null)] - GetDeviceStatus -- 1
2020-01-09 09:25:48,997 [41] INFO SiteLogger [(null)] - GetDeviceStatus -- 2
2020-01-09 09:25:49,013 [41] INFO SiteLogger [(null)] - SetCmdResult -- 3
2020-01-09 09:25:49,013 [41] INFO SiteLogger [(null)] - Page_Load - send_cmd_result -- 4
2020-01-09 09:25:49,013 [41] INFO SiteLogger [(null)] - Page_Load - send_cmd_result -- 5
2020-01-09 09:25:49,325 [45] INFO SiteLogger [(null)] - Contructor -- 0 - Conn:server=120.24.222.15;uid=sa;pwd=123456@hysoon;database=StandAttDB;Min Pool Size=0;Max Pool Size=512;Pooling=true;
2020-01-09 09:25:49,325 [45] INFO SiteLogger [(null)] - Page_Load -- **************** sRequestCode = receive_cmd dev_id=DC68B057639F7F37 trans_id=ReceiveCommandAction content_length=278
2020-01-09 09:25:49,325 [45] INFO SiteLogger [(null)] - Page_Load -- 1 - request_code : receive_cmd ,trans_id : ReceiveCommandAction
2020-01-09 09:25:49,325 [45] INFO SiteLogger [(null)] - Page_Load -- 3.4 - blk_no=0, blk_len=278
2020-01-09 09:25:49,325 [45] INFO SiteLogger [(null)] - Page_Load - receive_cmd -- 2
2020-01-09 09:25:49,341 [45] INFO SiteLogger [(null)] - Page_Load - receive_cmd -- 3 - DevName=fk_deviceLE, DevTime=20200109054531, DevInfo={"face_data_ver":528,"firmware":"ZLIF104HS10 V2.77 BS0C2","firmware_filename":"zlif104hs10_bs0c2_um","fk_bin_data_lib":"FKDataHS101","fp_data_ver":128,"supported_enroll_data":["PASSWORD","IDCARD","FP","FACE"]}
2020-01-09 09:25:49,342 [45] INFO SiteLogger [(null)] - ReceiveCmd -- 0 - Start
2020-01-09 09:25:49,388 [45] INFO SiteLogger [(null)] - ReceiveCmd -- 1 - Db connected
2020-01-09 09:25:49,390 [45] INFO SiteLogger [(null)] - ReceiveCmd -- 2
2020-01-09 09:25:49,391 [45] INFO SiteLogger [(null)] - CheckResetCmd -- 0 - dev_id:DC68B057639F7F37
2020-01-09 09:25:49,392 [45] INFO SiteLogger [(null)] - CheckResetCmd -- 1
2020-01-09 09:25:49,409 [45] INFO SiteLogger [(null)] - CheckResetCmd -- 2 - trans_id:
2020-01-09 09:25:49,409 [45] INFO SiteLogger [(null)] - CheckResetCmd -- 3
2020-01-09 09:25:49,409 [45] INFO SiteLogger [(null)] - ReceiveCmd -- 3
2020-01-09 09:25:49,409 [45] INFO SiteLogger [(null)] - UpdateFKDeviceStatus -- 0 - DevTime:20200109054531, DevId:DC68B057639F7F37, DevName:fk_deviceLE, DevInfo:{"face_data_ver":528,"firmware":"ZLIF104HS10 V2.77 BS0C2","firmware_filename":"zlif104hs10_bs0c2_um","fk_bin_data_lib":"FKDataHS101","fp_data_ver":128,"supported_enroll_data":["PASSWORD","IDCARD","FP","FACE"]}
2020-01-09 09:25:49,409 [45] INFO SiteLogger [(null)] - UpdateFKDeviceStatus -- 1
2020-01-09 09:25:49,425 [45] INFO SiteLogger [(null)] - UpdateFKDeviceStatus -- 2
2020-01-09 09:25:49,425 [45] INFO SiteLogger [(null)] - ReceiveCmd -- 4
2020-01-09 09:25:49,443 [45] INFO SiteLogger [(null)] - ReceiveCmd -- 5
2020-01-09 09:25:49,445 [45] INFO SiteLogger [(null)] - ReceiveCmd -- 5 - no cmd
2020-01-09 09:25:49,446 [45] INFO SiteLogger [(null)] - ReceiveCmd -- 11
2020-01-09 09:25:49,447 [45] INFO SiteLogger [(null)] - Page_Load - receive_cmd -- 4
2020-01-09 09:25:49,449 [45] INFO SiteLogger [(null)] - Page_Load - receive_cmd -- 5
2020-01-09 09:25:51,871 [40] INFO SiteLogger [(null)] - Contructor -- 0 - Conn:server=120.24.222.15;uid=sa;pwd=123456@hysoon;database=StandAttDB;Min Pool Size=0;Max Pool Size=512;Pooling=true;
2020-01-09 09:25:51,872 [40] INFO SiteLogger [(null)] - Page_Load -- **************** sRequestCode = receive_cmd dev_id=DC68B057639F7F37 trans_id=ReceiveCommandAction content_length=278
2020-01-09 09:25:51,874 [40] INFO SiteLogger [(null)] - Page_Load -- 1 - request_code : receive_cmd ,trans_id : ReceiveCommandAction
2020-01-09 09:25:51,875 [40] INFO SiteLogger [(null)] - Page_Load -- 3.4 - blk_no=0, blk_len=278
2020-01-09 09:25:51,876 [40] INFO SiteLogger [(null)] - Page_Load - receive_cmd -- 2
2020-01-09 09:25:51,878 [40] INFO SiteLogger [(null)] - Page_Load - receive_cmd -- 3 - DevName=fk_deviceLE, DevTime=20200109054534, DevInfo={"face_data_ver":528,"firmware":"ZLIF104HS10 V2.77 BS0C2","firmware_filename":"zlif104hs10_bs0c2_um","fk_bin_data_lib":"FKDataHS101","fp_data_ver":128,"supported_enroll_data":["PASSWORD","IDCARD","FP","FACE"]}
2020-01-09 09:25:51,879 [40] INFO SiteLogger [(null)] - ReceiveCmd -- 0 - Start
2020-01-09 09:25:51,881 [40] INFO SiteLogger [(null)] - ReceiveCmd -- 1 - Db connected
2020-01-09 09:25:51,882 [40] INFO SiteLogger [(null)] - ReceiveCmd -- 2
2020-01-09 09:25:51,883 [40] INFO SiteLogger [(null)] - CheckResetCmd -- 0 - dev_id:DC68B057639F7F37
2020-01-09 09:25:51,884 [40] INFO SiteLogger [(null)] - CheckResetCmd -- 1
2020-01-09 09:25:51,897 [40] INFO SiteLogger [(null)] - CheckResetCmd -- 2 - trans_id:
2020-01-09 09:25:51,899 [40] INFO SiteLogger [(null)] - CheckResetCmd -- 3
2020-01-09 09:25:51,900 [40] INFO SiteLogger [(null)] - ReceiveCmd -- 3
2020-01-09 09:25:51,901 [40] INFO SiteLogger [(null)] - UpdateFKDeviceStatus -- 0 - DevTime:20200109054534, DevId:DC68B057639F7F37, DevName:fk_deviceLE, DevInfo:{"face_data_ver":528,"firmware":"ZLIF104HS10 V2.77 BS0C2","firmware_filename":"zlif104hs10_bs0c2_um","fk_bin_data_lib":"FKDataHS101","fp_data_ver":128,"supported_enroll_data":["PASSWORD","IDCARD","FP","FACE"]}
2020-01-09 09:25:51,901 [40] INFO SiteLogger [(null)] - UpdateFKDeviceStatus -- 1
2020-01-09 09:25:51,917 [40] INFO SiteLogger [(null)] - UpdateFKDeviceStatus -- 2
2020-01-09 09:25:51,917 [40] INFO SiteLogger [(null)] - ReceiveCmd -- 4
2020-01-09 09:25:51,917 [40] INFO SiteLogger [(null)] - ReceiveCmd -- 5
2020-01-09 09:25:51,932 [40] INFO SiteLogger [(null)] - ReceiveCmd -- 5 - no cmd
2020-01-09 09:25:51,932 [40] INFO SiteLogger [(null)] - ReceiveCmd -- 11
2020-01-09 09:25:51,932 [40] INFO SiteLogger [(null)] - Page_Load - receive_cmd -- 4
2020-01-09 09:25:51,932 [40] INFO SiteLogger [(null)] - Page_Load - receive_cmd -- 5
2020-01-09 09:25:54,970 [41] INFO SiteLogger [(null)] - Contructor -- 0 - Conn:server=120.24.222.15;uid=sa;pwd=123456@hysoon;database=StandAttDB;Min Pool Size=0;Max Pool Size=512;Pooling=true;
2020-01-09 09:25:54,972 [41] INFO SiteLogger [(null)] - Page_Load -- **************** sRequestCode = receive_cmd dev_id=DC68B057639F7F37 trans_id=ReceiveCommandAction content_length=278
2020-01-09 09:25:54,973 [41] INFO SiteLogger [(null)] - Page_Load -- 1 - request_code : receive_cmd ,trans_id : ReceiveCommandAction
2020-01-09 09:25:54,974 [41] INFO SiteLogger [(null)] - Page_Load -- 3.4 - blk_no=0, blk_len=278
2020-01-09 09:25:54,976 [41] INFO SiteLogger [(null)] - Page_Load - receive_cmd -- 2
2020-01-09 09:25:54,977 [41] INFO SiteLogger [(null)] - Page_Load - receive_cmd -- 3 - DevName=fk_deviceLE, DevTime=20200109054537, DevInfo={"face_data_ver":528,"firmware":"ZLIF104HS10 V2.77 BS0C2","firmware_filename":"zlif104hs10_bs0c2_um","fk_bin_data_lib":"FKDataHS101","fp_data_ver":128,"supported_enroll_data":["PASSWORD","IDCARD","FP","FACE"]}
2020-01-09 09:25:54,979 [41] INFO SiteLogger [(null)] - ReceiveCmd -- 0 - Start
2020-01-09 09:25:54,980 [41] INFO SiteLogger [(null)] - ReceiveCmd -- 1 - Db connected
2020-01-09 09:25:54,981 [41] INFO SiteLogger [(null)] - ReceiveCmd -- 2
2020-01-09 09:25:54,982 [41] INFO SiteLogger [(null)] - CheckResetCmd -- 0 - dev_id:DC68B057639F7F37
2020-01-09 09:25:54,984 [41] INFO SiteLogger [(null)] - CheckResetCmd -- 1
2020-01-09 09:25:54,996 [41] INFO SiteLogger [(null)] - CheckResetCmd -- 2 - trans_id:
2020-01-09 09:25:54,998 [41] INFO SiteLogger [(null)] - CheckResetCmd -- 3
2020-01-09 09:25:54,999 [41] INFO SiteLogger [(null)] - ReceiveCmd -- 3
2020-01-09 09:25:55,013 [41] INFO SiteLogger [(null)] - UpdateFKDeviceStatus -- 0 - DevTime:20200109054537, DevId:DC68B057639F7F37, DevName:fk_deviceLE, DevInfo:{"face_data_ver":528,"firmware":"ZLIF104HS10 V2.77 BS0C2","firmware_filename":"zlif104hs10_bs0c2_um","fk_bin_data_lib":"FKDataHS101","fp_data_ver":128,"supported_enroll_data":["PASSWORD","IDCARD","FP","FACE"]}
2020-01-09 09:25:55,014 [41] INFO SiteLogger [(null)] - UpdateFKDeviceStatus -- 1
2020-01-09 09:25:55,027 [41] INFO SiteLogger [(null)] - UpdateFKDeviceStatus -- 2
2020-01-09 09:25:55,028 [41] INFO SiteLogger [(null)] - ReceiveCmd -- 4
2020-01-09 09:25:55,040 [41] INFO SiteLogger [(null)] - ReceiveCmd -- 5
2020-01-09 09:25:55,040 [41] INFO SiteLogger [(null)] - ReceiveCmd -- 5 - no cmd
2020-01-09 09:25:55,041 [41] INFO SiteLogger [(null)] - ReceiveCmd -- 11
2020-01-09 09:25:55,042 [41] INFO SiteLogger [(null)] - Page_Load - receive_cmd -- 4
2020-01-09 09:25:55,042 [41] INFO SiteLogger [(null)] - Page_Load - receive_cmd -- 5
2020-01-09 09:25:58,075 [22] INFO SiteLogger [(null)] - Contructor -- 0 - Conn:server=120.24.222.15;uid=sa;pwd=123456@hysoon;database=StandAttDB;Min Pool Size=0;Max Pool Size=512;Pooling=true;
2020-01-09 09:25:58,075 [22] INFO SiteLogger [(null)] - Page_Load -- **************** sRequestCode = receive_cmd dev_id=DC68B057639F7F37 trans_id=ReceiveCommandAction content_length=278
2020-01-09 09:25:58,076 [22] INFO SiteLogger [(null)] - Page_Load -- 1 - request_code : receive_cmd ,trans_id : ReceiveCommandAction
2020-01-09 09:25:58,076 [22] INFO SiteLogger [(null)] - Page_Load -- 3.4 - blk_no=0, blk_len=278
2020-01-09 09:25:58,077 [22] INFO SiteLogger [(null)] - Page_Load - receive_cmd -- 2
2020-01-09 09:25:58,077 [22] INFO SiteLogger [(null)] - Page_Load - receive_cmd -- 3 - DevName=fk_deviceLE, DevTime=20200109054540, DevInfo={"face_data_ver":528,"firmware":"ZLIF104HS10 V2.77 BS0C2","firmware_filename":"zlif104hs10_bs0c2_um","fk_bin_data_lib":"FKDataHS101","fp_data_ver":128,"supported_enroll_data":["PASSWORD","IDCARD","FP","FACE"]}
2020-01-09 09:25:58,078 [22] INFO SiteLogger [(null)] - ReceiveCmd -- 0 - Start
2020-01-09 09:25:58,078 [22] INFO SiteLogger [(null)] - ReceiveCmd -- 1 - Db connected
2020-01-09 09:25:58,079 [22] INFO SiteLogger [(null)] - ReceiveCmd -- 2
2020-01-09 09:25:58,079 [22] INFO SiteLogger [(null)] - CheckResetCmd -- 0 - dev_id:DC68B057639F7F37
2020-01-09 09:25:58,080 [22] INFO SiteLogger [(null)] - CheckResetCmd -- 1
2020-01-09 09:25:58,091 [22] INFO SiteLogger [(null)] - CheckResetCmd -- 2 - trans_id:
2020-01-09 09:25:58,092 [22] INFO SiteLogger [(null)] - CheckResetCmd -- 3
2020-01-09 09:25:58,092 [22] INFO SiteLogger [(null)] - ReceiveCmd -- 3
2020-01-09 09:25:58,093 [22] INFO SiteLogger [(null)] - UpdateFKDeviceStatus -- 0 - DevTime:20200109054540, DevId:DC68B057639F7F37, DevName:fk_deviceLE, DevInfo:{"face_data_ver":528,"firmware":"ZLIF104HS10 V2.77 BS0C2","firmware_filename":"zlif104hs10_bs0c2_um","fk_bin_data_lib":"FKDataHS101","fp_data_ver":128,"supported_enroll_data":["PASSWORD","IDCARD","FP","FACE"]}
2020-01-09 09:25:58,093 [22] INFO SiteLogger [(null)] - UpdateFKDeviceStatus -- 1
2020-01-09 09:25:58,105 [22] INFO SiteLogger [(null)] - UpdateFKDeviceStatus -- 2
2020-01-09 09:25:58,106 [22] INFO SiteLogger [(null)] - ReceiveCmd -- 4
2020-01-09 09:25:58,119 [22] INFO SiteLogger [(null)] - ReceiveCmd -- 5
2020-01-09 09:25:58,119 [22] INFO SiteLogger [(null)] - ReceiveCmd -- 6 - trans_id:719cmd_code:CLEAR_MANAGER
2020-01-09 09:25:58,120 [22] INFO SiteLogger [(null)] - ReceiveCmd -- 11
2020-01-09 09:25:58,120 [22] INFO SiteLogger [(null)] - Page_Load - receive_cmd -- 4
2020-01-09 09:25:58,121 [22] INFO SiteLogger [(null)] - Page_Load - receive_cmd -- 5
2020-01-09 09:25:58,127 [40] INFO SiteLogger [(null)] - Contructor -- 0 - Conn:server=120.24.222.15;uid=sa;pwd=123456@hysoon;database=StandAttDB;Min Pool Size=0;Max Pool Size=512;Pooling=true;
2020-01-09 09:25:58,127 [40] INFO SiteLogger [(null)] - Page_Load -- **************** sRequestCode = send_cmd_result dev_id=DC68B057639F7F37 trans_id=719 content_length=0
2020-01-09 09:25:58,128 [40] INFO SiteLogger [(null)] - Page_Load -- 1 - request_code : send_cmd_result ,trans_id : 719
2020-01-09 09:25:58,129 [40] INFO SiteLogger [(null)] - Page_Load -- 3.4 - blk_no=0, blk_len=0
2020-01-09 09:25:58,129 [40] INFO SiteLogger [(null)] - Page_Load - send_cmd_result -- 1
2020-01-09 09:25:58,130 [40] INFO SiteLogger [(null)] - Page_Load - send_cmd_result -- 2 - trans_id:719
2020-01-09 09:25:58,130 [40] INFO SiteLogger [(null)] - CheckResetCmd -- 0 - dev_id:DC68B057639F7F37
2020-01-09 09:25:58,130 [40] INFO SiteLogger [(null)] - CheckResetCmd -- 1
2020-01-09 09:25:58,141 [40] INFO SiteLogger [(null)] - CheckResetCmd -- 2 - trans_id:
2020-01-09 09:25:58,142 [40] INFO SiteLogger [(null)] - CheckResetCmd -- 3
2020-01-09 09:25:58,142 [40] INFO SiteLogger [(null)] - IsCancelledCmd -- 0 - dev_id:DC68B057639F7F37trans_id:719
2020-01-09 09:25:58,143 [40] INFO SiteLogger [(null)] - IsCancelledCmd -- 1
2020-01-09 09:25:58,144 [40] INFO SiteLogger [(null)] - IsCancelledCmd -- 1.1
2020-01-09 09:25:58,155 [40] INFO SiteLogger [(null)] - IsCancelledCmd -- 2 - status:
2020-01-09 09:25:58,156 [40] INFO SiteLogger [(null)] - IsCancelledCmd -- 3
2020-01-09 09:25:58,157 [40] INFO SiteLogger [(null)] - Page_Load - send_cmd_result -- 3
2020-01-09 09:25:58,157 [40] INFO SiteLogger [(null)] - SetCmdResult -- 0 - trans_id:719, dev_id:DC68B057639F7F37
2020-01-09 09:25:58,158 [40] INFO SiteLogger [(null)] - SetCmdResult -- 1
2020-01-09 09:25:58,158 [40] INFO SiteLogger [(null)] - SetCmdResult -- 2
2020-01-09 09:25:58,159 [40] INFO SiteLogger [(null)] - SaveCmdResultLogData -- 1
2020-01-09 09:25:58,159 [40] INFO SiteLogger [(null)] - SaveCmdResultLogData -- 2
2020-01-09 09:25:58,171 [40] INFO SiteLogger [(null)] - SaveCmdResultSLogData -- 1
2020-01-09 09:25:58,172 [40] INFO SiteLogger [(null)] - SaveCmdResultSLogData -- 2
2020-01-09 09:25:58,183 [40] INFO SiteLogger [(null)] - SaveUserIdList -- 1
2020-01-09 09:25:58,183 [40] INFO SiteLogger [(null)] - SaveUserIdList -- 2 astrans_id = 719
2020-01-09 09:25:58,194 [40] INFO SiteLogger [(null)] - SaveUserIdList -- 2-1 astrans_id = 719
2020-01-09 09:25:58,195 [40] INFO SiteLogger [(null)] - GetDeviceStatus -- 1
2020-01-09 09:25:58,196 [40] INFO SiteLogger [(null)] - GetDeviceStatus -- 2
2020-01-09 09:25:58,219 [40] INFO SiteLogger [(null)] - SetCmdResult -- 3
2020-01-09 09:25:58,220 [40] INFO SiteLogger [(null)] - Page_Load - send_cmd_result -- 4
2020-01-09 09:25:58,221 [40] INFO SiteLogger [(null)] - Page_Load - send_cmd_result -- 5
2020-01-09 09:25:58,530 [41] INFO SiteLogger [(null)] - Contructor -- 0 - Conn:server=120.24.222.15;uid=sa;pwd=123456@hysoon;database=StandAttDB;Min Pool Size=0;Max Pool Size=512;Pooling=true;
2020-01-09 09:25:58,531 [41] INFO SiteLogger [(null)] - Page_Load -- **************** sRequestCode = receive_cmd dev_id=DC68B057639F7F37 trans_id=ReceiveCommandAction content_length=278
2020-01-09 09:25:58,532 [41] INFO SiteLogger [(null)] - Page_Load -- 1 - request_code : receive_cmd ,trans_id : ReceiveCommandAction
2020-01-09 09:25:58,533 [41] INFO SiteLogger [(null)] - Page_Load -- 3.4 - blk_no=0, blk_len=278
2020-01-09 09:25:58,534 [41] INFO SiteLogger [(null)] - Page_Load - receive_cmd -- 2
2020-01-09 09:25:58,535 [41] INFO SiteLogger [(null)] - Page_Load - receive_cmd -- 3 - DevName=fk_deviceLE, DevTime=20200109054540, DevInfo={"face_data_ver":528,"firmware":"ZLIF104HS10 V2.77 BS0C2","firmware_filename":"zlif104hs10_bs0c2_um","fk_bin_data_lib":"FKDataHS101","fp_data_ver":128,"supported_enroll_data":["PASSWORD","IDCARD","FP","FACE"]}
2020-01-09 09:25:58,535 [41] INFO SiteLogger [(null)] - ReceiveCmd -- 0 - Start
2020-01-09 09:25:58,536 [41] INFO SiteLogger [(null)] - ReceiveCmd -- 1 - Db connected
2020-01-09 09:25:58,537 [41] INFO SiteLogger [(null)] - ReceiveCmd -- 2
2020-01-09 09:25:58,537 [41] INFO SiteLogger [(null)] - CheckResetCmd -- 0 - dev_id:DC68B057639F7F37
2020-01-09 09:25:58,538 [41] INFO SiteLogger [(null)] - CheckResetCmd -- 1
2020-01-09 09:25:58,547 [41] INFO SiteLogger [(null)] - CheckResetCmd -- 2 - trans_id:
2020-01-09 09:25:58,548 [41] INFO SiteLogger [(null)] - CheckResetCmd -- 3
2020-01-09 09:25:58,549 [41] INFO SiteLogger [(null)] - ReceiveCmd -- 3
2020-01-09 09:25:58,550 [41] INFO SiteLogger [(null)] - UpdateFKDeviceStatus -- 0 - DevTime:20200109054540, DevId:DC68B057639F7F37, DevName:fk_deviceLE, DevInfo:{"face_data_ver":528,"firmware":"ZLIF104HS10 V2.77 BS0C2","firmware_filename":"zlif104hs10_bs0c2_um","fk_bin_data_lib":"FKDataHS101","fp_data_ver":128,"supported_enroll_data":["PASSWORD","IDCARD","FP","FACE"]}
2020-01-09 09:25:58,550 [41] INFO SiteLogger [(null)] - UpdateFKDeviceStatus -- 1
2020-01-09 09:25:58,562 [41] INFO SiteLogger [(null)] - UpdateFKDeviceStatus -- 2
2020-01-09 09:25:58,562 [41] INFO SiteLogger [(null)] - ReceiveCmd -- 4
2020-01-09 09:25:58,572 [41] INFO SiteLogger [(null)] - ReceiveCmd -- 5
2020-01-09 09:25:58,573 [41] INFO SiteLogger [(null)] - ReceiveCmd -- 5 - no cmd
2020-01-09 09:25:58,573 [41] INFO SiteLogger [(null)] - ReceiveCmd -- 11
2020-01-09 09:25:58,574 [41] INFO SiteLogger [(null)] - Page_Load - receive_cmd -- 4
2020-01-09 09:25:58,574 [41] INFO SiteLogger [(null)] - Page_Load - receive_cmd -- 5
2020-01-09 09:26:00,993 [58] INFO SiteLogger [(null)] - Contructor -- 0 - Conn:server=120.24.222.15;uid=sa;pwd=123456@hysoon;database=StandAttDB;Min Pool Size=0;Max Pool Size=512;Pooling=true;
2020-01-09 09:26:00,994 [58] INFO SiteLogger [(null)] - Page_Load -- **************** sRequestCode = receive_cmd dev_id=DC68B057639F7F37 trans_id=ReceiveCommandAction content_length=278
2020-01-09 09:26:00,994 [58] INFO SiteLogger [(null)] - Page_Load -- 1 - request_code : receive_cmd ,trans_id : ReceiveCommandAction
2020-01-09 09:26:00,994 [58] INFO SiteLogger [(null)] - Page_Load -- 3.4 - blk_no=0, blk_len=278
2020-01-09 09:26:00,994 [58] INFO SiteLogger [(null)] - Page_Load - receive_cmd -- 2
2020-01-09 09:26:00,994 [58] INFO SiteLogger [(null)] - Page_Load - receive_cmd -- 3 - DevName=fk_deviceLE, DevTime=20200109054543, DevInfo={"face_data_ver":528,"firmware":"ZLIF104HS10 V2.77 BS0C2","firmware_filename":"zlif104hs10_bs0c2_um","fk_bin_data_lib":"FKDataHS101","fp_data_ver":128,"supported_enroll_data":["PASSWORD","IDCARD","FP","FACE"]}
2020-01-09 09:26:00,995 [58] INFO SiteLogger [(null)] - ReceiveCmd -- 0 - Start
2020-01-09 09:26:00,995 [58] INFO SiteLogger [(null)] - ReceiveCmd -- 1 - Db connected
2020-01-09 09:26:00,995 [58] INFO SiteLogger [(null)] - ReceiveCmd -- 2
2020-01-09 09:26:00,995 [58] INFO SiteLogger [(null)] - CheckResetCmd -- 0 - dev_id:DC68B057639F7F37
2020-01-09 09:26:00,996 [58] INFO SiteLogger [(null)] - CheckResetCmd -- 1
2020-01-09 09:26:01,005 [58] INFO SiteLogger [(null)] - CheckResetCmd -- 2 - trans_id:
2020-01-09 09:26:01,005 [58] INFO SiteLogger [(null)] - CheckResetCmd -- 3
2020-01-09 09:26:01,005 [58] INFO SiteLogger [(null)] - ReceiveCmd -- 3
2020-01-09 09:26:01,006 [58] INFO SiteLogger [(null)] - UpdateFKDeviceStatus -- 0 - DevTime:20200109054543, DevId:DC68B057639F7F37, DevName:fk_deviceLE, DevInfo:{"face_data_ver":528,"firmware":"ZLIF104HS10 V2.77 BS0C2","firmware_filename":"zlif104hs10_bs0c2_um","fk_bin_data_lib":"FKDataHS101","fp_data_ver":128,"supported_enroll_data":["PASSWORD","IDCARD","FP","FACE"]}
2020-01-09 09:26:01,006 [58] INFO SiteLogger [(null)] - UpdateFKDeviceStatus -- 1
2020-01-09 09:26:01,010 [58] INFO SiteLogger [(null)] - UpdateFKDeviceStatus -- 2
2020-01-09 09:26:01,010 [58] INFO SiteLogger [(null)] - ReceiveCmd -- 4
2020-01-09 09:26:01,026 [58] INFO SiteLogger [(null)] - ReceiveCmd -- 5
2020-01-09 09:26:01,026 [58] INFO SiteLogger [(null)] - ReceiveCmd -- 5 - no cmd
2020-01-09 09:26:01,026 [58] INFO SiteLogger [(null)] - ReceiveCmd -- 11
2020-01-09 09:26:01,026 [58] INFO SiteLogger [(null)] - Page_Load - receive_cmd -- 4
2020-01-09 09:26:01,026 [58] INFO SiteLogger [(null)] - Page_Load - receive_cmd -- 5
2020-01-09 09:26:04,066 [31] INFO SiteLogger [(null)] - Contructor -- 0 - Conn:server=120.24.222.15;uid=sa;pwd=123456@hysoon;database=StandAttDB;Min Pool Size=0;Max Pool Size=512;Pooling=true;
2020-01-09 09:26:04,067 [31] INFO SiteLogger [(null)] - Page_Load -- **************** sRequestCode = receive_cmd dev_id=DC68B057639F7F37 trans_id=ReceiveCommandAction content_length=278
2020-01-09 09:26:04,068 [31] INFO SiteLogger [(null)] - Page_Load -- 1 - request_code : receive_cmd ,trans_id : ReceiveCommandAction
2020-01-09 09:26:04,069 [31] INFO SiteLogger [(null)] - Page_Load -- 3.4 - blk_no=0, blk_len=278
2020-01-09 09:26:04,070 [31] INFO SiteLogger [(null)] - Page_Load - receive_cmd -- 2
2020-01-09 09:26:04,070 [31] INFO SiteLogger [(null)] - Page_Load - receive_cmd -- 3 - DevName=fk_deviceLE, DevTime=20200109054546, DevInfo={"face_data_ver":528,"firmware":"ZLIF104HS10 V2.77 BS0C2","firmware_filename":"zlif104hs10_bs0c2_um","fk_bin_data_lib":"FKDataHS101","fp_data_ver":128,"supported_enroll_data":["PASSWORD","IDCARD","FP","FACE"]}
2020-01-09 09:26:04,071 [31] INFO SiteLogger [(null)] - ReceiveCmd -- 0 - Start
2020-01-09 09:26:04,072 [31] INFO SiteLogger [(null)] - ReceiveCmd -- 1 - Db connected
2020-01-09 09:26:04,073 [31] INFO SiteLogger [(null)] - ReceiveCmd -- 2
2020-01-09 09:26:04,074 [31] INFO SiteLogger [(null)] - CheckResetCmd -- 0 - dev_id:DC68B057639F7F37
2020-01-09 09:26:04,075 [31] INFO SiteLogger [(null)] - CheckResetCmd -- 1
2020-01-09 09:26:04,080 [31] INFO SiteLogger [(null)] - CheckResetCmd -- 2 - trans_id:
2020-01-09 09:26:04,080 [31] INFO SiteLogger [(null)] - CheckResetCmd -- 3
2020-01-09 09:26:04,080 [31] INFO SiteLogger [(null)] - ReceiveCmd -- 3
2020-01-09 09:26:04,080 [31] INFO SiteLogger [(null)] - UpdateFKDeviceStatus -- 0 - DevTime:20200109054546, DevId:DC68B057639F7F37, DevName:fk_deviceLE, DevInfo:{"face_data_ver":528,"firmware":"ZLIF104HS10 V2.77 BS0C2","firmware_filename":"zlif104hs10_bs0c2_um","fk_bin_data_lib":"FKDataHS101","fp_data_ver":128,"supported_enroll_data":["PASSWORD","IDCARD","FP","FACE"]}
2020-01-09 09:26:04,080 [31] INFO SiteLogger [(null)] - UpdateFKDeviceStatus -- 1
2020-01-09 09:26:04,095 [31] INFO SiteLogger [(null)] - UpdateFKDeviceStatus -- 2
2020-01-09 09:26:04,095 [31] INFO SiteLogger [(null)] - ReceiveCmd -- 4
2020-01-09 09:26:04,111 [31] INFO SiteLogger [(null)] - ReceiveCmd -- 5
2020-01-09 09:26:04,111 [31] INFO SiteLogger [(null)] - ReceiveCmd -- 5 - no cmd
2020-01-09 09:26:04,111 [31] INFO SiteLogger [(null)] - ReceiveCmd -- 11
2020-01-09 09:26:04,111 [31] INFO SiteLogger [(null)] - Page_Load - receive_cmd -- 4
2020-01-09 09:26:04,111 [31] INFO SiteLogger [(null)] - Page_Load - receive_cmd -- 5
2020-01-09 09:26:06,833 [56] INFO SiteLogger [(null)] - Contructor -- 0 - Conn:server=120.24.222.15;uid=sa;pwd=123456@hysoon;database=StandAttDB;Min Pool Size=0;Max Pool Size=512;Pooling=true;
2020-01-09 09:26:06,833 [56] INFO SiteLogger [(null)] - Page_Load -- **************** sRequestCode = receive_cmd dev_id=DC68B057639F7F37 trans_id=ReceiveCommandAction content_length=278
2020-01-09 09:26:06,833 [56] INFO SiteLogger [(null)] - Page_Load -- 1 - request_code : receive_cmd ,trans_id : ReceiveCommandAction
2020-01-09 09:26:06,833 [56] INFO SiteLogger [(null)] - Page_Load -- 3.4 - blk_no=0, blk_len=278
2020-01-09 09:26:06,833 [56] INFO SiteLogger [(null)] - Page_Load - receive_cmd -- 2
2020-01-09 09:26:06,833 [56] INFO SiteLogger [(null)] - Page_Load - receive_cmd -- 3 - DevName=fk_deviceLE, DevTime=20200109054549, DevInfo={"face_data_ver":528,"firmware":"ZLIF104HS10 V2.77 BS0C2","firmware_filename":"zlif104hs10_bs0c2_um","fk_bin_data_lib":"FKDataHS101","fp_data_ver":128,"supported_enroll_data":["PASSWORD","IDCARD","FP","FACE"]}
2020-01-09 09:26:06,833 [56] INFO SiteLogger [(null)] - ReceiveCmd -- 0 - Start
2020-01-09 09:26:06,833 [56] INFO SiteLogger [(null)] - ReceiveCmd -- 1 - Db connected
2020-01-09 09:26:06,833 [56] INFO SiteLogger [(null)] - ReceiveCmd -- 2
2020-01-09 09:26:06,833 [56] INFO SiteLogger [(null)] - CheckResetCmd -- 0 - dev_id:DC68B057639F7F37
2020-01-09 09:26:06,833 [56] INFO SiteLogger [(null)] - CheckResetCmd -- 1
2020-01-09 09:26:06,849 [56] INFO SiteLogger [(null)] - CheckResetCmd -- 2 - trans_id:
2020-01-09 09:26:06,849 [56] INFO SiteLogger [(null)] - CheckResetCmd -- 3
2020-01-09 09:26:06,849 [56] INFO SiteLogger [(null)] - ReceiveCmd -- 3
2020-01-09 09:26:06,849 [56] INFO SiteLogger [(null)] - UpdateFKDeviceStatus -- 0 - DevTime:20200109054549, DevId:DC68B057639F7F37, DevName:fk_deviceLE, DevInfo:{"face_data_ver":528,"firmware":"ZLIF104HS10 V2.77 BS0C2","firmware_filename":"zlif104hs10_bs0c2_um","fk_bin_data_lib":"FKDataHS101","fp_data_ver":128,"supported_enroll_data":["PASSWORD","IDCARD","FP","FACE"]}
2020-01-09 09:26:06,849 [56] INFO SiteLogger [(null)] - UpdateFKDeviceStatus -- 1
2020-01-09 09:26:06,885 [56] INFO SiteLogger [(null)] - UpdateFKDeviceStatus -- 2
2020-01-09 09:26:06,886 [56] INFO SiteLogger [(null)] - ReceiveCmd -- 4
2020-01-09 09:26:06,893 [56] INFO SiteLogger [(null)] - ReceiveCmd -- 5
2020-01-09 09:26:06,893 [56] INFO SiteLogger [(null)] - ReceiveCmd -- 5 - no cmd
2020-01-09 09:26:06,893 [56] INFO SiteLogger [(null)] - ReceiveCmd -- 11
2020-01-09 09:26:06,893 [56] INFO SiteLogger [(null)] - Page_Load - receive_cmd -- 4
2020-01-09 09:26:06,893 [56] INFO SiteLogger [(null)] - Page_Load - receive_cmd -- 5
2020-01-09 09:26:09,920 [41] INFO SiteLogger [(null)] - Contructor -- 0 - Conn:server=120.24.222.15;uid=sa;pwd=123456@hysoon;database=StandAttDB;Min Pool Size=0;Max Pool Size=512;Pooling=true;
2020-01-09 09:26:09,920 [41] INFO SiteLogger [(null)] - Page_Load -- **************** sRequestCode = receive_cmd dev_id=DC68B057639F7F37 trans_id=ReceiveCommandAction content_length=278
2020-01-09 09:26:09,920 [41] INFO SiteLogger [(null)] - Page_Load -- 1 - request_code : receive_cmd ,trans_id : ReceiveCommandAction
2020-01-09 09:26:09,920 [41] INFO SiteLogger [(null)] - Page_Load -- 3.4 - blk_no=0, blk_len=278
2020-01-09 09:26:09,920 [41] INFO SiteLogger [(null)] - Page_Load - receive_cmd -- 2
2020-01-09 09:26:09,920 [41] INFO SiteLogger [(null)] - Page_Load - receive_cmd -- 3 - DevName=fk_deviceLE, DevTime=20200109054552, DevInfo={"face_data_ver":528,"firmware":"ZLIF104HS10 V2.77 BS0C2","firmware_filename":"zlif104hs10_bs0c2_um","fk_bin_data_lib":"FKDataHS101","fp_data_ver":128,"supported_enroll_data":["PASSWORD","IDCARD","FP","FACE"]}
2020-01-09 09:26:09,920 [41] INFO SiteLogger [(null)] - ReceiveCmd -- 0 - Start
2020-01-09 09:26:09,935 [41] INFO SiteLogger [(null)] - ReceiveCmd -- 1 - Db connected
2020-01-09 09:26:09,935 [41] INFO SiteLogger [(null)] - ReceiveCmd -- 2
2020-01-09 09:26:09,935 [41] INFO SiteLogger [(null)] - CheckResetCmd -- 0 - dev_id:DC68B057639F7F37
2020-01-09 09:26:09,935 [41] INFO SiteLogger [(null)] - CheckResetCmd -- 1
2020-01-09 09:26:09,935 [41] INFO SiteLogger [(null)] - CheckResetCmd -- 2 - trans_id:
2020-01-09 09:26:09,935 [41] INFO SiteLogger [(null)] - CheckResetCmd -- 3
2020-01-09 09:26:09,951 [41] INFO SiteLogger [(null)] - ReceiveCmd -- 3
2020-01-09 09:26:09,951 [41] INFO SiteLogger [(null)] - UpdateFKDeviceStatus -- 0 - DevTime:20200109054552, DevId:DC68B057639F7F37, DevName:fk_deviceLE, DevInfo:{"face_data_ver":528,"firmware":"ZLIF104HS10 V2.77 BS0C2","firmware_filename":"zlif104hs10_bs0c2_um","fk_bin_data_lib":"FKDataHS101","fp_data_ver":128,"supported_enroll_data":["PASSWORD","IDCARD","FP","FACE"]}
2020-01-09 09:26:09,951 [41] INFO SiteLogger [(null)] - UpdateFKDeviceStatus -- 1
2020-01-09 09:26:09,951 [41] INFO SiteLogger [(null)] - UpdateFKDeviceStatus -- 2
2020-01-09 09:26:09,967 [41] INFO SiteLogger [(null)] - ReceiveCmd -- 4
2020-01-09 09:26:09,990 [41] INFO SiteLogger [(null)] - ReceiveCmd -- 5
2020-01-09 09:26:09,991 [41] INFO SiteLogger [(null)] - ReceiveCmd -- 5 - no cmd
2020-01-09 09:26:09,992 [41] INFO SiteLogger [(null)] - ReceiveCmd -- 11
2020-01-09 09:26:09,993 [41] INFO SiteLogger [(null)] - Page_Load - receive_cmd -- 4
2020-01-09 09:26:09,995 [41] INFO SiteLogger [(null)] - Page_Load - receive_cmd -- 5
2020-01-09 09:26:13,020 [40] INFO SiteLogger [(null)] - Contructor -- 0 - Conn:server=120.24.222.15;uid=sa;pwd=123456@hysoon;database=StandAttDB;Min Pool Size=0;Max Pool Size=512;Pooling=true;
2020-01-09 09:26:13,020 [40] INFO SiteLogger [(null)] - Page_Load -- **************** sRequestCode = receive_cmd dev_id=DC68B057639F7F37 trans_id=ReceiveCommandAction content_length=278
2020-01-09 09:26:13,020 [40] INFO SiteLogger [(null)] - Page_Load -- 1 - request_code : receive_cmd ,trans_id : ReceiveCommandAction
2020-01-09 09:26:13,020 [40] INFO SiteLogger [(null)] - Page_Load -- 3.4 - blk_no=0, blk_len=278
2020-01-09 09:26:13,020 [40] INFO SiteLogger [(null)] - Page_Load - receive_cmd -- 2
2020-01-09 09:26:13,020 [40] INFO SiteLogger [(null)] - Page_Load - receive_cmd -- 3 - DevName=fk_deviceLE, DevTime=20200109054555, DevInfo={"face_data_ver":528,"firmware":"ZLIF104HS10 V2.77 BS0C2","firmware_filename":"zlif104hs10_bs0c2_um","fk_bin_data_lib":"FKDataHS101","fp_data_ver":128,"supported_enroll_data":["PASSWORD","IDCARD","FP","FACE"]}
2020-01-09 09:26:13,020 [40] INFO SiteLogger [(null)] - ReceiveCmd -- 0 - Start
2020-01-09 09:26:13,020 [40] INFO SiteLogger [(null)] - ReceiveCmd -- 1 - Db connected
2020-01-09 09:26:13,020 [40] INFO SiteLogger [(null)] - ReceiveCmd -- 2
2020-01-09 09:26:13,020 [40] INFO SiteLogger [(null)] - CheckResetCmd -- 0 - dev_id:DC68B057639F7F37
2020-01-09 09:26:13,020 [40] INFO SiteLogger [(null)] - CheckResetCmd -- 1
2020-01-09 09:26:13,042 [40] INFO SiteLogger [(null)] - CheckResetCmd -- 2 - trans_id:
2020-01-09 09:26:13,043 [40] INFO SiteLogger [(null)] - CheckResetCmd -- 3
2020-01-09 09:26:13,044 [40] INFO SiteLogger [(null)] - ReceiveCmd -- 3
2020-01-09 09:26:13,045 [40] INFO SiteLogger [(null)] - UpdateFKDeviceStatus -- 0 - DevTime:20200109054555, DevId:DC68B057639F7F37, DevName:fk_deviceLE, DevInfo:{"face_data_ver":528,"firmware":"ZLIF104HS10 V2.77 BS0C2","firmware_filename":"zlif104hs10_bs0c2_um","fk_bin_data_lib":"FKDataHS101","fp_data_ver":128,"supported_enroll_data":["PASSWORD","IDCARD","FP","FACE"]}
2020-01-09 09:26:13,045 [40] INFO SiteLogger [(null)] - UpdateFKDeviceStatus -- 1
2020-01-09 09:26:13,057 [40] INFO SiteLogger [(null)] - UpdateFKDeviceStatus -- 2
2020-01-09 09:26:13,058 [40] INFO SiteLogger [(null)] - ReceiveCmd -- 4
2020-01-09 09:26:13,069 [40] INFO SiteLogger [(null)] - ReceiveCmd -- 5
2020-01-09 09:26:13,070 [40] INFO SiteLogger [(null)] - ReceiveCmd -- 5 - no cmd
2020-01-09 09:26:13,070 [40] INFO SiteLogger [(null)] - ReceiveCmd -- 11
2020-01-09 09:26:13,071 [40] INFO SiteLogger [(null)] - Page_Load - receive_cmd -- 4
2020-01-09 09:26:13,072 [40] INFO SiteLogger [(null)] - Page_Load - receive_cmd -- 5
2020-01-09 09:26:15,801 [31] INFO SiteLogger [(null)] - Contructor -- 0 - Conn:server=120.24.222.15;uid=sa;pwd=123456@hysoon;database=StandAttDB;Min Pool Size=0;Max Pool Size=512;Pooling=true;
2020-01-09 09:26:15,801 [31] INFO SiteLogger [(null)] - Page_Load -- **************** sRequestCode = receive_cmd dev_id=DC68B057639F7F37 trans_id=ReceiveCommandAction content_length=278
2020-01-09 09:26:15,801 [31] INFO SiteLogger [(null)] - Page_Load -- 1 - request_code : receive_cmd ,trans_id : ReceiveCommandAction
2020-01-09 09:26:15,801 [31] INFO SiteLogger [(null)] - Page_Load -- 3.4 - blk_no=0, blk_len=278
2020-01-09 09:26:15,817 [31] INFO SiteLogger [(null)] - Page_Load - receive_cmd -- 2
2020-01-09 09:26:15,817 [31] INFO SiteLogger [(null)] - Page_Load - receive_cmd -- 3 - DevName=fk_deviceLE, DevTime=20200109054558, DevInfo={"face_data_ver":528,"firmware":"ZLIF104HS10 V2.77 BS0C2","firmware_filename":"zlif104hs10_bs0c2_um","fk_bin_data_lib":"FKDataHS101","fp_data_ver":128,"supported_enroll_data":["PASSWORD","IDCARD","FP","FACE"]}
2020-01-09 09:26:15,817 [31] INFO SiteLogger [(null)] - ReceiveCmd -- 0 - Start
2020-01-09 09:26:15,817 [31] INFO SiteLogger [(null)] - ReceiveCmd -- 1 - Db connected
2020-01-09 09:26:15,817 [31] INFO SiteLogger [(null)] - ReceiveCmd -- 2
2020-01-09 09:26:15,817 [31] INFO SiteLogger [(null)] - CheckResetCmd -- 0 - dev_id:DC68B057639F7F37
2020-01-09 09:26:15,817 [31] INFO SiteLogger [(null)] - CheckResetCmd -- 1
2020-01-09 09:26:15,832 [31] INFO SiteLogger [(null)] - CheckResetCmd -- 2 - trans_id:
2020-01-09 09:26:15,832 [31] INFO SiteLogger [(null)] - CheckResetCmd -- 3
2020-01-09 09:26:15,832 [31] INFO SiteLogger [(null)] - ReceiveCmd -- 3
2020-01-09 09:26:15,832 [31] INFO SiteLogger [(null)] - UpdateFKDeviceStatus -- 0 - DevTime:20200109054558, DevId:DC68B057639F7F37, DevName:fk_deviceLE, DevInfo:{"face_data_ver":528,"firmware":"ZLIF104HS10 V2.77 BS0C2","firmware_filename":"zlif104hs10_bs0c2_um","fk_bin_data_lib":"FKDataHS101","fp_data_ver":128,"supported_enroll_data":["PASSWORD","IDCARD","FP","FACE"]}
2020-01-09 09:26:15,832 [31] INFO SiteLogger [(null)] - UpdateFKDeviceStatus -- 1
2020-01-09 09:26:15,848 [31] INFO SiteLogger [(null)] - UpdateFKDeviceStatus -- 2
2020-01-09 09:26:15,848 [31] INFO SiteLogger [(null)] - ReceiveCmd -- 4
2020-01-09 09:26:15,865 [31] INFO SiteLogger [(null)] - ReceiveCmd -- 5
2020-01-09 09:26:15,867 [31] INFO SiteLogger [(null)] - ReceiveCmd -- 5 - no cmd
2020-01-09 09:26:15,869 [31] INFO SiteLogger [(null)] - ReceiveCmd -- 11
2020-01-09 09:26:15,870 [31] INFO SiteLogger [(null)] - Page_Load - receive_cmd -- 4
2020-01-09 09:26:15,871 [31] INFO SiteLogger [(null)] - Page_Load - receive_cmd -- 5
2020-01-09 09:26:18,896 [58] INFO SiteLogger [(null)] - Contructor -- 0 - Conn:server=120.24.222.15;uid=sa;pwd=123456@hysoon;database=StandAttDB;Min Pool Size=0;Max Pool Size=512;Pooling=true;
2020-01-09 09:26:18,896 [58] INFO SiteLogger [(null)] - Page_Load -- **************** sRequestCode = receive_cmd dev_id=DC68B057639F7F37 trans_id=ReceiveCommandAction content_length=278
2020-01-09 09:26:18,896 [58] INFO SiteLogger [(null)] - Page_Load -- 1 - request_code : receive_cmd ,trans_id : ReceiveCommandAction
2020-01-09 09:26:18,896 [58] INFO SiteLogger [(null)] - Page_Load -- 3.4 - blk_no=0, blk_len=278
2020-01-09 09:26:18,896 [58] INFO SiteLogger [(null)] - Page_Load - receive_cmd -- 2
2020-01-09 09:26:18,896 [58] INFO SiteLogger [(null)] - Page_Load - receive_cmd -- 3 - DevName=fk_deviceLE, DevTime=20200109054601, DevInfo={"face_data_ver":528,"firmware":"ZLIF104HS10 V2.77 BS0C2","firmware_filename":"zlif104hs10_bs0c2_um","fk_bin_data_lib":"FKDataHS101","fp_data_ver":128,"supported_enroll_data":["PASSWORD","IDCARD","FP","FACE"]}
2020-01-09 09:26:18,896 [58] INFO SiteLogger [(null)] - ReceiveCmd -- 0 - Start
2020-01-09 09:26:18,896 [58] INFO SiteLogger [(null)] - ReceiveCmd -- 1 - Db connected
2020-01-09 09:26:18,896 [58] INFO SiteLogger [(null)] - ReceiveCmd -- 2
2020-01-09 09:26:18,896 [58] INFO SiteLogger [(null)] - CheckResetCmd -- 0 - dev_id:DC68B057639F7F37
2020-01-09 09:26:18,896 [58] INFO SiteLogger [(null)] - CheckResetCmd -- 1
2020-01-09 09:26:18,911 [58] INFO SiteLogger [(null)] - CheckResetCmd -- 2 - trans_id:
2020-01-09 09:26:18,911 [58] INFO SiteLogger [(null)] - CheckResetCmd -- 3
2020-01-09 09:26:18,911 [58] INFO SiteLogger [(null)] - ReceiveCmd -- 3
2020-01-09 09:26:18,911 [58] INFO SiteLogger [(null)] - UpdateFKDeviceStatus -- 0 - DevTime:20200109054601, DevId:DC68B057639F7F37, DevName:fk_deviceLE, DevInfo:{"face_data_ver":528,"firmware":"ZLIF104HS10 V2.77 BS0C2","firmware_filename":"zlif104hs10_bs0c2_um","fk_bin_data_lib":"FKDataHS101","fp_data_ver":128,"supported_enroll_data":["PASSWORD","IDCARD","FP","FACE"]}
2020-01-09 09:26:18,911 [58] INFO SiteLogger [(null)] - UpdateFKDeviceStatus -- 1
2020-01-09 09:26:18,927 [58] INFO SiteLogger [(null)] - UpdateFKDeviceStatus -- 2
2020-01-09 09:26:18,927 [58] INFO SiteLogger [(null)] - ReceiveCmd -- 4
2020-01-09 09:26:18,927 [58] INFO SiteLogger [(null)] - ReceiveCmd -- 5
2020-01-09 09:26:18,927 [58] INFO SiteLogger [(null)] - ReceiveCmd -- 5 - no cmd
2020-01-09 09:26:18,927 [58] INFO SiteLogger [(null)] - ReceiveCmd -- 11
2020-01-09 09:26:18,943 [58] INFO SiteLogger [(null)] - Page_Load - receive_cmd -- 4
2020-01-09 09:26:18,944 [58] INFO SiteLogger [(null)] - Page_Load - receive_cmd -- 5
2020-01-09 09:26:21,981 [22] INFO SiteLogger [(null)] - Contructor -- 0 - Conn:server=120.24.222.15;uid=sa;pwd=123456@hysoon;database=StandAttDB;Min Pool Size=0;Max Pool Size=512;Pooling=true;
2020-01-09 09:26:21,982 [22] INFO SiteLogger [(null)] - Page_Load -- **************** sRequestCode = receive_cmd dev_id=DC68B057639F7F37 trans_id=ReceiveCommandAction content_length=278
2020-01-09 09:26:21,983 [22] INFO SiteLogger [(null)] - Page_Load -- 1 - request_code : receive_cmd ,trans_id : ReceiveCommandAction
2020-01-09 09:26:21,983 [22] INFO SiteLogger [(null)] - Page_Load -- 3.4 - blk_no=0, blk_len=278
2020-01-09 09:26:21,984 [22] INFO SiteLogger [(null)] - Page_Load - receive_cmd -- 2
2020-01-09 09:26:21,985 [22] INFO SiteLogger [(null)] - Page_Load - receive_cmd -- 3 - DevName=fk_deviceLE, DevTime=20200109054604, DevInfo={"face_data_ver":528,"firmware":"ZLIF104HS10 V2.77 BS0C2","firmware_filename":"zlif104hs10_bs0c2_um","fk_bin_data_lib":"FKDataHS101","fp_data_ver":128,"supported_enroll_data":["PASSWORD","IDCARD","FP","FACE"]}
2020-01-09 09:26:21,985 [22] INFO SiteLogger [(null)] - ReceiveCmd -- 0 - Start
2020-01-09 09:26:21,986 [22] INFO SiteLogger [(null)] - ReceiveCmd -- 1 - Db connected
2020-01-09 09:26:21,986 [22] INFO SiteLogger [(null)] - ReceiveCmd -- 2
2020-01-09 09:26:21,987 [22] INFO SiteLogger [(null)] - CheckResetCmd -- 0 - dev_id:DC68B057639F7F37
2020-01-09 09:26:21,987 [22] INFO SiteLogger [(null)] - CheckResetCmd -- 1
2020-01-09 09:26:21,997 [22] INFO SiteLogger [(null)] - CheckResetCmd -- 2 - trans_id:
2020-01-09 09:26:21,998 [22] INFO SiteLogger [(null)] - CheckResetCmd -- 3
2020-01-09 09:26:21,999 [22] INFO SiteLogger [(null)] - ReceiveCmd -- 3
2020-01-09 09:26:21,999 [22] INFO SiteLogger [(null)] - UpdateFKDeviceStatus -- 0 - DevTime:20200109054604, DevId:DC68B057639F7F37, DevName:fk_deviceLE, DevInfo:{"face_data_ver":528,"firmware":"ZLIF104HS10 V2.77 BS0C2","firmware_filename":"zlif104hs10_bs0c2_um","fk_bin_data_lib":"FKDataHS101","fp_data_ver":128,"supported_enroll_data":["PASSWORD","IDCARD","FP","FACE"]}
2020-01-09 09:26:22,000 [22] INFO SiteLogger [(null)] - UpdateFKDeviceStatus -- 1
2020-01-09 09:26:22,010 [22] INFO SiteLogger [(null)] - UpdateFKDeviceStatus -- 2
2020-01-09 09:26:22,011 [22] INFO SiteLogger [(null)] - ReceiveCmd -- 4
2020-01-09 09:26:22,022 [22] INFO SiteLogger [(null)] - ReceiveCmd -- 5
2020-01-09 09:26:22,023 [22] INFO SiteLogger [(null)] - ReceiveCmd -- 5 - no cmd
2020-01-09 09:26:22,024 [22] INFO SiteLogger [(null)] - ReceiveCmd -- 11
2020-01-09 09:26:22,024 [22] INFO SiteLogger [(null)] - Page_Load - receive_cmd -- 4
2020-01-09 09:26:22,025 [22] INFO SiteLogger [(null)] - Page_Load - receive_cmd -- 5
2020-01-09 09:26:25,051 [59] INFO SiteLogger [(null)] - Contructor -- 0 - Conn:server=120.24.222.15;uid=sa;pwd=123456@hysoon;database=StandAttDB;Min Pool Size=0;Max Pool Size=512;Pooling=true;
2020-01-09 09:26:25,052 [59] INFO SiteLogger [(null)] - Page_Load -- **************** sRequestCode = receive_cmd dev_id=DC68B057639F7F37 trans_id=ReceiveCommandAction content_length=278
2020-01-09 09:26:25,052 [59] INFO SiteLogger [(null)] - Page_Load -- 1 - request_code : receive_cmd ,trans_id : ReceiveCommandAction
2020-01-09 09:26:25,053 [59] INFO SiteLogger [(null)] - Page_Load -- 3.4 - blk_no=0, blk_len=278
2020-01-09 09:26:25,054 [59] INFO SiteLogger [(null)] - Page_Load - receive_cmd -- 2
2020-01-09 09:26:25,055 [59] INFO SiteLogger [(null)] - Page_Load - receive_cmd -- 3 - DevName=fk_deviceLE, DevTime=20200109054607, DevInfo={"face_data_ver":528,"firmware":"ZLIF104HS10 V2.77 BS0C2","firmware_filename":"zlif104hs10_bs0c2_um","fk_bin_data_lib":"FKDataHS101","fp_data_ver":128,"supported_enroll_data":["PASSWORD","IDCARD","FP","FACE"]}
2020-01-09 09:26:25,055 [59] INFO SiteLogger [(null)] - ReceiveCmd -- 0 - Start
2020-01-09 09:26:25,056 [59] INFO SiteLogger [(null)] - ReceiveCmd -- 1 - Db connected
2020-01-09 09:26:25,056 [59] INFO SiteLogger [(null)] - ReceiveCmd -- 2
2020-01-09 09:26:25,057 [59] INFO SiteLogger [(null)] - CheckResetCmd -- 0 - dev_id:DC68B057639F7F37
2020-01-09 09:26:25,057 [59] INFO SiteLogger [(null)] - CheckResetCmd -- 1
2020-01-09 09:26:25,067 [59] INFO SiteLogger [(null)] - CheckResetCmd -- 2 - trans_id:
2020-01-09 09:26:25,068 [59] INFO SiteLogger [(null)] - CheckResetCmd -- 3
2020-01-09 09:26:25,069 [59] INFO SiteLogger [(null)] - ReceiveCmd -- 3
2020-01-09 09:26:25,069 [59] INFO SiteLogger [(null)] - UpdateFKDeviceStatus -- 0 - DevTime:20200109054607, DevId:DC68B057639F7F37, DevName:fk_deviceLE, DevInfo:{"face_data_ver":528,"firmware":"ZLIF104HS10 V2.77 BS0C2","firmware_filename":"zlif104hs10_bs0c2_um","fk_bin_data_lib":"FKDataHS101","fp_data_ver":128,"supported_enroll_data":["PASSWORD","IDCARD","FP","FACE"]}
2020-01-09 09:26:25,070 [59] INFO SiteLogger [(null)] - UpdateFKDeviceStatus -- 1
2020-01-09 09:26:25,081 [59] INFO SiteLogger [(null)] - UpdateFKDeviceStatus -- 2
2020-01-09 09:26:25,082 [59] INFO SiteLogger [(null)] - ReceiveCmd -- 4
2020-01-09 09:26:25,092 [59] INFO SiteLogger [(null)] - ReceiveCmd -- 5
2020-01-09 09:26:25,093 [59] INFO SiteLogger [(null)] - ReceiveCmd -- 5 - no cmd
2020-01-09 09:26:25,093 [59] INFO SiteLogger [(null)] - ReceiveCmd -- 11
2020-01-09 09:26:25,093 [59] INFO SiteLogger [(null)] - Page_Load - receive_cmd -- 4
2020-01-09 09:26:25,094 [59] INFO SiteLogger [(null)] - Page_Load - receive_cmd -- 5
2020-01-09 09:26:27,820 [45] INFO SiteLogger [(null)] - Contructor -- 0 - Conn:server=120.24.222.15;uid=sa;pwd=123456@hysoon;database=StandAttDB;Min Pool Size=0;Max Pool Size=512;Pooling=true;
2020-01-09 09:26:27,821 [45] INFO SiteLogger [(null)] - Page_Load -- **************** sRequestCode = receive_cmd dev_id=DC68B057639F7F37 trans_id=ReceiveCommandAction content_length=278
2020-01-09 09:26:27,823 [45] INFO SiteLogger [(null)] - Page_Load -- 1 - request_code : receive_cmd ,trans_id : ReceiveCommandAction
2020-01-09 09:26:27,824 [45] INFO SiteLogger [(null)] - Page_Load -- 3.4 - blk_no=0, blk_len=278
2020-01-09 09:26:27,825 [45] INFO SiteLogger [(null)] - Page_Load - receive_cmd -- 2
2020-01-09 09:26:27,827 [45] INFO SiteLogger [(null)] - Page_Load - receive_cmd -- 3 - DevName=fk_deviceLE, DevTime=20200109054610, DevInfo={"face_data_ver":528,"firmware":"ZLIF104HS10 V2.77 BS0C2","firmware_filename":"zlif104hs10_bs0c2_um","fk_bin_data_lib":"FKDataHS101","fp_data_ver":128,"supported_enroll_data":["PASSWORD","IDCARD","FP","FACE"]}
2020-01-09 09:26:27,828 [45] INFO SiteLogger [(null)] - ReceiveCmd -- 0 - Start
2020-01-09 09:26:27,830 [45] INFO SiteLogger [(null)] - ReceiveCmd -- 1 - Db connected
2020-01-09 09:26:27,831 [45] INFO SiteLogger [(null)] - ReceiveCmd -- 2
2020-01-09 09:26:27,832 [45] INFO SiteLogger [(null)] - CheckResetCmd -- 0 - dev_id:DC68B057639F7F37
2020-01-09 09:26:27,834 [45] INFO SiteLogger [(null)] - CheckResetCmd -- 1
2020-01-09 09:26:27,845 [45] INFO SiteLogger [(null)] - CheckResetCmd -- 2 - trans_id:
2020-01-09 09:26:27,846 [45] INFO SiteLogger [(null)] - CheckResetCmd -- 3
2020-01-09 09:26:27,848 [45] INFO SiteLogger [(null)] - ReceiveCmd -- 3
2020-01-09 09:26:27,849 [45] INFO SiteLogger [(null)] - UpdateFKDeviceStatus -- 0 - DevTime:20200109054610, DevId:DC68B057639F7F37, DevName:fk_deviceLE, DevInfo:{"face_data_ver":528,"firmware":"ZLIF104HS10 V2.77 BS0C2","firmware_filename":"zlif104hs10_bs0c2_um","fk_bin_data_lib":"FKDataHS101","fp_data_ver":128,"supported_enroll_data":["PASSWORD","IDCARD","FP","FACE"]}
2020-01-09 09:26:27,850 [45] INFO SiteLogger [(null)] - UpdateFKDeviceStatus -- 1
2020-01-09 09:26:27,862 [45] INFO SiteLogger [(null)] - UpdateFKDeviceStatus -- 2
2020-01-09 09:26:27,863 [45] INFO SiteLogger [(null)] - ReceiveCmd -- 4
2020-01-09 09:26:27,872 [45] INFO SiteLogger [(null)] - ReceiveCmd -- 5
2020-01-09 09:26:27,872 [45] INFO SiteLogger [(null)] - ReceiveCmd -- 5 - no cmd
2020-01-09 09:26:27,872 [45] INFO SiteLogger [(null)] - ReceiveCmd -- 11
2020-01-09 09:26:27,872 [45] INFO SiteLogger [(null)] - Page_Load - receive_cmd -- 4
2020-01-09 09:26:27,872 [45] INFO SiteLogger [(null)] - Page_Load - receive_cmd -- 5
2020-01-09 09:26:30,906 [28] INFO SiteLogger [(null)] - Contructor -- 0 - Conn:server=120.24.222.15;uid=sa;pwd=123456@hysoon;database=StandAttDB;Min Pool Size=0;Max Pool Size=512;Pooling=true;
2020-01-09 09:26:30,906 [28] INFO SiteLogger [(null)] - Page_Load -- **************** sRequestCode = receive_cmd dev_id=DC68B057639F7F37 trans_id=ReceiveCommandAction content_length=278
2020-01-09 09:26:30,922 [28] INFO SiteLogger [(null)] - Page_Load -- 1 - request_code : receive_cmd ,trans_id : ReceiveCommandAction
2020-01-09 09:26:30,924 [28] INFO SiteLogger [(null)] - Page_Load -- 3.4 - blk_no=0, blk_len=278
2020-01-09 09:26:30,925 [28] INFO SiteLogger [(null)] - Page_Load - receive_cmd -- 2
2020-01-09 09:26:30,926 [28] INFO SiteLogger [(null)] - Page_Load - receive_cmd -- 3 - DevName=fk_deviceLE, DevTime=20200109054613, DevInfo={"face_data_ver":528,"firmware":"ZLIF104HS10 V2.77 BS0C2","firmware_filename":"zlif104hs10_bs0c2_um","fk_bin_data_lib":"FKDataHS101","fp_data_ver":128,"supported_enroll_data":["PASSWORD","IDCARD","FP","FACE"]}
2020-01-09 09:26:30,928 [28] INFO SiteLogger [(null)] - ReceiveCmd -- 0 - Start
2020-01-09 09:26:30,929 [28] INFO SiteLogger [(null)] - ReceiveCmd -- 1 - Db connected
2020-01-09 09:26:30,931 [28] INFO SiteLogger [(null)] - ReceiveCmd -- 2
2020-01-09 09:26:30,932 [28] INFO SiteLogger [(null)] - CheckResetCmd -- 0 - dev_id:DC68B057639F7F37
2020-01-09 09:26:30,933 [28] INFO SiteLogger [(null)] - CheckResetCmd -- 1
2020-01-09 09:26:30,944 [28] INFO SiteLogger [(null)] - CheckResetCmd -- 2 - trans_id:
2020-01-09 09:26:30,946 [28] INFO SiteLogger [(null)] - CheckResetCmd -- 3
2020-01-09 09:26:30,950 [28] INFO SiteLogger [(null)] - ReceiveCmd -- 3
2020-01-09 09:26:30,951 [28] INFO SiteLogger [(null)] - UpdateFKDeviceStatus -- 0 - DevTime:20200109054613, DevId:DC68B057639F7F37, DevName:fk_deviceLE, DevInfo:{"face_data_ver":528,"firmware":"ZLIF104HS10 V2.77 BS0C2","firmware_filename":"zlif104hs10_bs0c2_um","fk_bin_data_lib":"FKDataHS101","fp_data_ver":128,"supported_enroll_data":["PASSWORD","IDCARD","FP","FACE"]}
2020-01-09 09:26:30,952 [28] INFO SiteLogger [(null)] - UpdateFKDeviceStatus -- 1
2020-01-09 09:26:30,963 [28] INFO SiteLogger [(null)] - UpdateFKDeviceStatus -- 2
2020-01-09 09:26:30,964 [28] INFO SiteLogger [(null)] - ReceiveCmd -- 4
2020-01-09 09:26:30,976 [28] INFO SiteLogger [(null)] - ReceiveCmd -- 5
2020-01-09 09:26:30,976 [28] INFO SiteLogger [(null)] - ReceiveCmd -- 5 - no cmd
2020-01-09 09:26:30,976 [28] INFO SiteLogger [(null)] - ReceiveCmd -- 11
2020-01-09 09:26:30,976 [28] INFO SiteLogger [(null)] - Page_Load - receive_cmd -- 4
2020-01-09 09:26:30,976 [28] INFO SiteLogger [(null)] - Page_Load - receive_cmd -- 5
2020-01-09 09:26:34,009 [58] INFO SiteLogger [(null)] - Contructor -- 0 - Conn:server=120.24.222.15;uid=sa;pwd=123456@hysoon;database=StandAttDB;Min Pool Size=0;Max Pool Size=512;Pooling=true;
2020-01-09 09:26:34,009 [58] INFO SiteLogger [(null)] - Page_Load -- **************** sRequestCode = receive_cmd dev_id=DC68B057639F7F37 trans_id=ReceiveCommandAction content_length=278
2020-01-09 09:26:34,009 [58] INFO SiteLogger [(null)] - Page_Load -- 1 - request_code : receive_cmd ,trans_id : ReceiveCommandAction
2020-01-09 09:26:34,009 [58] INFO SiteLogger [(null)] - Page_Load -- 3.4 - blk_no=0, blk_len=278
2020-01-09 09:26:34,009 [58] INFO SiteLogger [(null)] - Page_Load - receive_cmd -- 2
2020-01-09 09:26:34,009 [58] INFO SiteLogger [(null)] - Page_Load - receive_cmd -- 3 - DevName=fk_deviceLE, DevTime=20200109054616, DevInfo={"face_data_ver":528,"firmware":"ZLIF104HS10 V2.77 BS0C2","firmware_filename":"zlif104hs10_bs0c2_um","fk_bin_data_lib":"FKDataHS101","fp_data_ver":128,"supported_enroll_data":["PASSWORD","IDCARD","FP","FACE"]}
2020-01-09 09:26:34,009 [58] INFO SiteLogger [(null)] - ReceiveCmd -- 0 - Start
2020-01-09 09:26:34,009 [58] INFO SiteLogger [(null)] - ReceiveCmd -- 1 - Db connected
2020-01-09 09:26:34,009 [58] INFO SiteLogger [(null)] - ReceiveCmd -- 2
2020-01-09 09:26:34,009 [58] INFO SiteLogger [(null)] - CheckResetCmd -- 0 - dev_id:DC68B057639F7F37
2020-01-09 09:26:34,024 [58] INFO SiteLogger [(null)] - CheckResetCmd -- 1
2020-01-09 09:26:34,034 [58] INFO SiteLogger [(null)] - CheckResetCmd -- 2 - trans_id:
2020-01-09 09:26:34,035 [58] INFO SiteLogger [(null)] - CheckResetCmd -- 3
2020-01-09 09:26:34,036 [58] INFO SiteLogger [(null)] - ReceiveCmd -- 3
2020-01-09 09:26:34,036 [58] INFO SiteLogger [(null)] - UpdateFKDeviceStatus -- 0 - DevTime:20200109054616, DevId:DC68B057639F7F37, DevName:fk_deviceLE, DevInfo:{"face_data_ver":528,"firmware":"ZLIF104HS10 V2.77 BS0C2","firmware_filename":"zlif104hs10_bs0c2_um","fk_bin_data_lib":"FKDataHS101","fp_data_ver":128,"supported_enroll_data":["PASSWORD","IDCARD","FP","FACE"]}
2020-01-09 09:26:34,037 [58] INFO SiteLogger [(null)] - UpdateFKDeviceStatus -- 1
2020-01-09 09:26:34,049 [58] INFO SiteLogger [(null)] - UpdateFKDeviceStatus -- 2
2020-01-09 09:26:34,050 [58] INFO SiteLogger [(null)] - ReceiveCmd -- 4
2020-01-09 09:26:34,061 [58] INFO SiteLogger [(null)] - ReceiveCmd -- 5
2020-01-09 09:26:34,062 [58] INFO SiteLogger [(null)] - ReceiveCmd -- 5 - no cmd
2020-01-09 09:26:34,063 [58] INFO SiteLogger [(null)] - ReceiveCmd -- 11
2020-01-09 09:26:34,063 [58] INFO SiteLogger [(null)] - Page_Load - receive_cmd -- 4
2020-01-09 09:26:34,064 [58] INFO SiteLogger [(null)] - Page_Load - receive_cmd -- 5
2020-01-09 09:26:37,096 [22] INFO SiteLogger [(null)] - Contructor -- 0 - Conn:server=120.24.222.15;uid=sa;pwd=123456@hysoon;database=StandAttDB;Min Pool Size=0;Max Pool Size=512;Pooling=true;
2020-01-09 09:26:37,096 [22] INFO SiteLogger [(null)] - Page_Load -- **************** sRequestCode = receive_cmd dev_id=DC68B057639F7F37 trans_id=ReceiveCommandAction content_length=278
2020-01-09 09:26:37,096 [22] INFO SiteLogger [(null)] - Page_Load -- 1 - request_code : receive_cmd ,trans_id : ReceiveCommandAction
2020-01-09 09:26:37,096 [22] INFO SiteLogger [(null)] - Page_Load -- 3.4 - blk_no=0, blk_len=278
2020-01-09 09:26:37,096 [22] INFO SiteLogger [(null)] - Page_Load - receive_cmd -- 2
2020-01-09 09:26:37,096 [22] INFO SiteLogger [(null)] - Page_Load - receive_cmd -- 3 - DevName=fk_deviceLE, DevTime=20200109054619, DevInfo={"face_data_ver":528,"firmware":"ZLIF104HS10 V2.77 BS0C2","firmware_filename":"zlif104hs10_bs0c2_um","fk_bin_data_lib":"FKDataHS101","fp_data_ver":128,"supported_enroll_data":["PASSWORD","IDCARD","FP","FACE"]}
2020-01-09 09:26:37,096 [22] INFO SiteLogger [(null)] - ReceiveCmd -- 0 - Start
2020-01-09 09:26:37,096 [22] INFO SiteLogger [(null)] - ReceiveCmd -- 1 - Db connected
2020-01-09 09:26:37,096 [22] INFO SiteLogger [(null)] - ReceiveCmd -- 2
2020-01-09 09:26:37,096 [22] INFO SiteLogger [(null)] - CheckResetCmd -- 0 - dev_id:DC68B057639F7F37
2020-01-09 09:26:37,096 [22] INFO SiteLogger [(null)] - CheckResetCmd -- 1
2020-01-09 09:26:37,111 [22] INFO SiteLogger [(null)] - CheckResetCmd -- 2 - trans_id:
2020-01-09 09:26:37,111 [22] INFO SiteLogger [(null)] - CheckResetCmd -- 3
2020-01-09 09:26:37,111 [22] INFO SiteLogger [(null)] - ReceiveCmd -- 3
2020-01-09 09:26:37,111 [22] INFO SiteLogger [(null)] - UpdateFKDeviceStatus -- 0 - DevTime:20200109054619, DevId:DC68B057639F7F37, DevName:fk_deviceLE, DevInfo:{"face_data_ver":528,"firmware":"ZLIF104HS10 V2.77 BS0C2","firmware_filename":"zlif104hs10_bs0c2_um","fk_bin_data_lib":"FKDataHS101","fp_data_ver":128,"supported_enroll_data":["PASSWORD","IDCARD","FP","FACE"]}
2020-01-09 09:26:37,111 [22] INFO SiteLogger [(null)] - UpdateFKDeviceStatus -- 1
2020-01-09 09:26:37,138 [22] INFO SiteLogger [(null)] - UpdateFKDeviceStatus -- 2
2020-01-09 09:26:37,139 [22] INFO SiteLogger [(null)] - ReceiveCmd -- 4
2020-01-09 09:26:37,150 [22] INFO SiteLogger [(null)] - ReceiveCmd -- 5
2020-01-09 09:26:37,152 [22] INFO SiteLogger [(null)] - ReceiveCmd -- 5 - no cmd
2020-01-09 09:26:37,153 [22] INFO SiteLogger [(null)] - ReceiveCmd -- 11
2020-01-09 09:26:37,154 [22] INFO SiteLogger [(null)] - Page_Load - receive_cmd -- 4
2020-01-09 09:26:37,155 [22] INFO SiteLogger [(null)] - Page_Load - receive_cmd -- 5
2020-01-09 09:26:39,881 [21] INFO SiteLogger [(null)] - Contructor -- 0 - Conn:server=120.24.222.15;uid=sa;pwd=123456@hysoon;database=StandAttDB;Min Pool Size=0;Max Pool Size=512;Pooling=true;
2020-01-09 09:26:39,882 [21] INFO SiteLogger [(null)] - Page_Load -- **************** sRequestCode = receive_cmd dev_id=DC68B057639F7F37 trans_id=ReceiveCommandAction content_length=278
2020-01-09 09:26:39,883 [21] INFO SiteLogger [(null)] - Page_Load -- 1 - request_code : receive_cmd ,trans_id : ReceiveCommandAction
2020-01-09 09:26:39,884 [21] INFO SiteLogger [(null)] - Page_Load -- 3.4 - blk_no=0, blk_len=278
2020-01-09 09:26:39,885 [21] INFO SiteLogger [(null)] - Page_Load - receive_cmd -- 2
2020-01-09 09:26:39,885 [21] INFO SiteLogger [(null)] - Page_Load - receive_cmd -- 3 - DevName=fk_deviceLE, DevTime=20200109054622, DevInfo={"face_data_ver":528,"firmware":"ZLIF104HS10 V2.77 BS0C2","firmware_filename":"zlif104hs10_bs0c2_um","fk_bin_data_lib":"FKDataHS101","fp_data_ver":128,"supported_enroll_data":["PASSWORD","IDCARD","FP","FACE"]}
2020-01-09 09:26:39,885 [21] INFO SiteLogger [(null)] - ReceiveCmd -- 0 - Start
2020-01-09 09:26:39,885 [21] INFO SiteLogger [(null)] - ReceiveCmd -- 1 - Db connected
2020-01-09 09:26:39,885 [21] INFO SiteLogger [(null)] - ReceiveCmd -- 2
2020-01-09 09:26:39,885 [21] INFO SiteLogger [(null)] - CheckResetCmd -- 0 - dev_id:DC68B057639F7F37
2020-01-09 09:26:39,885 [21] INFO SiteLogger [(null)] - CheckResetCmd -- 1
2020-01-09 09:26:39,901 [21] INFO SiteLogger [(null)] - CheckResetCmd -- 2 - trans_id:
2020-01-09 09:26:39,901 [21] INFO SiteLogger [(null)] - CheckResetCmd -- 3
2020-01-09 09:26:39,901 [21] INFO SiteLogger [(null)] - ReceiveCmd -- 3
2020-01-09 09:26:39,901 [21] INFO SiteLogger [(null)] - UpdateFKDeviceStatus -- 0 - DevTime:20200109054622, DevId:DC68B057639F7F37, DevName:fk_deviceLE, DevInfo:{"face_data_ver":528,"firmware":"ZLIF104HS10 V2.77 BS0C2","firmware_filename":"zlif104hs10_bs0c2_um","fk_bin_data_lib":"FKDataHS101","fp_data_ver":128,"supported_enroll_data":["PASSWORD","IDCARD","FP","FACE"]}
2020-01-09 09:26:39,901 [21] INFO SiteLogger [(null)] - UpdateFKDeviceStatus -- 1
2020-01-09 09:26:39,916 [21] INFO SiteLogger [(null)] - UpdateFKDeviceStatus -- 2
2020-01-09 09:26:39,916 [21] INFO SiteLogger [(null)] - ReceiveCmd -- 4
2020-01-09 09:26:39,916 [21] INFO SiteLogger [(null)] - ReceiveCmd -- 5
2020-01-09 09:26:39,916 [21] INFO SiteLogger [(null)] - ReceiveCmd -- 5 - no cmd
2020-01-09 09:26:39,916 [21] INFO SiteLogger [(null)] - ReceiveCmd -- 11
2020-01-09 09:26:39,932 [21] INFO SiteLogger [(null)] - Page_Load - receive_cmd -- 4
2020-01-09 09:26:39,933 [21] INFO SiteLogger [(null)] - Page_Load - receive_cmd -- 5
2020-01-09 09:26:42,971 [45] INFO SiteLogger [(null)] - Contructor -- 0 - Conn:server=120.24.222.15;uid=sa;pwd=123456@hysoon;database=StandAttDB;Min Pool Size=0;Max Pool Size=512;Pooling=true;
2020-01-09 09:26:42,972 [45] INFO SiteLogger [(null)] - Page_Load -- **************** sRequestCode = receive_cmd dev_id=DC68B057639F7F37 trans_id=ReceiveCommandAction content_length=278
2020-01-09 09:26:42,973 [45] INFO SiteLogger [(null)] - Page_Load -- 1 - request_code : receive_cmd ,trans_id : ReceiveCommandAction
2020-01-09 09:26:42,975 [45] INFO SiteLogger [(null)] - Page_Load -- 3.4 - blk_no=0, blk_len=278
2020-01-09 09:26:42,976 [45] INFO SiteLogger [(null)] - Page_Load - receive_cmd -- 2
2020-01-09 09:26:42,977 [45] INFO SiteLogger [(null)] - Page_Load - receive_cmd -- 3 - DevName=fk_deviceLE, DevTime=20200109054625, DevInfo={"face_data_ver":528,"firmware":"ZLIF104HS10 V2.77 BS0C2","firmware_filename":"zlif104hs10_bs0c2_um","fk_bin_data_lib":"FKDataHS101","fp_data_ver":128,"supported_enroll_data":["PASSWORD","IDCARD","FP","FACE"]}
2020-01-09 09:26:42,979 [45] INFO SiteLogger [(null)] - ReceiveCmd -- 0 - Start
2020-01-09 09:26:42,980 [45] INFO SiteLogger [(null)] - ReceiveCmd -- 1 - Db connected
2020-01-09 09:26:42,981 [45] INFO SiteLogger [(null)] - ReceiveCmd -- 2
2020-01-09 09:26:42,983 [45] INFO SiteLogger [(null)] - CheckResetCmd -- 0 - dev_id:DC68B057639F7F37
2020-01-09 09:26:42,984 [45] INFO SiteLogger [(null)] - CheckResetCmd -- 1
2020-01-09 09:26:42,995 [45] INFO SiteLogger [(null)] - CheckResetCmd -- 2 - trans_id:
2020-01-09 09:26:42,996 [45] INFO SiteLogger [(null)] - CheckResetCmd -- 3
2020-01-09 09:26:42,997 [45] INFO SiteLogger [(null)] - ReceiveCmd -- 3
2020-01-09 09:26:42,999 [45] INFO SiteLogger [(null)] - UpdateFKDeviceStatus -- 0 - DevTime:20200109054625, DevId:DC68B057639F7F37, DevName:fk_deviceLE, DevInfo:{"face_data_ver":528,"firmware":"ZLIF104HS10 V2.77 BS0C2","firmware_filename":"zlif104hs10_bs0c2_um","fk_bin_data_lib":"FKDataHS101","fp_data_ver":128,"supported_enroll_data":["PASSWORD","IDCARD","FP","FACE"]}
2020-01-09 09:26:43,001 [45] INFO SiteLogger [(null)] - UpdateFKDeviceStatus -- 1
2020-01-09 09:26:43,012 [45] INFO SiteLogger [(null)] - UpdateFKDeviceStatus -- 2
2020-01-09 09:26:43,014 [45] INFO SiteLogger [(null)] - ReceiveCmd -- 4
2020-01-09 09:26:43,026 [45] INFO SiteLogger [(null)] - ReceiveCmd -- 5
2020-01-09 09:26:43,027 [45] INFO SiteLogger [(null)] - ReceiveCmd -- 5 - no cmd
2020-01-09 09:26:43,028 [45] INFO SiteLogger [(null)] - ReceiveCmd -- 11
2020-01-09 09:26:43,030 [45] INFO SiteLogger [(null)] - Page_Load - receive_cmd -- 4
2020-01-09 09:26:43,031 [45] INFO SiteLogger [(null)] - Page_Load - receive_cmd -- 5
2020-01-09 09:26:46,056 [58] INFO SiteLogger [(null)] - Contructor -- 0 - Conn:server=120.24.222.15;uid=sa;pwd=123456@hysoon;database=StandAttDB;Min Pool Size=0;Max Pool Size=512;Pooling=true;
2020-01-09 09:26:46,057 [58] INFO SiteLogger [(null)] - Page_Load -- **************** sRequestCode = receive_cmd dev_id=DC68B057639F7F37 trans_id=ReceiveCommandAction content_length=278
2020-01-09 09:26:46,057 [58] INFO SiteLogger [(null)] - Page_Load -- 1 - request_code : receive_cmd ,trans_id : ReceiveCommandAction
2020-01-09 09:26:46,058 [58] INFO SiteLogger [(null)] - Page_Load -- 3.4 - blk_no=0, blk_len=278
2020-01-09 09:26:46,058 [58] INFO SiteLogger [(null)] - Page_Load - receive_cmd -- 2
2020-01-09 09:26:46,058 [58] INFO SiteLogger [(null)] - Page_Load - receive_cmd -- 3 - DevName=fk_deviceLE, DevTime=20200109054628, DevInfo={"face_data_ver":528,"firmware":"ZLIF104HS10 V2.77 BS0C2","firmware_filename":"zlif104hs10_bs0c2_um","fk_bin_data_lib":"FKDataHS101","fp_data_ver":128,"supported_enroll_data":["PASSWORD","IDCARD","FP","FACE"]}
2020-01-09 09:26:46,059 [58] INFO SiteLogger [(null)] - ReceiveCmd -- 0 - Start
2020-01-09 09:26:46,059 [58] INFO SiteLogger [(null)] - ReceiveCmd -- 1 - Db connected
2020-01-09 09:26:46,059 [58] INFO SiteLogger [(null)] - ReceiveCmd -- 2
2020-01-09 09:26:46,059 [58] INFO SiteLogger [(null)] - CheckResetCmd -- 0 - dev_id:DC68B057639F7F37
2020-01-09 09:26:46,059 [58] INFO SiteLogger [(null)] - CheckResetCmd -- 1
2020-01-09 09:26:46,069 [58] INFO SiteLogger [(null)] - CheckResetCmd -- 2 - trans_id:
2020-01-09 09:26:46,069 [58] INFO SiteLogger [(null)] - CheckResetCmd -- 3
2020-01-09 09:26:46,070 [58] INFO SiteLogger [(null)] - ReceiveCmd -- 3
2020-01-09 09:26:46,070 [58] INFO SiteLogger [(null)] - UpdateFKDeviceStatus -- 0 - DevTime:20200109054628, DevId:DC68B057639F7F37, DevName:fk_deviceLE, DevInfo:{"face_data_ver":528,"firmware":"ZLIF104HS10 V2.77 BS0C2","firmware_filename":"zlif104hs10_bs0c2_um","fk_bin_data_lib":"FKDataHS101","fp_data_ver":128,"supported_enroll_data":["PASSWORD","IDCARD","FP","FACE"]}
2020-01-09 09:26:46,071 [58] INFO SiteLogger [(null)] - UpdateFKDeviceStatus -- 1
2020-01-09 09:26:46,081 [58] INFO SiteLogger [(null)] - UpdateFKDeviceStatus -- 2
2020-01-09 09:26:46,082 [58] INFO SiteLogger [(null)] - ReceiveCmd -- 4
2020-01-09 09:26:46,092 [58] INFO SiteLogger [(null)] - ReceiveCmd -- 5
2020-01-09 09:26:46,093 [58] INFO SiteLogger [(null)] - ReceiveCmd -- 5 - no cmd
2020-01-09 09:26:46,093 [58] INFO SiteLogger [(null)] - ReceiveCmd -- 11
2020-01-09 09:26:46,094 [58] INFO SiteLogger [(null)] - Page_Load - receive_cmd -- 4
2020-01-09 09:26:46,094 [58] INFO SiteLogger [(null)] - Page_Load - receive_cmd -- 5
2020-01-09 09:26:48,811 [21] INFO SiteLogger [(null)] - Contructor -- 0 - Conn:server=120.24.222.15;uid=sa;pwd=123456@hysoon;database=StandAttDB;Min Pool Size=0;Max Pool Size=512;Pooling=true;
2020-01-09 09:26:48,811 [21] INFO SiteLogger [(null)] - Page_Load -- **************** sRequestCode = receive_cmd dev_id=DC68B057639F7F37 trans_id=ReceiveCommandAction content_length=278
2020-01-09 09:26:48,811 [21] INFO SiteLogger [(null)] - Page_Load -- 1 - request_code : receive_cmd ,trans_id : ReceiveCommandAction
2020-01-09 09:26:48,811 [21] INFO SiteLogger [(null)] - Page_Load -- 3.4 - blk_no=0, blk_len=278
2020-01-09 09:26:48,811 [21] INFO SiteLogger [(null)] - Page_Load - receive_cmd -- 2
2020-01-09 09:26:48,827 [21] INFO SiteLogger [(null)] - Page_Load - receive_cmd -- 3 - DevName=fk_deviceLE, DevTime=20200109054631, DevInfo={"face_data_ver":528,"firmware":"ZLIF104HS10 V2.77 BS0C2","firmware_filename":"zlif104hs10_bs0c2_um","fk_bin_data_lib":"FKDataHS101","fp_data_ver":128,"supported_enroll_data":["PASSWORD","IDCARD","FP","FACE"]}
2020-01-09 09:26:48,827 [21] INFO SiteLogger [(null)] - ReceiveCmd -- 0 - Start
2020-01-09 09:26:48,827 [21] INFO SiteLogger [(null)] - ReceiveCmd -- 1 - Db connected
2020-01-09 09:26:48,827 [21] INFO SiteLogger [(null)] - ReceiveCmd -- 2
2020-01-09 09:26:48,827 [21] INFO SiteLogger [(null)] - CheckResetCmd -- 0 - dev_id:DC68B057639F7F37
2020-01-09 09:26:48,827 [21] INFO SiteLogger [(null)] - CheckResetCmd -- 1
2020-01-09 09:26:48,845 [21] INFO SiteLogger [(null)] - CheckResetCmd -- 2 - trans_id:
2020-01-09 09:26:48,846 [21] INFO SiteLogger [(null)] - CheckResetCmd -- 3
2020-01-09 09:26:48,847 [21] INFO SiteLogger [(null)] - ReceiveCmd -- 3
2020-01-09 09:26:48,848 [21] INFO SiteLogger [(null)] - UpdateFKDeviceStatus -- 0 - DevTime:20200109054631, DevId:DC68B057639F7F37, DevName:fk_deviceLE, DevInfo:{"face_data_ver":528,"firmware":"ZLIF104HS10 V2.77 BS0C2","firmware_filename":"zlif104hs10_bs0c2_um","fk_bin_data_lib":"FKDataHS101","fp_data_ver":128,"supported_enroll_data":["PASSWORD","IDCARD","FP","FACE"]}
2020-01-09 09:26:48,849 [21] INFO SiteLogger [(null)] - UpdateFKDeviceStatus -- 1
2020-01-09 09:26:48,860 [21] INFO SiteLogger [(null)] - UpdateFKDeviceStatus -- 2
2020-01-09 09:26:48,863 [21] INFO SiteLogger [(null)] - ReceiveCmd -- 4
2020-01-09 09:26:48,874 [21] INFO SiteLogger [(null)] - ReceiveCmd -- 5
2020-01-09 09:26:48,875 [21] INFO SiteLogger [(null)] - ReceiveCmd -- 5 - no cmd
2020-01-09 09:26:48,875 [21] INFO SiteLogger [(null)] - ReceiveCmd -- 11
2020-01-09 09:26:48,876 [21] INFO SiteLogger [(null)] - Page_Load - receive_cmd -- 4
2020-01-09 09:26:48,877 [21] INFO SiteLogger [(null)] - Page_Load - receive_cmd -- 5
2020-01-09 09:26:51,897 [28] INFO SiteLogger [(null)] - Contructor -- 0 - Conn:server=120.24.222.15;uid=sa;pwd=123456@hysoon;database=StandAttDB;Min Pool Size=0;Max Pool Size=512;Pooling=true;
2020-01-09 09:26:51,897 [28] INFO SiteLogger [(null)] - Page_Load -- **************** sRequestCode = receive_cmd dev_id=DC68B057639F7F37 trans_id=ReceiveCommandAction content_length=278
2020-01-09 09:26:51,897 [28] INFO SiteLogger [(null)] - Page_Load -- 1 - request_code : receive_cmd ,trans_id : ReceiveCommandAction
2020-01-09 09:26:51,897 [28] INFO SiteLogger [(null)] - Page_Load -- 3.4 - blk_no=0, blk_len=278
2020-01-09 09:26:51,897 [28] INFO SiteLogger [(null)] - Page_Load - receive_cmd -- 2
2020-01-09 09:26:51,897 [28] INFO SiteLogger [(null)] - Page_Load - receive_cmd -- 3 - DevName=fk_deviceLE, DevTime=20200109054634, DevInfo={"face_data_ver":528,"firmware":"ZLIF104HS10 V2.77 BS0C2","firmware_filename":"zlif104hs10_bs0c2_um","fk_bin_data_lib":"FKDataHS101","fp_data_ver":128,"supported_enroll_data":["PASSWORD","IDCARD","FP","FACE"]}
2020-01-09 09:26:51,897 [28] INFO SiteLogger [(null)] - ReceiveCmd -- 0 - Start
2020-01-09 09:26:51,897 [28] INFO SiteLogger [(null)] - ReceiveCmd -- 1 - Db connected
2020-01-09 09:26:51,897 [28] INFO SiteLogger [(null)] - ReceiveCmd -- 2
2020-01-09 09:26:51,897 [28] INFO SiteLogger [(null)] - CheckResetCmd -- 0 - dev_id:DC68B057639F7F37
2020-01-09 09:26:51,897 [28] INFO SiteLogger [(null)] - CheckResetCmd -- 1
2020-01-09 09:26:51,913 [28] INFO SiteLogger [(null)] - CheckResetCmd -- 2 - trans_id:
2020-01-09 09:26:51,913 [28] INFO SiteLogger [(null)] - CheckResetCmd -- 3
2020-01-09 09:26:51,913 [28] INFO SiteLogger [(null)] - ReceiveCmd -- 3
2020-01-09 09:26:51,913 [28] INFO SiteLogger [(null)] - UpdateFKDeviceStatus -- 0 - DevTime:20200109054634, DevId:DC68B057639F7F37, DevName:fk_deviceLE, DevInfo:{"face_data_ver":528,"firmware":"ZLIF104HS10 V2.77 BS0C2","firmware_filename":"zlif104hs10_bs0c2_um","fk_bin_data_lib":"FKDataHS101","fp_data_ver":128,"supported_enroll_data":["PASSWORD","IDCARD","FP","FACE"]}
2020-01-09 09:26:51,913 [28] INFO SiteLogger [(null)] - UpdateFKDeviceStatus -- 1
2020-01-09 09:26:51,913 [28] INFO SiteLogger [(null)] - UpdateFKDeviceStatus -- 2
2020-01-09 09:26:51,913 [28] INFO SiteLogger [(null)] - ReceiveCmd -- 4
2020-01-09 09:26:51,929 [28] INFO SiteLogger [(null)] - ReceiveCmd -- 5
2020-01-09 09:26:51,929 [28] INFO SiteLogger [(null)] - ReceiveCmd -- 5 - no cmd
2020-01-09 09:26:51,929 [28] INFO SiteLogger [(null)] - ReceiveCmd -- 11
2020-01-09 09:26:51,929 [28] INFO SiteLogger [(null)] - Page_Load - receive_cmd -- 4
2020-01-09 09:26:51,929 [28] INFO SiteLogger [(null)] - Page_Load - receive_cmd -- 5
2020-01-09 09:26:54,971 [59] INFO SiteLogger [(null)] - Contructor -- 0 - Conn:server=120.24.222.15;uid=sa;pwd=123456@hysoon;database=StandAttDB;Min Pool Size=0;Max Pool Size=512;Pooling=true;
2020-01-09 09:26:54,973 [59] INFO SiteLogger [(null)] - Page_Load -- **************** sRequestCode = receive_cmd dev_id=DC68B057639F7F37 trans_id=ReceiveCommandAction content_length=278
2020-01-09 09:26:54,974 [59] INFO SiteLogger [(null)] - Page_Load -- 1 - request_code : receive_cmd ,trans_id : ReceiveCommandAction
2020-01-09 09:26:54,976 [59] INFO SiteLogger [(null)] - Page_Load -- 3.4 - blk_no=0, blk_len=278
2020-01-09 09:26:54,977 [59] INFO SiteLogger [(null)] - Page_Load - receive_cmd -- 2
2020-01-09 09:26:54,979 [59] INFO SiteLogger [(null)] - Page_Load - receive_cmd -- 3 - DevName=fk_deviceLE, DevTime=20200109054637, DevInfo={"face_data_ver":528,"firmware":"ZLIF104HS10 V2.77 BS0C2","firmware_filename":"zlif104hs10_bs0c2_um","fk_bin_data_lib":"FKDataHS101","fp_data_ver":128,"supported_enroll_data":["PASSWORD","IDCARD","FP","FACE"]}
2020-01-09 09:26:54,980 [59] INFO SiteLogger [(null)] - ReceiveCmd -- 0 - Start
2020-01-09 09:26:54,981 [59] INFO SiteLogger [(null)] - ReceiveCmd -- 1 - Db connected
2020-01-09 09:26:54,983 [59] INFO SiteLogger [(null)] - ReceiveCmd -- 2
2020-01-09 09:26:54,984 [59] INFO SiteLogger [(null)] - CheckResetCmd -- 0 - dev_id:DC68B057639F7F37
2020-01-09 09:26:54,985 [59] INFO SiteLogger [(null)] - CheckResetCmd -- 1
2020-01-09 09:26:54,996 [59] INFO SiteLogger [(null)] - CheckResetCmd -- 2 - trans_id:
2020-01-09 09:26:54,997 [59] INFO SiteLogger [(null)] - CheckResetCmd -- 3
2020-01-09 09:26:54,998 [59] INFO SiteLogger [(null)] - ReceiveCmd -- 3
2020-01-09 09:26:54,999 [59] INFO SiteLogger [(null)] - UpdateFKDeviceStatus -- 0 - DevTime:20200109054637, DevId:DC68B057639F7F37, DevName:fk_deviceLE, DevInfo:{"face_data_ver":528,"firmware":"ZLIF104HS10 V2.77 BS0C2","firmware_filename":"zlif104hs10_bs0c2_um","fk_bin_data_lib":"FKDataHS101","fp_data_ver":128,"supported_enroll_data":["PASSWORD","IDCARD","FP","FACE"]}
2020-01-09 09:26:54,999 [59] INFO SiteLogger [(null)] - UpdateFKDeviceStatus -- 1
2020-01-09 09:26:55,010 [59] INFO SiteLogger [(null)] - UpdateFKDeviceStatus -- 2
2020-01-09 09:26:55,012 [59] INFO SiteLogger [(null)] - ReceiveCmd -- 4
2020-01-09 09:26:55,023 [59] INFO SiteLogger [(null)] - ReceiveCmd -- 5
2020-01-09 09:26:55,024 [59] INFO SiteLogger [(null)] - ReceiveCmd -- 5 - no cmd
2020-01-09 09:26:55,025 [59] INFO SiteLogger [(null)] - ReceiveCmd -- 11
2020-01-09 09:26:55,026 [59] INFO SiteLogger [(null)] - Page_Load - receive_cmd -- 4
2020-01-09 09:26:55,027 [59] INFO SiteLogger [(null)] - Page_Load - receive_cmd -- 5
2020-01-09 09:26:58,054 [24] INFO SiteLogger [(null)] - Contructor -- 0 - Conn:server=120.24.222.15;uid=sa;pwd=123456@hysoon;database=StandAttDB;Min Pool Size=0;Max Pool Size=512;Pooling=true;
2020-01-09 09:26:58,055 [24] INFO SiteLogger [(null)] - Page_Load -- **************** sRequestCode = receive_cmd dev_id=DC68B057639F7F37 trans_id=ReceiveCommandAction content_length=278
2020-01-09 09:26:58,055 [24] INFO SiteLogger [(null)] - Page_Load -- 1 - request_code : receive_cmd ,trans_id : ReceiveCommandAction
2020-01-09 09:26:58,056 [24] INFO SiteLogger [(null)] - Page_Load -- 3.4 - blk_no=0, blk_len=278
2020-01-09 09:26:58,056 [24] INFO SiteLogger [(null)] - Page_Load - receive_cmd -- 2
2020-01-09 09:26:58,056 [24] INFO SiteLogger [(null)] - Page_Load - receive_cmd -- 3 - DevName=fk_deviceLE, DevTime=20200109054640, DevInfo={"face_data_ver":528,"firmware":"ZLIF104HS10 V2.77 BS0C2","firmware_filename":"zlif104hs10_bs0c2_um","fk_bin_data_lib":"FKDataHS101","fp_data_ver":128,"supported_enroll_data":["PASSWORD","IDCARD","FP","FACE"]}
2020-01-09 09:26:58,056 [24] INFO SiteLogger [(null)] - ReceiveCmd -- 0 - Start
2020-01-09 09:26:58,057 [24] INFO SiteLogger [(null)] - ReceiveCmd -- 1 - Db connected
2020-01-09 09:26:58,057 [24] INFO SiteLogger [(null)] - ReceiveCmd -- 2
2020-01-09 09:26:58,057 [24] INFO SiteLogger [(null)] - CheckResetCmd -- 0 - dev_id:DC68B057639F7F37
2020-01-09 09:26:58,057 [24] INFO SiteLogger [(null)] - CheckResetCmd -- 1
2020-01-09 09:26:58,067 [24] INFO SiteLogger [(null)] - CheckResetCmd -- 2 - trans_id:
2020-01-09 09:26:58,067 [24] INFO SiteLogger [(null)] - CheckResetCmd -- 3
2020-01-09 09:26:58,067 [24] INFO SiteLogger [(null)] - ReceiveCmd -- 3
2020-01-09 09:26:58,067 [24] INFO SiteLogger [(null)] - UpdateFKDeviceStatus -- 0 - DevTime:20200109054640, DevId:DC68B057639F7F37, DevName:fk_deviceLE, DevInfo:{"face_data_ver":528,"firmware":"ZLIF104HS10 V2.77 BS0C2","firmware_filename":"zlif104hs10_bs0c2_um","fk_bin_data_lib":"FKDataHS101","fp_data_ver":128,"supported_enroll_data":["PASSWORD","IDCARD","FP","FACE"]}
2020-01-09 09:26:58,067 [24] INFO SiteLogger [(null)] - UpdateFKDeviceStatus -- 1
2020-01-09 09:26:58,078 [24] INFO SiteLogger [(null)] - UpdateFKDeviceStatus -- 2
2020-01-09 09:26:58,078 [24] INFO SiteLogger [(null)] - ReceiveCmd -- 4
2020-01-09 09:26:58,089 [24] INFO SiteLogger [(null)] - ReceiveCmd -- 5
2020-01-09 09:26:58,089 [24] INFO SiteLogger [(null)] - ReceiveCmd -- 5 - no cmd
2020-01-09 09:26:58,090 [24] INFO SiteLogger [(null)] - ReceiveCmd -- 11
2020-01-09 09:26:58,090 [24] INFO SiteLogger [(null)] - Page_Load - receive_cmd -- 4
2020-01-09 09:26:58,091 [24] INFO SiteLogger [(null)] - Page_Load - receive_cmd -- 5
2020-01-09 09:27:00,811 [45] INFO SiteLogger [(null)] - Contructor -- 0 - Conn:server=120.24.222.15;uid=sa;pwd=123456@hysoon;database=StandAttDB;Min Pool Size=0;Max Pool Size=512;Pooling=true;
2020-01-09 09:27:00,811 [45] INFO SiteLogger [(null)] - Page_Load -- **************** sRequestCode = receive_cmd dev_id=DC68B057639F7F37 trans_id=ReceiveCommandAction content_length=278
2020-01-09 09:27:00,811 [45] INFO SiteLogger [(null)] - Page_Load -- 1 - request_code : receive_cmd ,trans_id : ReceiveCommandAction
2020-01-09 09:27:00,811 [45] INFO SiteLogger [(null)] - Page_Load -- 3.4 - blk_no=0, blk_len=278
2020-01-09 09:27:00,811 [45] INFO SiteLogger [(null)] - Page_Load - receive_cmd -- 2
2020-01-09 09:27:00,811 [45] INFO SiteLogger [(null)] - Page_Load - receive_cmd -- 3 - DevName=fk_deviceLE, DevTime=20200109054643, DevInfo={"face_data_ver":528,"firmware":"ZLIF104HS10 V2.77 BS0C2","firmware_filename":"zlif104hs10_bs0c2_um","fk_bin_data_lib":"FKDataHS101","fp_data_ver":128,"supported_enroll_data":["PASSWORD","IDCARD","FP","FACE"]}
2020-01-09 09:27:00,811 [45] INFO SiteLogger [(null)] - ReceiveCmd -- 0 - Start
2020-01-09 09:27:00,811 [45] INFO SiteLogger [(null)] - ReceiveCmd -- 1 - Db connected
2020-01-09 09:27:00,811 [45] INFO SiteLogger [(null)] - ReceiveCmd -- 2
2020-01-09 09:27:00,811 [45] INFO SiteLogger [(null)] - CheckResetCmd -- 0 - dev_id:DC68B057639F7F37
2020-01-09 09:27:00,811 [45] INFO SiteLogger [(null)] - CheckResetCmd -- 1
2020-01-09 09:27:00,827 [45] INFO SiteLogger [(null)] - CheckResetCmd -- 2 - trans_id:
2020-01-09 09:27:00,827 [45] INFO SiteLogger [(null)] - CheckResetCmd -- 3
2020-01-09 09:27:00,827 [45] INFO SiteLogger [(null)] - ReceiveCmd -- 3
2020-01-09 09:27:00,827 [45] INFO SiteLogger [(null)] - UpdateFKDeviceStatus -- 0 - DevTime:20200109054643, DevId:DC68B057639F7F37, DevName:fk_deviceLE, DevInfo:{"face_data_ver":528,"firmware":"ZLIF104HS10 V2.77 BS0C2","firmware_filename":"zlif104hs10_bs0c2_um","fk_bin_data_lib":"FKDataHS101","fp_data_ver":128,"supported_enroll_data":["PASSWORD","IDCARD","FP","FACE"]}
2020-01-09 09:27:00,827 [45] INFO SiteLogger [(null)] - UpdateFKDeviceStatus -- 1
2020-01-09 09:27:00,827 [45] INFO SiteLogger [(null)] - UpdateFKDeviceStatus -- 2
2020-01-09 09:27:00,827 [45] INFO SiteLogger [(null)] - ReceiveCmd -- 4
2020-01-09 09:27:00,843 [45] INFO SiteLogger [(null)] - ReceiveCmd -- 5
2020-01-09 09:27:00,843 [45] INFO SiteLogger [(null)] - ReceiveCmd -- 5 - no cmd
2020-01-09 09:27:00,843 [45] INFO SiteLogger [(null)] - ReceiveCmd -- 11
2020-01-09 09:27:00,843 [45] INFO SiteLogger [(null)] - Page_Load - receive_cmd -- 4
2020-01-09 09:27:00,843 [45] INFO SiteLogger [(null)] - Page_Load - receive_cmd -- 5
2020-01-09 09:27:03,878 [59] INFO SiteLogger [(null)] - Contructor -- 0 - Conn:server=120.24.222.15;uid=sa;pwd=123456@hysoon;database=StandAttDB;Min Pool Size=0;Max Pool Size=512;Pooling=true;
2020-01-09 09:27:03,879 [59] INFO SiteLogger [(null)] - Page_Load -- **************** sRequestCode = receive_cmd dev_id=DC68B057639F7F37 trans_id=ReceiveCommandAction content_length=278
2020-01-09 09:27:03,879 [59] INFO SiteLogger [(null)] - Page_Load -- 1 - request_code : receive_cmd ,trans_id : ReceiveCommandAction
2020-01-09 09:27:03,879 [59] INFO SiteLogger [(null)] - Page_Load -- 3.4 - blk_no=0, blk_len=278
2020-01-09 09:27:03,880 [59] INFO SiteLogger [(null)] - Page_Load - receive_cmd -- 2
2020-01-09 09:27:03,880 [59] INFO SiteLogger [(null)] - Page_Load - receive_cmd -- 3 - DevName=fk_deviceLE, DevTime=20200109054646, DevInfo={"face_data_ver":528,"firmware":"ZLIF104HS10 V2.77 BS0C2","firmware_filename":"zlif104hs10_bs0c2_um","fk_bin_data_lib":"FKDataHS101","fp_data_ver":128,"supported_enroll_data":["PASSWORD","IDCARD","FP","FACE"]}
2020-01-09 09:27:03,881 [59] INFO SiteLogger [(null)] - ReceiveCmd -- 0 - Start
2020-01-09 09:27:03,881 [59] INFO SiteLogger [(null)] - ReceiveCmd -- 1 - Db connected
2020-01-09 09:27:03,881 [59] INFO SiteLogger [(null)] - ReceiveCmd -- 2
2020-01-09 09:27:03,881 [59] INFO SiteLogger [(null)] - CheckResetCmd -- 0 - dev_id:DC68B057639F7F37
2020-01-09 09:27:03,882 [59] INFO SiteLogger [(null)] - CheckResetCmd -- 1
2020-01-09 09:27:03,899 [59] INFO SiteLogger [(null)] - CheckResetCmd -- 2 - trans_id:
2020-01-09 09:27:03,899 [59] INFO SiteLogger [(null)] - CheckResetCmd -- 3
2020-01-09 09:27:03,899 [59] INFO SiteLogger [(null)] - ReceiveCmd -- 3
2020-01-09 09:27:03,899 [59] INFO SiteLogger [(null)] - UpdateFKDeviceStatus -- 0 - DevTime:20200109054646, DevId:DC68B057639F7F37, DevName:fk_deviceLE, DevInfo:{"face_data_ver":528,"firmware":"ZLIF104HS10 V2.77 BS0C2","firmware_filename":"zlif104hs10_bs0c2_um","fk_bin_data_lib":"FKDataHS101","fp_data_ver":128,"supported_enroll_data":["PASSWORD","IDCARD","FP","FACE"]}
2020-01-09 09:27:03,899 [59] INFO SiteLogger [(null)] - UpdateFKDeviceStatus -- 1
2020-01-09 09:27:03,910 [59] INFO SiteLogger [(null)] - UpdateFKDeviceStatus -- 2
2020-01-09 09:27:03,910 [59] INFO SiteLogger [(null)] - ReceiveCmd -- 4
2020-01-09 09:27:03,911 [59] INFO SiteLogger [(null)] - ReceiveCmd -- 5
2020-01-09 09:27:03,911 [59] INFO SiteLogger [(null)] - ReceiveCmd -- 5 - no cmd
2020-01-09 09:27:03,911 [59] INFO SiteLogger [(null)] - ReceiveCmd -- 11
2020-01-09 09:27:03,911 [59] INFO SiteLogger [(null)] - Page_Load - receive_cmd -- 4
2020-01-09 09:27:03,911 [59] INFO SiteLogger [(null)] - Page_Load - receive_cmd -- 5
2020-01-09 09:27:06,944 [22] INFO SiteLogger [(null)] - Contructor -- 0 - Conn:server=120.24.222.15;uid=sa;pwd=123456@hysoon;database=StandAttDB;Min Pool Size=0;Max Pool Size=512;Pooling=true;
2020-01-09 09:27:06,944 [22] INFO SiteLogger [(null)] - Page_Load -- **************** sRequestCode = receive_cmd dev_id=DC68B057639F7F37 trans_id=ReceiveCommandAction content_length=278
2020-01-09 09:27:06,944 [22] INFO SiteLogger [(null)] - Page_Load -- 1 - request_code : receive_cmd ,trans_id : ReceiveCommandAction
2020-01-09 09:27:06,944 [22] INFO SiteLogger [(null)] - Page_Load -- 3.4 - blk_no=0, blk_len=278
2020-01-09 09:27:06,944 [22] INFO SiteLogger [(null)] - Page_Load - receive_cmd -- 2
2020-01-09 09:27:06,944 [22] INFO SiteLogger [(null)] - Page_Load - receive_cmd -- 3 - DevName=fk_deviceLE, DevTime=20200109054649, DevInfo={"face_data_ver":528,"firmware":"ZLIF104HS10 V2.77 BS0C2","firmware_filename":"zlif104hs10_bs0c2_um","fk_bin_data_lib":"FKDataHS101","fp_data_ver":128,"supported_enroll_data":["PASSWORD","IDCARD","FP","FACE"]}
2020-01-09 09:27:06,944 [22] INFO SiteLogger [(null)] - ReceiveCmd -- 0 - Start
2020-01-09 09:27:06,944 [22] INFO SiteLogger [(null)] - ReceiveCmd -- 1 - Db connected
2020-01-09 09:27:06,944 [22] INFO SiteLogger [(null)] - ReceiveCmd -- 2
2020-01-09 09:27:06,944 [22] INFO SiteLogger [(null)] - CheckResetCmd -- 0 - dev_id:DC68B057639F7F37
2020-01-09 09:27:06,944 [22] INFO SiteLogger [(null)] - CheckResetCmd -- 1
2020-01-09 09:27:06,961 [22] INFO SiteLogger [(null)] - CheckResetCmd -- 2 - trans_id:
2020-01-09 09:27:06,962 [22] INFO SiteLogger [(null)] - CheckResetCmd -- 3
2020-01-09 09:27:06,962 [22] INFO SiteLogger [(null)] - ReceiveCmd -- 3
2020-01-09 09:27:06,962 [22] INFO SiteLogger [(null)] - UpdateFKDeviceStatus -- 0 - DevTime:20200109054649, DevId:DC68B057639F7F37, DevName:fk_deviceLE, DevInfo:{"face_data_ver":528,"firmware":"ZLIF104HS10 V2.77 BS0C2","firmware_filename":"zlif104hs10_bs0c2_um","fk_bin_data_lib":"FKDataHS101","fp_data_ver":128,"supported_enroll_data":["PASSWORD","IDCARD","FP","FACE"]}
2020-01-09 09:27:06,963 [22] INFO SiteLogger [(null)] - UpdateFKDeviceStatus -- 1
2020-01-09 09:27:06,975 [22] INFO SiteLogger [(null)] - UpdateFKDeviceStatus -- 2
2020-01-09 09:27:06,975 [22] INFO SiteLogger [(null)] - ReceiveCmd -- 4
2020-01-09 09:27:06,990 [22] INFO SiteLogger [(null)] - ReceiveCmd -- 5
2020-01-09 09:27:06,990 [22] INFO SiteLogger [(null)] - ReceiveCmd -- 5 - no cmd
2020-01-09 09:27:06,991 [22] INFO SiteLogger [(null)] - ReceiveCmd -- 11
2020-01-09 09:27:06,991 [22] INFO SiteLogger [(null)] - Page_Load - receive_cmd -- 4
2020-01-09 09:27:06,991 [22] INFO SiteLogger [(null)] - Page_Load - receive_cmd -- 5
2020-01-09 09:27:10,053 [58] INFO SiteLogger [(null)] - Contructor -- 0 - Conn:server=120.24.222.15;uid=sa;pwd=123456@hysoon;database=StandAttDB;Min Pool Size=0;Max Pool Size=512;Pooling=true;
2020-01-09 09:27:10,054 [58] INFO SiteLogger [(null)] - Page_Load -- **************** sRequestCode = receive_cmd dev_id=DC68B057639F7F37 trans_id=ReceiveCommandAction content_length=278
2020-01-09 09:27:10,054 [58] INFO SiteLogger [(null)] - Page_Load -- 1 - request_code : receive_cmd ,trans_id : ReceiveCommandAction
2020-01-09 09:27:10,054 [58] INFO SiteLogger [(null)] - Page_Load -- 3.4 - blk_no=0, blk_len=278
2020-01-09 09:27:10,054 [58] INFO SiteLogger [(null)] - Page_Load - receive_cmd -- 2
2020-01-09 09:27:10,055 [58] INFO SiteLogger [(null)] - Page_Load - receive_cmd -- 3 - DevName=fk_deviceLE, DevTime=20200109054652, DevInfo={"face_data_ver":528,"firmware":"ZLIF104HS10 V2.77 BS0C2","firmware_filename":"zlif104hs10_bs0c2_um","fk_bin_data_lib":"FKDataHS101","fp_data_ver":128,"supported_enroll_data":["PASSWORD","IDCARD","FP","FACE"]}
2020-01-09 09:27:10,055 [58] INFO SiteLogger [(null)] - ReceiveCmd -- 0 - Start
2020-01-09 09:27:10,055 [58] INFO SiteLogger [(null)] - ReceiveCmd -- 1 - Db connected
2020-01-09 09:27:10,055 [58] INFO SiteLogger [(null)] - ReceiveCmd -- 2
2020-01-09 09:27:10,056 [58] INFO SiteLogger [(null)] - CheckResetCmd -- 0 - dev_id:DC68B057639F7F37
2020-01-09 09:27:10,056 [58] INFO SiteLogger [(null)] - CheckResetCmd -- 1
2020-01-09 09:27:10,065 [58] INFO SiteLogger [(null)] - CheckResetCmd -- 2 - trans_id:
2020-01-09 09:27:10,065 [58] INFO SiteLogger [(null)] - CheckResetCmd -- 3
2020-01-09 09:27:10,065 [58] INFO SiteLogger [(null)] - ReceiveCmd -- 3
2020-01-09 09:27:10,065 [58] INFO SiteLogger [(null)] - UpdateFKDeviceStatus -- 0 - DevTime:20200109054652, DevId:DC68B057639F7F37, DevName:fk_deviceLE, DevInfo:{"face_data_ver":528,"firmware":"ZLIF104HS10 V2.77 BS0C2","firmware_filename":"zlif104hs10_bs0c2_um","fk_bin_data_lib":"FKDataHS101","fp_data_ver":128,"supported_enroll_data":["PASSWORD","IDCARD","FP","FACE"]}
2020-01-09 09:27:10,066 [58] INFO SiteLogger [(null)] - UpdateFKDeviceStatus -- 1
2020-01-09 09:27:10,076 [58] INFO SiteLogger [(null)] - UpdateFKDeviceStatus -- 2
2020-01-09 09:27:10,077 [58] INFO SiteLogger [(null)] - ReceiveCmd -- 4
2020-01-09 09:27:10,087 [58] INFO SiteLogger [(null)] - ReceiveCmd -- 5
2020-01-09 09:27:10,087 [58] INFO SiteLogger [(null)] - ReceiveCmd -- 5 - no cmd
2020-01-09 09:27:10,087 [58] INFO SiteLogger [(null)] - ReceiveCmd -- 11
2020-01-09 09:27:10,087 [58] INFO SiteLogger [(null)] - Page_Load - receive_cmd -- 4
2020-01-09 09:27:10,088 [58] INFO SiteLogger [(null)] - Page_Load - receive_cmd -- 5
2020-01-09 09:27:12,817 [28] INFO SiteLogger [(null)] - Contructor -- 0 - Conn:server=120.24.222.15;uid=sa;pwd=123456@hysoon;database=StandAttDB;Min Pool Size=0;Max Pool Size=512;Pooling=true;
2020-01-09 09:27:12,819 [28] INFO SiteLogger [(null)] - Page_Load -- **************** sRequestCode = receive_cmd dev_id=DC68B057639F7F37 trans_id=ReceiveCommandAction content_length=278
2020-01-09 09:27:12,820 [28] INFO SiteLogger [(null)] - Page_Load -- 1 - request_code : receive_cmd ,trans_id : ReceiveCommandAction
2020-01-09 09:27:12,821 [28] INFO SiteLogger [(null)] - Page_Load -- 3.4 - blk_no=0, blk_len=278
2020-01-09 09:27:12,822 [28] INFO SiteLogger [(null)] - Page_Load - receive_cmd -- 2
2020-01-09 09:27:12,823 [28] INFO SiteLogger [(null)] - Page_Load - receive_cmd -- 3 - DevName=fk_deviceLE, DevTime=20200109054655, DevInfo={"face_data_ver":528,"firmware":"ZLIF104HS10 V2.77 BS0C2","firmware_filename":"zlif104hs10_bs0c2_um","fk_bin_data_lib":"FKDataHS101","fp_data_ver":128,"supported_enroll_data":["PASSWORD","IDCARD","FP","FACE"]}
2020-01-09 09:27:12,824 [28] INFO SiteLogger [(null)] - ReceiveCmd -- 0 - Start
2020-01-09 09:27:12,825 [28] INFO SiteLogger [(null)] - ReceiveCmd -- 1 - Db connected
2020-01-09 09:27:12,830 [28] INFO SiteLogger [(null)] - ReceiveCmd -- 2
2020-01-09 09:27:12,837 [28] INFO SiteLogger [(null)] - CheckResetCmd -- 0 - dev_id:DC68B057639F7F37
2020-01-09 09:27:12,838 [28] INFO SiteLogger [(null)] - CheckResetCmd -- 1
2020-01-09 09:27:12,848 [28] INFO SiteLogger [(null)] - CheckResetCmd -- 2 - trans_id:
2020-01-09 09:27:12,849 [28] INFO SiteLogger [(null)] - CheckResetCmd -- 3
2020-01-09 09:27:12,850 [28] INFO SiteLogger [(null)] - ReceiveCmd -- 3
2020-01-09 09:27:12,850 [28] INFO SiteLogger [(null)] - UpdateFKDeviceStatus -- 0 - DevTime:20200109054655, DevId:DC68B057639F7F37, DevName:fk_deviceLE, DevInfo:{"face_data_ver":528,"firmware":"ZLIF104HS10 V2.77 BS0C2","firmware_filename":"zlif104hs10_bs0c2_um","fk_bin_data_lib":"FKDataHS101","fp_data_ver":128,"supported_enroll_data":["PASSWORD","IDCARD","FP","FACE"]}
2020-01-09 09:27:12,851 [28] INFO SiteLogger [(null)] - UpdateFKDeviceStatus -- 1
2020-01-09 09:27:12,862 [28] INFO SiteLogger [(null)] - UpdateFKDeviceStatus -- 2
2020-01-09 09:27:12,863 [28] INFO SiteLogger [(null)] - ReceiveCmd -- 4
2020-01-09 09:27:12,873 [28] INFO SiteLogger [(null)] - ReceiveCmd -- 5
2020-01-09 09:27:12,874 [28] INFO SiteLogger [(null)] - ReceiveCmd -- 5 - no cmd
2020-01-09 09:27:12,875 [28] INFO SiteLogger [(null)] - ReceiveCmd -- 11
2020-01-09 09:27:12,875 [28] INFO SiteLogger [(null)] - Page_Load - receive_cmd -- 4
2020-01-09 09:27:12,875 [28] INFO SiteLogger [(null)] - Page_Load - receive_cmd -- 5
2020-01-09 09:27:15,921 [41] INFO SiteLogger [(null)] - Contructor -- 0 - Conn:server=120.24.222.15;uid=sa;pwd=123456@hysoon;database=StandAttDB;Min Pool Size=0;Max Pool Size=512;Pooling=true;
2020-01-09 09:27:15,921 [41] INFO SiteLogger [(null)] - Page_Load -- **************** sRequestCode = receive_cmd dev_id=DC68B057639F7F37 trans_id=ReceiveCommandAction content_length=278
2020-01-09 09:27:15,921 [41] INFO SiteLogger [(null)] - Page_Load -- 1 - request_code : receive_cmd ,trans_id : ReceiveCommandAction
2020-01-09 09:27:15,921 [41] INFO SiteLogger [(null)] - Page_Load -- 3.4 - blk_no=0, blk_len=278
2020-01-09 09:27:15,921 [41] INFO SiteLogger [(null)] - Page_Load - receive_cmd -- 2
2020-01-09 09:27:15,921 [41] INFO SiteLogger [(null)] - Page_Load - receive_cmd -- 3 - DevName=fk_deviceLE, DevTime=20200109054658, DevInfo={"face_data_ver":528,"firmware":"ZLIF104HS10 V2.77 BS0C2","firmware_filename":"zlif104hs10_bs0c2_um","fk_bin_data_lib":"FKDataHS101","fp_data_ver":128,"supported_enroll_data":["PASSWORD","IDCARD","FP","FACE"]}
2020-01-09 09:27:15,921 [41] INFO SiteLogger [(null)] - ReceiveCmd -- 0 - Start
2020-01-09 09:27:15,921 [41] INFO SiteLogger [(null)] - ReceiveCmd -- 1 - Db connected
2020-01-09 09:27:15,921 [41] INFO SiteLogger [(null)] - ReceiveCmd -- 2
2020-01-09 09:27:15,921 [41] INFO SiteLogger [(null)] - CheckResetCmd -- 0 - dev_id:DC68B057639F7F37
2020-01-09 09:27:15,921 [41] INFO SiteLogger [(null)] - CheckResetCmd -- 1
2020-01-09 09:27:15,936 [41] INFO SiteLogger [(null)] - CheckResetCmd -- 2 - trans_id:
2020-01-09 09:27:15,937 [41] INFO SiteLogger [(null)] - CheckResetCmd -- 3
2020-01-09 09:27:15,938 [41] INFO SiteLogger [(null)] - ReceiveCmd -- 3
2020-01-09 09:27:15,939 [41] INFO SiteLogger [(null)] - UpdateFKDeviceStatus -- 0 - DevTime:20200109054658, DevId:DC68B057639F7F37, DevName:fk_deviceLE, DevInfo:{"face_data_ver":528,"firmware":"ZLIF104HS10 V2.77 BS0C2","firmware_filename":"zlif104hs10_bs0c2_um","fk_bin_data_lib":"FKDataHS101","fp_data_ver":128,"supported_enroll_data":["PASSWORD","IDCARD","FP","FACE"]}
2020-01-09 09:27:15,939 [41] INFO SiteLogger [(null)] - UpdateFKDeviceStatus -- 1
2020-01-09 09:27:15,952 [41] INFO SiteLogger [(null)] - UpdateFKDeviceStatus -- 2
2020-01-09 09:27:15,953 [41] INFO SiteLogger [(null)] - ReceiveCmd -- 4
2020-01-09 09:27:15,968 [41] INFO SiteLogger [(null)] - ReceiveCmd -- 5
2020-01-09 09:27:15,969 [41] INFO SiteLogger [(null)] - ReceiveCmd -- 6 - trans_id:720cmd_code:GET_USER_ID_LIST
2020-01-09 09:27:15,970 [41] INFO SiteLogger [(null)] - ReceiveCmd -- 11
2020-01-09 09:27:15,971 [41] INFO SiteLogger [(null)] - Page_Load - receive_cmd -- 4
2020-01-09 09:27:15,972 [41] INFO SiteLogger [(null)] - Page_Load - receive_cmd -- 5
2020-01-09 09:27:15,978 [21] INFO SiteLogger [(null)] - Contructor -- 0 - Conn:server=120.24.222.15;uid=sa;pwd=123456@hysoon;database=StandAttDB;Min Pool Size=0;Max Pool Size=512;Pooling=true;
2020-01-09 09:27:15,978 [21] INFO SiteLogger [(null)] - Page_Load -- **************** sRequestCode = send_cmd_result dev_id=DC68B057639F7F37 trans_id=720 content_length=82
2020-01-09 09:27:15,978 [21] INFO SiteLogger [(null)] - Page_Load -- 1 - request_code : send_cmd_result ,trans_id : 720
2020-01-09 09:27:15,978 [21] INFO SiteLogger [(null)] - Page_Load -- 3.4 - blk_no=0, blk_len=82
2020-01-09 09:27:15,978 [21] INFO SiteLogger [(null)] - Page_Load - send_cmd_result -- 1
2020-01-09 09:27:15,978 [21] INFO SiteLogger [(null)] - Page_Load - send_cmd_result -- 2 - trans_id:720
2020-01-09 09:27:15,978 [21] INFO SiteLogger [(null)] - CheckResetCmd -- 0 - dev_id:DC68B057639F7F37
2020-01-09 09:27:15,978 [21] INFO SiteLogger [(null)] - CheckResetCmd -- 1
2020-01-09 09:27:15,994 [21] INFO SiteLogger [(null)] - CheckResetCmd -- 2 - trans_id:
2020-01-09 09:27:15,994 [21] INFO SiteLogger [(null)] - CheckResetCmd -- 3
2020-01-09 09:27:15,994 [21] INFO SiteLogger [(null)] - IsCancelledCmd -- 0 - dev_id:DC68B057639F7F37trans_id:720
2020-01-09 09:27:15,994 [21] INFO SiteLogger [(null)] - IsCancelledCmd -- 1
2020-01-09 09:27:15,994 [21] INFO SiteLogger [(null)] - IsCancelledCmd -- 1.1
2020-01-09 09:27:16,010 [21] INFO SiteLogger [(null)] - IsCancelledCmd -- 2 - status:
2020-01-09 09:27:16,010 [21] INFO SiteLogger [(null)] - IsCancelledCmd -- 3
2020-01-09 09:27:16,010 [21] INFO SiteLogger [(null)] - Page_Load - send_cmd_result -- 3
2020-01-09 09:27:16,010 [21] INFO SiteLogger [(null)] - SetCmdResult -- 0 - trans_id:720, dev_id:DC68B057639F7F37
2020-01-09 09:27:16,010 [21] INFO SiteLogger [(null)] - SetCmdResult -- 1
2020-01-09 09:27:16,010 [21] INFO SiteLogger [(null)] - SetCmdResult -- 2
2020-01-09 09:27:16,010 [21] INFO SiteLogger [(null)] - SaveCmdResultLogData -- 1
2020-01-09 09:27:16,010 [21] INFO SiteLogger [(null)] - SaveCmdResultLogData -- 2
2020-01-09 09:27:16,010 [21] INFO SiteLogger [(null)] - SaveCmdResultSLogData -- 1
2020-01-09 09:27:16,026 [21] INFO SiteLogger [(null)] - SaveCmdResultSLogData -- 2
2020-01-09 09:27:16,027 [21] INFO SiteLogger [(null)] - SaveUserIdList -- 1
2020-01-09 09:27:16,027 [21] INFO SiteLogger [(null)] - SaveUserIdList -- 2 astrans_id = 720
2020-01-09 09:27:16,048 [21] INFO SiteLogger [(null)] - SaveUserIdList -- 3
2020-01-09 09:27:16,058 [21] INFO SiteLogger [(null)] - SaveUserIdList -- 4
2020-01-09 09:27:16,060 [21] INFO SiteLogger [(null)] - SaveUserIdList -- 5
2020-01-09 09:27:16,061 [21] INFO SiteLogger [(null)] - SaveUserIdList -- 6 - HS101
2020-01-09 09:27:16,082 [21] INFO SiteLogger [(null)] - SaveUserIdList -- 7 - HS101
2020-01-09 09:27:16,083 [21] INFO SiteLogger [(null)] - SaveUserIdList -- 8
2020-01-09 09:27:16,084 [21] INFO SiteLogger [(null)] - GetDeviceStatus -- 1
2020-01-09 09:27:16,085 [21] INFO SiteLogger [(null)] - GetDeviceStatus -- 2
2020-01-09 09:27:16,103 [21] INFO SiteLogger [(null)] - SetCmdResult -- 3
2020-01-09 09:27:16,103 [21] INFO SiteLogger [(null)] - Page_Load - send_cmd_result -- 4
2020-01-09 09:27:16,103 [21] INFO SiteLogger [(null)] - Page_Load - send_cmd_result -- 5
2020-01-09 09:27:16,415 [22] INFO SiteLogger [(null)] - Contructor -- 0 - Conn:server=120.24.222.15;uid=sa;pwd=123456@hysoon;database=StandAttDB;Min Pool Size=0;Max Pool Size=512;Pooling=true;
2020-01-09 09:27:16,415 [22] INFO SiteLogger [(null)] - Page_Load -- **************** sRequestCode = receive_cmd dev_id=DC68B057639F7F37 trans_id=ReceiveCommandAction content_length=278
2020-01-09 09:27:16,415 [22] INFO SiteLogger [(null)] - Page_Load -- 1 - request_code : receive_cmd ,trans_id : ReceiveCommandAction
2020-01-09 09:27:16,415 [22] INFO SiteLogger [(null)] - Page_Load -- 3.4 - blk_no=0, blk_len=278
2020-01-09 09:27:16,415 [22] INFO SiteLogger [(null)] - Page_Load - receive_cmd -- 2
2020-01-09 09:27:16,415 [22] INFO SiteLogger [(null)] - Page_Load - receive_cmd -- 3 - DevName=fk_deviceLE, DevTime=20200109054658, DevInfo={"face_data_ver":528,"firmware":"ZLIF104HS10 V2.77 BS0C2","firmware_filename":"zlif104hs10_bs0c2_um","fk_bin_data_lib":"FKDataHS101","fp_data_ver":128,"supported_enroll_data":["PASSWORD","IDCARD","FP","FACE"]}
2020-01-09 09:27:16,415 [22] INFO SiteLogger [(null)] - ReceiveCmd -- 0 - Start
2020-01-09 09:27:16,431 [22] INFO SiteLogger [(null)] - ReceiveCmd -- 1 - Db connected
2020-01-09 09:27:16,433 [22] INFO SiteLogger [(null)] - ReceiveCmd -- 2
2020-01-09 09:27:16,434 [22] INFO SiteLogger [(null)] - CheckResetCmd -- 0 - dev_id:DC68B057639F7F37
2020-01-09 09:27:16,435 [22] INFO SiteLogger [(null)] - CheckResetCmd -- 1
2020-01-09 09:27:16,445 [22] INFO SiteLogger [(null)] - CheckResetCmd -- 2 - trans_id:
2020-01-09 09:27:16,446 [22] INFO SiteLogger [(null)] - CheckResetCmd -- 3
2020-01-09 09:27:16,448 [22] INFO SiteLogger [(null)] - ReceiveCmd -- 3
2020-01-09 09:27:16,448 [22] INFO SiteLogger [(null)] - UpdateFKDeviceStatus -- 0 - DevTime:20200109054658, DevId:DC68B057639F7F37, DevName:fk_deviceLE, DevInfo:{"face_data_ver":528,"firmware":"ZLIF104HS10 V2.77 BS0C2","firmware_filename":"zlif104hs10_bs0c2_um","fk_bin_data_lib":"FKDataHS101","fp_data_ver":128,"supported_enroll_data":["PASSWORD","IDCARD","FP","FACE"]}
2020-01-09 09:27:16,449 [22] INFO SiteLogger [(null)] - UpdateFKDeviceStatus -- 1
2020-01-09 09:27:16,460 [22] INFO SiteLogger [(null)] - UpdateFKDeviceStatus -- 2
2020-01-09 09:27:16,461 [22] INFO SiteLogger [(null)] - ReceiveCmd -- 4
2020-01-09 09:27:16,474 [22] INFO SiteLogger [(null)] - ReceiveCmd -- 5
2020-01-09 09:27:16,476 [22] INFO SiteLogger [(null)] - ReceiveCmd -- 5 - no cmd
2020-01-09 09:27:16,477 [22] INFO SiteLogger [(null)] - ReceiveCmd -- 11
2020-01-09 09:27:16,478 [22] INFO SiteLogger [(null)] - Page_Load - receive_cmd -- 4
2020-01-09 09:27:16,479 [22] INFO SiteLogger [(null)] - Page_Load - receive_cmd -- 5
2020-01-09 09:27:18,900 [58] INFO SiteLogger [(null)] - Contructor -- 0 - Conn:server=120.24.222.15;uid=sa;pwd=123456@hysoon;database=StandAttDB;Min Pool Size=0;Max Pool Size=512;Pooling=true;
2020-01-09 09:27:18,901 [58] INFO SiteLogger [(null)] - Page_Load -- **************** sRequestCode = receive_cmd dev_id=DC68B057639F7F37 trans_id=ReceiveCommandAction content_length=278
2020-01-09 09:27:18,902 [58] INFO SiteLogger [(null)] - Page_Load -- 1 - request_code : receive_cmd ,trans_id : ReceiveCommandAction
2020-01-09 09:27:18,903 [58] INFO SiteLogger [(null)] - Page_Load -- 3.4 - blk_no=0, blk_len=278
2020-01-09 09:27:18,903 [58] INFO SiteLogger [(null)] - Page_Load - receive_cmd -- 2
2020-01-09 09:27:18,904 [58] INFO SiteLogger [(null)] - Page_Load - receive_cmd -- 3 - DevName=fk_deviceLE, DevTime=20200109054701, DevInfo={"face_data_ver":528,"firmware":"ZLIF104HS10 V2.77 BS0C2","firmware_filename":"zlif104hs10_bs0c2_um","fk_bin_data_lib":"FKDataHS101","fp_data_ver":128,"supported_enroll_data":["PASSWORD","IDCARD","FP","FACE"]}
2020-01-09 09:27:18,904 [58] INFO SiteLogger [(null)] - ReceiveCmd -- 0 - Start
2020-01-09 09:27:18,905 [58] INFO SiteLogger [(null)] - ReceiveCmd -- 1 - Db connected
2020-01-09 09:27:18,905 [58] INFO SiteLogger [(null)] - ReceiveCmd -- 2
2020-01-09 09:27:18,906 [58] INFO SiteLogger [(null)] - CheckResetCmd -- 0 - dev_id:DC68B057639F7F37
2020-01-09 09:27:18,906 [58] INFO SiteLogger [(null)] - CheckResetCmd -- 1
2020-01-09 09:27:18,916 [58] INFO SiteLogger [(null)] - CheckResetCmd -- 2 - trans_id:
2020-01-09 09:27:18,916 [58] INFO SiteLogger [(null)] - CheckResetCmd -- 3
2020-01-09 09:27:18,917 [58] INFO SiteLogger [(null)] - ReceiveCmd -- 3
2020-01-09 09:27:18,917 [58] INFO SiteLogger [(null)] - UpdateFKDeviceStatus -- 0 - DevTime:20200109054701, DevId:DC68B057639F7F37, DevName:fk_deviceLE, DevInfo:{"face_data_ver":528,"firmware":"ZLIF104HS10 V2.77 BS0C2","firmware_filename":"zlif104hs10_bs0c2_um","fk_bin_data_lib":"FKDataHS101","fp_data_ver":128,"supported_enroll_data":["PASSWORD","IDCARD","FP","FACE"]}
2020-01-09 09:27:18,918 [58] INFO SiteLogger [(null)] - UpdateFKDeviceStatus -- 1
2020-01-09 09:27:18,928 [58] INFO SiteLogger [(null)] - UpdateFKDeviceStatus -- 2
2020-01-09 09:27:18,928 [58] INFO SiteLogger [(null)] - ReceiveCmd -- 4
2020-01-09 09:27:18,928 [58] INFO SiteLogger [(null)] - ReceiveCmd -- 5
2020-01-09 09:27:18,928 [58] INFO SiteLogger [(null)] - ReceiveCmd -- 5 - no cmd
2020-01-09 09:27:18,928 [58] INFO SiteLogger [(null)] - ReceiveCmd -- 11
2020-01-09 09:27:18,928 [58] INFO SiteLogger [(null)] - Page_Load - receive_cmd -- 4
2020-01-09 09:27:18,928 [58] INFO SiteLogger [(null)] - Page_Load - receive_cmd -- 5
2020-01-09 09:27:21,971 [41] INFO SiteLogger [(null)] - Contructor -- 0 - Conn:server=120.24.222.15;uid=sa;pwd=123456@hysoon;database=StandAttDB;Min Pool Size=0;Max Pool Size=512;Pooling=true;
2020-01-09 09:27:21,972 [41] INFO SiteLogger [(null)] - Page_Load -- **************** sRequestCode = receive_cmd dev_id=DC68B057639F7F37 trans_id=ReceiveCommandAction content_length=278
2020-01-09 09:27:21,972 [41] INFO SiteLogger [(null)] - Page_Load -- 1 - request_code : receive_cmd ,trans_id : ReceiveCommandAction
2020-01-09 09:27:21,972 [41] INFO SiteLogger [(null)] - Page_Load -- 3.4 - blk_no=0, blk_len=278
2020-01-09 09:27:21,973 [41] INFO SiteLogger [(null)] - Page_Load - receive_cmd -- 2
2020-01-09 09:27:21,973 [41] INFO SiteLogger [(null)] - Page_Load - receive_cmd -- 3 - DevName=fk_deviceLE, DevTime=20200109054704, DevInfo={"face_data_ver":528,"firmware":"ZLIF104HS10 V2.77 BS0C2","firmware_filename":"zlif104hs10_bs0c2_um","fk_bin_data_lib":"FKDataHS101","fp_data_ver":128,"supported_enroll_data":["PASSWORD","IDCARD","FP","FACE"]}
2020-01-09 09:27:21,973 [41] INFO SiteLogger [(null)] - ReceiveCmd -- 0 - Start
2020-01-09 09:27:21,973 [41] INFO SiteLogger [(null)] - ReceiveCmd -- 1 - Db connected
2020-01-09 09:27:21,973 [41] INFO SiteLogger [(null)] - ReceiveCmd -- 2
2020-01-09 09:27:21,973 [41] INFO SiteLogger [(null)] - CheckResetCmd -- 0 - dev_id:DC68B057639F7F37
2020-01-09 09:27:21,974 [41] INFO SiteLogger [(null)] - CheckResetCmd -- 1
2020-01-09 09:27:21,983 [41] INFO SiteLogger [(null)] - CheckResetCmd -- 2 - trans_id:
2020-01-09 09:27:21,984 [41] INFO SiteLogger [(null)] - CheckResetCmd -- 3
2020-01-09 09:27:21,984 [41] INFO SiteLogger [(null)] - ReceiveCmd -- 3
2020-01-09 09:27:21,985 [41] INFO SiteLogger [(null)] - UpdateFKDeviceStatus -- 0 - DevTime:20200109054704, DevId:DC68B057639F7F37, DevName:fk_deviceLE, DevInfo:{"face_data_ver":528,"firmware":"ZLIF104HS10 V2.77 BS0C2","firmware_filename":"zlif104hs10_bs0c2_um","fk_bin_data_lib":"FKDataHS101","fp_data_ver":128,"supported_enroll_data":["PASSWORD","IDCARD","FP","FACE"]}
2020-01-09 09:27:21,985 [41] INFO SiteLogger [(null)] - UpdateFKDeviceStatus -- 1
2020-01-09 09:27:21,996 [41] INFO SiteLogger [(null)] - UpdateFKDeviceStatus -- 2
2020-01-09 09:27:21,996 [41] INFO SiteLogger [(null)] - ReceiveCmd -- 4
2020-01-09 09:27:22,006 [41] INFO SiteLogger [(null)] - ReceiveCmd -- 5
2020-01-09 09:27:22,006 [41] INFO SiteLogger [(null)] - ReceiveCmd -- 5 - no cmd
2020-01-09 09:27:22,007 [41] INFO SiteLogger [(null)] - ReceiveCmd -- 11
2020-01-09 09:27:22,007 [41] INFO SiteLogger [(null)] - Page_Load - receive_cmd -- 4
2020-01-09 09:27:22,007 [41] INFO SiteLogger [(null)] - Page_Load - receive_cmd -- 5
2020-01-09 09:27:25,029 [40] INFO SiteLogger [(null)] - Contructor -- 0 - Conn:server=120.24.222.15;uid=sa;pwd=123456@hysoon;database=StandAttDB;Min Pool Size=0;Max Pool Size=512;Pooling=true;
2020-01-09 09:27:25,029 [40] INFO SiteLogger [(null)] - Page_Load -- **************** sRequestCode = receive_cmd dev_id=DC68B057639F7F37 trans_id=ReceiveCommandAction content_length=278
2020-01-09 09:27:25,029 [40] INFO SiteLogger [(null)] - Page_Load -- 1 - request_code : receive_cmd ,trans_id : ReceiveCommandAction
2020-01-09 09:27:25,045 [40] INFO SiteLogger [(null)] - Page_Load -- 3.4 - blk_no=0, blk_len=278
2020-01-09 09:27:25,047 [40] INFO SiteLogger [(null)] - Page_Load - receive_cmd -- 2
2020-01-09 09:27:25,048 [40] INFO SiteLogger [(null)] - Page_Load - receive_cmd -- 3 - DevName=fk_deviceLE, DevTime=20200109054707, DevInfo={"face_data_ver":528,"firmware":"ZLIF104HS10 V2.77 BS0C2","firmware_filename":"zlif104hs10_bs0c2_um","fk_bin_data_lib":"FKDataHS101","fp_data_ver":128,"supported_enroll_data":["PASSWORD","IDCARD","FP","FACE"]}
2020-01-09 09:27:25,049 [40] INFO SiteLogger [(null)] - ReceiveCmd -- 0 - Start
2020-01-09 09:27:25,050 [40] INFO SiteLogger [(null)] - ReceiveCmd -- 1 - Db connected
2020-01-09 09:27:25,051 [40] INFO SiteLogger [(null)] - ReceiveCmd -- 2
2020-01-09 09:27:25,052 [40] INFO SiteLogger [(null)] - CheckResetCmd -- 0 - dev_id:DC68B057639F7F37
2020-01-09 09:27:25,053 [40] INFO SiteLogger [(null)] - CheckResetCmd -- 1
2020-01-09 09:27:25,062 [40] INFO SiteLogger [(null)] - CheckResetCmd -- 2 - trans_id:
2020-01-09 09:27:25,063 [40] INFO SiteLogger [(null)] - CheckResetCmd -- 3
2020-01-09 09:27:25,064 [40] INFO SiteLogger [(null)] - ReceiveCmd -- 3
2020-01-09 09:27:25,065 [40] INFO SiteLogger [(null)] - UpdateFKDeviceStatus -- 0 - DevTime:20200109054707, DevId:DC68B057639F7F37, DevName:fk_deviceLE, DevInfo:{"face_data_ver":528,"firmware":"ZLIF104HS10 V2.77 BS0C2","firmware_filename":"zlif104hs10_bs0c2_um","fk_bin_data_lib":"FKDataHS101","fp_data_ver":128,"supported_enroll_data":["PASSWORD","IDCARD","FP","FACE"]}
2020-01-09 09:27:25,065 [40] INFO SiteLogger [(null)] - UpdateFKDeviceStatus -- 1
2020-01-09 09:27:25,076 [40] INFO SiteLogger [(null)] - UpdateFKDeviceStatus -- 2
2020-01-09 09:27:25,077 [40] INFO SiteLogger [(null)] - ReceiveCmd -- 4
2020-01-09 09:27:25,089 [40] INFO SiteLogger [(null)] - ReceiveCmd -- 5
2020-01-09 09:27:25,090 [40] INFO SiteLogger [(null)] - ReceiveCmd -- 6 - trans_id:721cmd_code:CLEAR_MANAGER
2020-01-09 09:27:25,090 [40] INFO SiteLogger [(null)] - ReceiveCmd -- 11
2020-01-09 09:27:25,091 [40] INFO SiteLogger [(null)] - Page_Load - receive_cmd -- 4
2020-01-09 09:27:25,092 [40] INFO SiteLogger [(null)] - Page_Load - receive_cmd -- 5
2020-01-09 09:27:25,097 [41] INFO SiteLogger [(null)] - Contructor -- 0 - Conn:server=120.24.222.15;uid=sa;pwd=123456@hysoon;database=StandAttDB;Min Pool Size=0;Max Pool Size=512;Pooling=true;
2020-01-09 09:27:25,097 [41] INFO SiteLogger [(null)] - Page_Load -- **************** sRequestCode = send_cmd_result dev_id=DC68B057639F7F37 trans_id=721 content_length=0
2020-01-09 09:27:25,097 [41] INFO SiteLogger [(null)] - Page_Load -- 1 - request_code : send_cmd_result ,trans_id : 721
2020-01-09 09:27:25,097 [41] INFO SiteLogger [(null)] - Page_Load -- 3.4 - blk_no=0, blk_len=0
2020-01-09 09:27:25,097 [41] INFO SiteLogger [(null)] - Page_Load - send_cmd_result -- 1
2020-01-09 09:27:25,097 [41] INFO SiteLogger [(null)] - Page_Load - send_cmd_result -- 2 - trans_id:721
2020-01-09 09:27:25,097 [41] INFO SiteLogger [(null)] - CheckResetCmd -- 0 - dev_id:DC68B057639F7F37
2020-01-09 09:27:25,097 [41] INFO SiteLogger [(null)] - CheckResetCmd -- 1
2020-01-09 09:27:25,112 [41] INFO SiteLogger [(null)] - CheckResetCmd -- 2 - trans_id:
2020-01-09 09:27:25,112 [41] INFO SiteLogger [(null)] - CheckResetCmd -- 3
2020-01-09 09:27:25,112 [41] INFO SiteLogger [(null)] - IsCancelledCmd -- 0 - dev_id:DC68B057639F7F37trans_id:721
2020-01-09 09:27:25,112 [41] INFO SiteLogger [(null)] - IsCancelledCmd -- 1
2020-01-09 09:27:25,112 [41] INFO SiteLogger [(null)] - IsCancelledCmd -- 1.1
2020-01-09 09:27:25,128 [41] INFO SiteLogger [(null)] - IsCancelledCmd -- 2 - status:
2020-01-09 09:27:25,128 [41] INFO SiteLogger [(null)] - IsCancelledCmd -- 3
2020-01-09 09:27:25,128 [41] INFO SiteLogger [(null)] - Page_Load - send_cmd_result -- 3
2020-01-09 09:27:25,128 [41] INFO SiteLogger [(null)] - SetCmdResult -- 0 - trans_id:721, dev_id:DC68B057639F7F37
2020-01-09 09:27:25,128 [41] INFO SiteLogger [(null)] - SetCmdResult -- 1
2020-01-09 09:27:25,128 [41] INFO SiteLogger [(null)] - SetCmdResult -- 2
2020-01-09 09:27:25,128 [41] INFO SiteLogger [(null)] - SaveCmdResultLogData -- 1
2020-01-09 09:27:25,128 [41] INFO SiteLogger [(null)] - SaveCmdResultLogData -- 2
2020-01-09 09:27:25,128 [41] INFO SiteLogger [(null)] - SaveCmdResultSLogData -- 1
2020-01-09 09:27:25,128 [41] INFO SiteLogger [(null)] - SaveCmdResultSLogData -- 2
2020-01-09 09:27:25,149 [41] INFO SiteLogger [(null)] - SaveUserIdList -- 1
2020-01-09 09:27:25,149 [41] INFO SiteLogger [(null)] - SaveUserIdList -- 2 astrans_id = 721
2020-01-09 09:27:25,158 [41] INFO SiteLogger [(null)] - SaveUserIdList -- 2-1 astrans_id = 721
2020-01-09 09:27:25,159 [41] INFO SiteLogger [(null)] - GetDeviceStatus -- 1
2020-01-09 09:27:25,159 [41] INFO SiteLogger [(null)] - GetDeviceStatus -- 2
2020-01-09 09:27:25,178 [41] INFO SiteLogger [(null)] - SetCmdResult -- 3
2020-01-09 09:27:25,179 [41] INFO SiteLogger [(null)] - Page_Load - send_cmd_result -- 4
2020-01-09 09:27:25,180 [41] INFO SiteLogger [(null)] - Page_Load - send_cmd_result -- 5
2020-01-09 09:27:25,489 [22] INFO SiteLogger [(null)] - Contructor -- 0 - Conn:server=120.24.222.15;uid=sa;pwd=123456@hysoon;database=StandAttDB;Min Pool Size=0;Max Pool Size=512;Pooling=true;
2020-01-09 09:27:25,490 [22] INFO SiteLogger [(null)] - Page_Load -- **************** sRequestCode = receive_cmd dev_id=DC68B057639F7F37 trans_id=ReceiveCommandAction content_length=278
2020-01-09 09:27:25,490 [22] INFO SiteLogger [(null)] - Page_Load -- 1 - request_code : receive_cmd ,trans_id : ReceiveCommandAction
2020-01-09 09:27:25,491 [22] INFO SiteLogger [(null)] - Page_Load -- 3.4 - blk_no=0, blk_len=278
2020-01-09 09:27:25,491 [22] INFO SiteLogger [(null)] - Page_Load - receive_cmd -- 2
2020-01-09 09:27:25,491 [22] INFO SiteLogger [(null)] - Page_Load - receive_cmd -- 3 - DevName=fk_deviceLE, DevTime=20200109054707, DevInfo={"face_data_ver":528,"firmware":"ZLIF104HS10 V2.77 BS0C2","firmware_filename":"zlif104hs10_bs0c2_um","fk_bin_data_lib":"FKDataHS101","fp_data_ver":128,"supported_enroll_data":["PASSWORD","IDCARD","FP","FACE"]}
2020-01-09 09:27:25,492 [22] INFO SiteLogger [(null)] - ReceiveCmd -- 0 - Start
2020-01-09 09:27:25,493 [22] INFO SiteLogger [(null)] - ReceiveCmd -- 1 - Db connected
2020-01-09 09:27:25,493 [22] INFO SiteLogger [(null)] - ReceiveCmd -- 2
2020-01-09 09:27:25,493 [22] INFO SiteLogger [(null)] - CheckResetCmd -- 0 - dev_id:DC68B057639F7F37
2020-01-09 09:27:25,493 [22] INFO SiteLogger [(null)] - CheckResetCmd -- 1
2020-01-09 09:27:25,493 [22] INFO SiteLogger [(null)] - CheckResetCmd -- 2 - trans_id:
2020-01-09 09:27:25,493 [22] INFO SiteLogger [(null)] - CheckResetCmd -- 3
2020-01-09 09:27:25,493 [22] INFO SiteLogger [(null)] - ReceiveCmd -- 3
2020-01-09 09:27:25,493 [22] INFO SiteLogger [(null)] - UpdateFKDeviceStatus -- 0 - DevTime:20200109054707, DevId:DC68B057639F7F37, DevName:fk_deviceLE, DevInfo:{"face_data_ver":528,"firmware":"ZLIF104HS10 V2.77 BS0C2","firmware_filename":"zlif104hs10_bs0c2_um","fk_bin_data_lib":"FKDataHS101","fp_data_ver":128,"supported_enroll_data":["PASSWORD","IDCARD","FP","FACE"]}
2020-01-09 09:27:25,493 [22] INFO SiteLogger [(null)] - UpdateFKDeviceStatus -- 1
2020-01-09 09:27:25,508 [22] INFO SiteLogger [(null)] - UpdateFKDeviceStatus -- 2
2020-01-09 09:27:25,508 [22] INFO SiteLogger [(null)] - ReceiveCmd -- 4
2020-01-09 09:27:25,524 [22] INFO SiteLogger [(null)] - ReceiveCmd -- 5
2020-01-09 09:27:25,524 [22] INFO SiteLogger [(null)] - ReceiveCmd -- 5 - no cmd
2020-01-09 09:27:25,524 [22] INFO SiteLogger [(null)] - ReceiveCmd -- 11
2020-01-09 09:27:25,524 [22] INFO SiteLogger [(null)] - Page_Load - receive_cmd -- 4
2020-01-09 09:27:25,524 [22] INFO SiteLogger [(null)] - Page_Load - receive_cmd -- 5
2020-01-09 09:27:27,952 [24] INFO SiteLogger [(null)] - Contructor -- 0 - Conn:server=120.24.222.15;uid=sa;pwd=123456@hysoon;database=StandAttDB;Min Pool Size=0;Max Pool Size=512;Pooling=true;
2020-01-09 09:27:27,953 [24] INFO SiteLogger [(null)] - Page_Load -- **************** sRequestCode = receive_cmd dev_id=DC68B057639F7F37 trans_id=ReceiveCommandAction content_length=278
2020-01-09 09:27:27,953 [24] INFO SiteLogger [(null)] - Page_Load -- 1 - request_code : receive_cmd ,trans_id : ReceiveCommandAction
2020-01-09 09:27:27,954 [24] INFO SiteLogger [(null)] - Page_Load -- 3.4 - blk_no=0, blk_len=278
2020-01-09 09:27:27,954 [24] INFO SiteLogger [(null)] - Page_Load - receive_cmd -- 2
2020-01-09 09:27:27,955 [24] INFO SiteLogger [(null)] - Page_Load - receive_cmd -- 3 - DevName=fk_deviceLE, DevTime=20200109054710, DevInfo={"face_data_ver":528,"firmware":"ZLIF104HS10 V2.77 BS0C2","firmware_filename":"zlif104hs10_bs0c2_um","fk_bin_data_lib":"FKDataHS101","fp_data_ver":128,"supported_enroll_data":["PASSWORD","IDCARD","FP","FACE"]}
2020-01-09 09:27:27,955 [24] INFO SiteLogger [(null)] - ReceiveCmd -- 0 - Start
2020-01-09 09:27:27,955 [24] INFO SiteLogger [(null)] - ReceiveCmd -- 1 - Db connected
2020-01-09 09:27:27,956 [24] INFO SiteLogger [(null)] - ReceiveCmd -- 2
2020-01-09 09:27:27,956 [24] INFO SiteLogger [(null)] - CheckResetCmd -- 0 - dev_id:DC68B057639F7F37
2020-01-09 09:27:27,957 [24] INFO SiteLogger [(null)] - CheckResetCmd -- 1
2020-01-09 09:27:27,971 [24] INFO SiteLogger [(null)] - CheckResetCmd -- 2 - trans_id:
2020-01-09 09:27:27,971 [24] INFO SiteLogger [(null)] - CheckResetCmd -- 3
2020-01-09 09:27:27,972 [24] INFO SiteLogger [(null)] - ReceiveCmd -- 3
2020-01-09 09:27:27,972 [24] INFO SiteLogger [(null)] - UpdateFKDeviceStatus -- 0 - DevTime:20200109054710, DevId:DC68B057639F7F37, DevName:fk_deviceLE, DevInfo:{"face_data_ver":528,"firmware":"ZLIF104HS10 V2.77 BS0C2","firmware_filename":"zlif104hs10_bs0c2_um","fk_bin_data_lib":"FKDataHS101","fp_data_ver":128,"supported_enroll_data":["PASSWORD","IDCARD","FP","FACE"]}
2020-01-09 09:27:27,973 [24] INFO SiteLogger [(null)] - UpdateFKDeviceStatus -- 1
2020-01-09 09:27:27,984 [24] INFO SiteLogger [(null)] - UpdateFKDeviceStatus -- 2
2020-01-09 09:27:27,984 [24] INFO SiteLogger [(null)] - ReceiveCmd -- 4
2020-01-09 09:27:27,996 [24] INFO SiteLogger [(null)] - ReceiveCmd -- 5
2020-01-09 09:27:27,997 [24] INFO SiteLogger [(null)] - ReceiveCmd -- 5 - no cmd
2020-01-09 09:27:27,999 [24] INFO SiteLogger [(null)] - ReceiveCmd -- 11
2020-01-09 09:27:28,000 [24] INFO SiteLogger [(null)] - Page_Load - receive_cmd -- 4
2020-01-09 09:27:28,001 [24] INFO SiteLogger [(null)] - Page_Load - receive_cmd -- 5
2020-01-09 09:27:31,020 [31] INFO SiteLogger [(null)] - Contructor -- 0 - Conn:server=120.24.222.15;uid=sa;pwd=123456@hysoon;database=StandAttDB;Min Pool Size=0;Max Pool Size=512;Pooling=true;
2020-01-09 09:27:31,020 [31] INFO SiteLogger [(null)] - Page_Load -- **************** sRequestCode = receive_cmd dev_id=DC68B057639F7F37 trans_id=ReceiveCommandAction content_length=278
2020-01-09 09:27:31,020 [31] INFO SiteLogger [(null)] - Page_Load -- 1 - request_code : receive_cmd ,trans_id : ReceiveCommandAction
2020-01-09 09:27:31,020 [31] INFO SiteLogger [(null)] - Page_Load -- 3.4 - blk_no=0, blk_len=278
2020-01-09 09:27:31,020 [31] INFO SiteLogger [(null)] - Page_Load - receive_cmd -- 2
2020-01-09 09:27:31,020 [31] INFO SiteLogger [(null)] - Page_Load - receive_cmd -- 3 - DevName=fk_deviceLE, DevTime=20200109054713, DevInfo={"face_data_ver":528,"firmware":"ZLIF104HS10 V2.77 BS0C2","firmware_filename":"zlif104hs10_bs0c2_um","fk_bin_data_lib":"FKDataHS101","fp_data_ver":128,"supported_enroll_data":["PASSWORD","IDCARD","FP","FACE"]}
2020-01-09 09:27:31,035 [31] INFO SiteLogger [(null)] - ReceiveCmd -- 0 - Start
2020-01-09 09:27:31,035 [31] INFO SiteLogger [(null)] - ReceiveCmd -- 1 - Db connected
2020-01-09 09:27:31,035 [31] INFO SiteLogger [(null)] - ReceiveCmd -- 2
2020-01-09 09:27:31,035 [31] INFO SiteLogger [(null)] - CheckResetCmd -- 0 - dev_id:DC68B057639F7F37
2020-01-09 09:27:31,035 [31] INFO SiteLogger [(null)] - CheckResetCmd -- 1
2020-01-09 09:27:31,051 [31] INFO SiteLogger [(null)] - CheckResetCmd -- 2 - trans_id:
2020-01-09 09:27:31,053 [31] INFO SiteLogger [(null)] - CheckResetCmd -- 3
2020-01-09 09:27:31,054 [31] INFO SiteLogger [(null)] - ReceiveCmd -- 3
2020-01-09 09:27:31,055 [31] INFO SiteLogger [(null)] - UpdateFKDeviceStatus -- 0 - DevTime:20200109054713, DevId:DC68B057639F7F37, DevName:fk_deviceLE, DevInfo:{"face_data_ver":528,"firmware":"ZLIF104HS10 V2.77 BS0C2","firmware_filename":"zlif104hs10_bs0c2_um","fk_bin_data_lib":"FKDataHS101","fp_data_ver":128,"supported_enroll_data":["PASSWORD","IDCARD","FP","FACE"]}
2020-01-09 09:27:31,057 [31] INFO SiteLogger [(null)] - UpdateFKDeviceStatus -- 1
2020-01-09 09:27:31,070 [31] INFO SiteLogger [(null)] - UpdateFKDeviceStatus -- 2
2020-01-09 09:27:31,072 [31] INFO SiteLogger [(null)] - ReceiveCmd -- 4
2020-01-09 09:27:31,084 [31] INFO SiteLogger [(null)] - ReceiveCmd -- 5
2020-01-09 09:27:31,085 [31] INFO SiteLogger [(null)] - ReceiveCmd -- 5 - no cmd
2020-01-09 09:27:31,086 [31] INFO SiteLogger [(null)] - ReceiveCmd -- 11
2020-01-09 09:27:31,088 [31] INFO SiteLogger [(null)] - Page_Load - receive_cmd -- 4
2020-01-09 09:27:31,089 [31] INFO SiteLogger [(null)] - Page_Load - receive_cmd -- 5
2020-01-09 09:27:33,808 [56] INFO SiteLogger [(null)] - Contructor -- 0 - Conn:server=120.24.222.15;uid=sa;pwd=123456@hysoon;database=StandAttDB;Min Pool Size=0;Max Pool Size=512;Pooling=true;
2020-01-09 09:27:33,808 [56] INFO SiteLogger [(null)] - Page_Load -- **************** sRequestCode = receive_cmd dev_id=DC68B057639F7F37 trans_id=ReceiveCommandAction content_length=278
2020-01-09 09:27:33,808 [56] INFO SiteLogger [(null)] - Page_Load -- 1 - request_code : receive_cmd ,trans_id : ReceiveCommandAction
2020-01-09 09:27:33,808 [56] INFO SiteLogger [(null)] - Page_Load -- 3.4 - blk_no=0, blk_len=278
2020-01-09 09:27:33,808 [56] INFO SiteLogger [(null)] - Page_Load - receive_cmd -- 2
2020-01-09 09:27:33,808 [56] INFO SiteLogger [(null)] - Page_Load - receive_cmd -- 3 - DevName=fk_deviceLE, DevTime=20200109054716, DevInfo={"face_data_ver":528,"firmware":"ZLIF104HS10 V2.77 BS0C2","firmware_filename":"zlif104hs10_bs0c2_um","fk_bin_data_lib":"FKDataHS101","fp_data_ver":128,"supported_enroll_data":["PASSWORD","IDCARD","FP","FACE"]}
2020-01-09 09:27:33,808 [56] INFO SiteLogger [(null)] - ReceiveCmd -- 0 - Start
2020-01-09 09:27:33,808 [56] INFO SiteLogger [(null)] - ReceiveCmd -- 1 - Db connected
2020-01-09 09:27:33,808 [56] INFO SiteLogger [(null)] - ReceiveCmd -- 2
2020-01-09 09:27:33,808 [56] INFO SiteLogger [(null)] - CheckResetCmd -- 0 - dev_id:DC68B057639F7F37
2020-01-09 09:27:33,808 [56] INFO SiteLogger [(null)] - CheckResetCmd -- 1
2020-01-09 09:27:33,828 [56] INFO SiteLogger [(null)] - CheckResetCmd -- 2 - trans_id:
2020-01-09 09:27:33,829 [56] INFO SiteLogger [(null)] - CheckResetCmd -- 3
2020-01-09 09:27:33,829 [56] INFO SiteLogger [(null)] - ReceiveCmd -- 3
2020-01-09 09:27:33,830 [56] INFO SiteLogger [(null)] - UpdateFKDeviceStatus -- 0 - DevTime:20200109054716, DevId:DC68B057639F7F37, DevName:fk_deviceLE, DevInfo:{"face_data_ver":528,"firmware":"ZLIF104HS10 V2.77 BS0C2","firmware_filename":"zlif104hs10_bs0c2_um","fk_bin_data_lib":"FKDataHS101","fp_data_ver":128,"supported_enroll_data":["PASSWORD","IDCARD","FP","FACE"]}
2020-01-09 09:27:33,831 [56] INFO SiteLogger [(null)] - UpdateFKDeviceStatus -- 1
2020-01-09 09:27:33,842 [56] INFO SiteLogger [(null)] - UpdateFKDeviceStatus -- 2
2020-01-09 09:27:33,843 [56] INFO SiteLogger [(null)] - ReceiveCmd -- 4
2020-01-09 09:27:33,854 [56] INFO SiteLogger [(null)] - ReceiveCmd -- 5
2020-01-09 09:27:33,855 [56] INFO SiteLogger [(null)] - ReceiveCmd -- 5 - no cmd
2020-01-09 09:27:33,856 [56] INFO SiteLogger [(null)] - ReceiveCmd -- 11
2020-01-09 09:27:33,856 [56] INFO SiteLogger [(null)] - Page_Load - receive_cmd -- 4
2020-01-09 09:27:33,857 [56] INFO SiteLogger [(null)] - Page_Load - receive_cmd -- 5
2020-01-09 09:27:36,878 [24] INFO SiteLogger [(null)] - Contructor -- 0 - Conn:server=120.24.222.15;uid=sa;pwd=123456@hysoon;database=StandAttDB;Min Pool Size=0;Max Pool Size=512;Pooling=true;
2020-01-09 09:27:36,878 [24] INFO SiteLogger [(null)] - Page_Load -- **************** sRequestCode = receive_cmd dev_id=DC68B057639F7F37 trans_id=ReceiveCommandAction content_length=278
2020-01-09 09:27:36,878 [24] INFO SiteLogger [(null)] - Page_Load -- 1 - request_code : receive_cmd ,trans_id : ReceiveCommandAction
2020-01-09 09:27:36,878 [24] INFO SiteLogger [(null)] - Page_Load -- 3.4 - blk_no=0, blk_len=278
2020-01-09 09:27:36,878 [24] INFO SiteLogger [(null)] - Page_Load - receive_cmd -- 2
2020-01-09 09:27:36,878 [24] INFO SiteLogger [(null)] - Page_Load - receive_cmd -- 3 - DevName=fk_deviceLE, DevTime=20200109054719, DevInfo={"face_data_ver":528,"firmware":"ZLIF104HS10 V2.77 BS0C2","firmware_filename":"zlif104hs10_bs0c2_um","fk_bin_data_lib":"FKDataHS101","fp_data_ver":128,"supported_enroll_data":["PASSWORD","IDCARD","FP","FACE"]}
2020-01-09 09:27:36,878 [24] INFO SiteLogger [(null)] - ReceiveCmd -- 0 - Start
2020-01-09 09:27:36,893 [24] INFO SiteLogger [(null)] - ReceiveCmd -- 1 - Db connected
2020-01-09 09:27:36,893 [24] INFO SiteLogger [(null)] - ReceiveCmd -- 2
2020-01-09 09:27:36,893 [24] INFO SiteLogger [(null)] - CheckResetCmd -- 0 - dev_id:DC68B057639F7F37
2020-01-09 09:27:36,893 [24] INFO SiteLogger [(null)] - CheckResetCmd -- 1
2020-01-09 09:27:36,909 [24] INFO SiteLogger [(null)] - CheckResetCmd -- 2 - trans_id:
2020-01-09 09:27:36,909 [24] INFO SiteLogger [(null)] - CheckResetCmd -- 3
2020-01-09 09:27:36,909 [24] INFO SiteLogger [(null)] - ReceiveCmd -- 3
2020-01-09 09:27:36,909 [24] INFO SiteLogger [(null)] - UpdateFKDeviceStatus -- 0 - DevTime:20200109054719, DevId:DC68B057639F7F37, DevName:fk_deviceLE, DevInfo:{"face_data_ver":528,"firmware":"ZLIF104HS10 V2.77 BS0C2","firmware_filename":"zlif104hs10_bs0c2_um","fk_bin_data_lib":"FKDataHS101","fp_data_ver":128,"supported_enroll_data":["PASSWORD","IDCARD","FP","FACE"]}
2020-01-09 09:27:36,909 [24] INFO SiteLogger [(null)] - UpdateFKDeviceStatus -- 1
2020-01-09 09:27:36,924 [24] INFO SiteLogger [(null)] - UpdateFKDeviceStatus -- 2
2020-01-09 09:27:36,925 [24] INFO SiteLogger [(null)] - ReceiveCmd -- 4
2020-01-09 09:27:36,936 [24] INFO SiteLogger [(null)] - ReceiveCmd -- 5
2020-01-09 09:27:36,938 [24] INFO SiteLogger [(null)] - ReceiveCmd -- 5 - no cmd
2020-01-09 09:27:36,939 [24] INFO SiteLogger [(null)] - ReceiveCmd -- 11
2020-01-09 09:27:36,940 [24] INFO SiteLogger [(null)] - Page_Load - receive_cmd -- 4
2020-01-09 09:27:36,941 [24] INFO SiteLogger [(null)] - Page_Load - receive_cmd -- 5
2020-01-09 09:27:39,971 [21] INFO SiteLogger [(null)] - Contructor -- 0 - Conn:server=120.24.222.15;uid=sa;pwd=123456@hysoon;database=StandAttDB;Min Pool Size=0;Max Pool Size=512;Pooling=true;
2020-01-09 09:27:39,972 [21] INFO SiteLogger [(null)] - Page_Load -- **************** sRequestCode = receive_cmd dev_id=DC68B057639F7F37 trans_id=ReceiveCommandAction content_length=278
2020-01-09 09:27:39,974 [21] INFO SiteLogger [(null)] - Page_Load -- 1 - request_code : receive_cmd ,trans_id : ReceiveCommandAction
2020-01-09 09:27:39,975 [21] INFO SiteLogger [(null)] - Page_Load -- 3.4 - blk_no=0, blk_len=278
2020-01-09 09:27:39,976 [21] INFO SiteLogger [(null)] - Page_Load - receive_cmd -- 2
2020-01-09 09:27:39,978 [21] INFO SiteLogger [(null)] - Page_Load - receive_cmd -- 3 - DevName=fk_deviceLE, DevTime=20200109054722, DevInfo={"face_data_ver":528,"firmware":"ZLIF104HS10 V2.77 BS0C2","firmware_filename":"zlif104hs10_bs0c2_um","fk_bin_data_lib":"FKDataHS101","fp_data_ver":128,"supported_enroll_data":["PASSWORD","IDCARD","FP","FACE"]}
2020-01-09 09:27:39,979 [21] INFO SiteLogger [(null)] - ReceiveCmd -- 0 - Start
2020-01-09 09:27:39,980 [21] INFO SiteLogger [(null)] - ReceiveCmd -- 1 - Db connected
2020-01-09 09:27:39,980 [21] INFO SiteLogger [(null)] - ReceiveCmd -- 2
2020-01-09 09:27:39,980 [21] INFO SiteLogger [(null)] - CheckResetCmd -- 0 - dev_id:DC68B057639F7F37
2020-01-09 09:27:39,980 [21] INFO SiteLogger [(null)] - CheckResetCmd -- 1
2020-01-09 09:27:39,996 [21] INFO SiteLogger [(null)] - CheckResetCmd -- 2 - trans_id:
2020-01-09 09:27:39,996 [21] INFO SiteLogger [(null)] - CheckResetCmd -- 3
2020-01-09 09:27:39,996 [21] INFO SiteLogger [(null)] - ReceiveCmd -- 3
2020-01-09 09:27:39,996 [21] INFO SiteLogger [(null)] - UpdateFKDeviceStatus -- 0 - DevTime:20200109054722, DevId:DC68B057639F7F37, DevName:fk_deviceLE, DevInfo:{"face_data_ver":528,"firmware":"ZLIF104HS10 V2.77 BS0C2","firmware_filename":"zlif104hs10_bs0c2_um","fk_bin_data_lib":"FKDataHS101","fp_data_ver":128,"supported_enroll_data":["PASSWORD","IDCARD","FP","FACE"]}
2020-01-09 09:27:39,996 [21] INFO SiteLogger [(null)] - UpdateFKDeviceStatus -- 1
2020-01-09 09:27:40,011 [21] INFO SiteLogger [(null)] - UpdateFKDeviceStatus -- 2
2020-01-09 09:27:40,011 [21] INFO SiteLogger [(null)] - ReceiveCmd -- 4
2020-01-09 09:27:40,027 [21] INFO SiteLogger [(null)] - ReceiveCmd -- 5
2020-01-09 09:27:40,028 [21] INFO SiteLogger [(null)] - ReceiveCmd -- 5 - no cmd
2020-01-09 09:27:40,030 [21] INFO SiteLogger [(null)] - ReceiveCmd -- 11
2020-01-09 09:27:40,031 [21] INFO SiteLogger [(null)] - Page_Load - receive_cmd -- 4
2020-01-09 09:27:40,032 [21] INFO SiteLogger [(null)] - Page_Load - receive_cmd -- 5
2020-01-09 09:27:43,066 [31] INFO SiteLogger [(null)] - Contructor -- 0 - Conn:server=120.24.222.15;uid=sa;pwd=123456@hysoon;database=StandAttDB;Min Pool Size=0;Max Pool Size=512;Pooling=true;
2020-01-09 09:27:43,068 [31] INFO SiteLogger [(null)] - Page_Load -- **************** sRequestCode = receive_cmd dev_id=DC68B057639F7F37 trans_id=ReceiveCommandAction content_length=278
2020-01-09 09:27:43,069 [31] INFO SiteLogger [(null)] - Page_Load -- 1 - request_code : receive_cmd ,trans_id : ReceiveCommandAction
2020-01-09 09:27:43,070 [31] INFO SiteLogger [(null)] - Page_Load -- 3.4 - blk_no=0, blk_len=278
2020-01-09 09:27:43,072 [31] INFO SiteLogger [(null)] - Page_Load - receive_cmd -- 2
2020-01-09 09:27:43,073 [31] INFO SiteLogger [(null)] - Page_Load - receive_cmd -- 3 - DevName=fk_deviceLE, DevTime=20200109054725, DevInfo={"face_data_ver":528,"firmware":"ZLIF104HS10 V2.77 BS0C2","firmware_filename":"zlif104hs10_bs0c2_um","fk_bin_data_lib":"FKDataHS101","fp_data_ver":128,"supported_enroll_data":["PASSWORD","IDCARD","FP","FACE"]}
2020-01-09 09:27:43,074 [31] INFO SiteLogger [(null)] - ReceiveCmd -- 0 - Start
2020-01-09 09:27:43,076 [31] INFO SiteLogger [(null)] - ReceiveCmd -- 1 - Db connected
2020-01-09 09:27:43,077 [31] INFO SiteLogger [(null)] - ReceiveCmd -- 2
2020-01-09 09:27:43,078 [31] INFO SiteLogger [(null)] - CheckResetCmd -- 0 - dev_id:DC68B057639F7F37
2020-01-09 09:27:43,079 [31] INFO SiteLogger [(null)] - CheckResetCmd -- 1
2020-01-09 09:27:43,082 [31] INFO SiteLogger [(null)] - CheckResetCmd -- 2 - trans_id:
2020-01-09 09:27:43,082 [31] INFO SiteLogger [(null)] - CheckResetCmd -- 3
2020-01-09 09:27:43,082 [31] INFO SiteLogger [(null)] - ReceiveCmd -- 3
2020-01-09 09:27:43,082 [31] INFO SiteLogger [(null)] - UpdateFKDeviceStatus -- 0 - DevTime:20200109054725, DevId:DC68B057639F7F37, DevName:fk_deviceLE, DevInfo:{"face_data_ver":528,"firmware":"ZLIF104HS10 V2.77 BS0C2","firmware_filename":"zlif104hs10_bs0c2_um","fk_bin_data_lib":"FKDataHS101","fp_data_ver":128,"supported_enroll_data":["PASSWORD","IDCARD","FP","FACE"]}
2020-01-09 09:27:43,082 [31] INFO SiteLogger [(null)] - UpdateFKDeviceStatus -- 1
2020-01-09 09:27:43,098 [31] INFO SiteLogger [(null)] - UpdateFKDeviceStatus -- 2
2020-01-09 09:27:43,098 [31] INFO SiteLogger [(null)] - ReceiveCmd -- 4
2020-01-09 09:27:43,114 [31] INFO SiteLogger [(null)] - ReceiveCmd -- 5
2020-01-09 09:27:43,114 [31] INFO SiteLogger [(null)] - ReceiveCmd -- 5 - no cmd
2020-01-09 09:27:43,114 [31] INFO SiteLogger [(null)] - ReceiveCmd -- 11
2020-01-09 09:27:43,114 [31] INFO SiteLogger [(null)] - Page_Load - receive_cmd -- 4
2020-01-09 09:27:43,114 [31] INFO SiteLogger [(null)] - Page_Load - receive_cmd -- 5
2020-01-09 09:27:45,857 [45] INFO SiteLogger [(null)] - Contructor -- 0 - Conn:server=120.24.222.15;uid=sa;pwd=123456@hysoon;database=StandAttDB;Min Pool Size=0;Max Pool Size=512;Pooling=true;
2020-01-09 09:27:45,859 [45] INFO SiteLogger [(null)] - Page_Load -- **************** sRequestCode = receive_cmd dev_id=DC68B057639F7F37 trans_id=ReceiveCommandAction content_length=278
2020-01-09 09:27:45,860 [45] INFO SiteLogger [(null)] - Page_Load -- 1 - request_code : receive_cmd ,trans_id : ReceiveCommandAction
2020-01-09 09:27:45,862 [45] INFO SiteLogger [(null)] - Page_Load -- 3.4 - blk_no=0, blk_len=278
2020-01-09 09:27:45,863 [45] INFO SiteLogger [(null)] - Page_Load - receive_cmd -- 2
2020-01-09 09:27:45,864 [45] INFO SiteLogger [(null)] - Page_Load - receive_cmd -- 3 - DevName=fk_deviceLE, DevTime=20200109054728, DevInfo={"face_data_ver":528,"firmware":"ZLIF104HS10 V2.77 BS0C2","firmware_filename":"zlif104hs10_bs0c2_um","fk_bin_data_lib":"FKDataHS101","fp_data_ver":128,"supported_enroll_data":["PASSWORD","IDCARD","FP","FACE"]}
2020-01-09 09:27:45,866 [45] INFO SiteLogger [(null)] - ReceiveCmd -- 0 - Start
2020-01-09 09:27:45,867 [45] INFO SiteLogger [(null)] - ReceiveCmd -- 1 - Db connected
2020-01-09 09:27:45,868 [45] INFO SiteLogger [(null)] - ReceiveCmd -- 2
2020-01-09 09:27:45,869 [45] INFO SiteLogger [(null)] - CheckResetCmd -- 0 - dev_id:DC68B057639F7F37
2020-01-09 09:27:45,871 [45] INFO SiteLogger [(null)] - CheckResetCmd -- 1
2020-01-09 09:27:45,882 [45] INFO SiteLogger [(null)] - CheckResetCmd -- 2 - trans_id:
2020-01-09 09:27:45,883 [45] INFO SiteLogger [(null)] - CheckResetCmd -- 3
2020-01-09 09:27:45,885 [45] INFO SiteLogger [(null)] - ReceiveCmd -- 3
2020-01-09 09:27:45,886 [45] INFO SiteLogger [(null)] - UpdateFKDeviceStatus -- 0 - DevTime:20200109054728, DevId:DC68B057639F7F37, DevName:fk_deviceLE, DevInfo:{"face_data_ver":528,"firmware":"ZLIF104HS10 V2.77 BS0C2","firmware_filename":"zlif104hs10_bs0c2_um","fk_bin_data_lib":"FKDataHS101","fp_data_ver":128,"supported_enroll_data":["PASSWORD","IDCARD","FP","FACE"]}
2020-01-09 09:27:45,887 [45] INFO SiteLogger [(null)] - UpdateFKDeviceStatus -- 1
2020-01-09 09:27:45,903 [45] INFO SiteLogger [(null)] - UpdateFKDeviceStatus -- 2
2020-01-09 09:27:45,903 [45] INFO SiteLogger [(null)] - ReceiveCmd -- 4
2020-01-09 09:27:45,903 [45] INFO SiteLogger [(null)] - ReceiveCmd -- 5
2020-01-09 09:27:45,919 [45] INFO SiteLogger [(null)] - ReceiveCmd -- 5 - no cmd
2020-01-09 09:27:45,919 [45] INFO SiteLogger [(null)] - ReceiveCmd -- 11
2020-01-09 09:27:45,919 [45] INFO SiteLogger [(null)] - Page_Load - receive_cmd -- 4
2020-01-09 09:27:45,919 [45] INFO SiteLogger [(null)] - Page_Load - receive_cmd -- 5
2020-01-09 09:27:48,952 [41] INFO SiteLogger [(null)] - Contructor -- 0 - Conn:server=120.24.222.15;uid=sa;pwd=123456@hysoon;database=StandAttDB;Min Pool Size=0;Max Pool Size=512;Pooling=true;
2020-01-09 09:27:48,954 [41] INFO SiteLogger [(null)] - Page_Load -- **************** sRequestCode = receive_cmd dev_id=DC68B057639F7F37 trans_id=ReceiveCommandAction content_length=278
2020-01-09 09:27:48,955 [41] INFO SiteLogger [(null)] - Page_Load -- 1 - request_code : receive_cmd ,trans_id : ReceiveCommandAction
2020-01-09 09:27:48,956 [41] INFO SiteLogger [(null)] - Page_Load -- 3.4 - blk_no=0, blk_len=278
2020-01-09 09:27:48,958 [41] INFO SiteLogger [(null)] - Page_Load - receive_cmd -- 2
2020-01-09 09:27:48,959 [41] INFO SiteLogger [(null)] - Page_Load - receive_cmd -- 3 - DevName=fk_deviceLE, DevTime=20200109054731, DevInfo={"face_data_ver":528,"firmware":"ZLIF104HS10 V2.77 BS0C2","firmware_filename":"zlif104hs10_bs0c2_um","fk_bin_data_lib":"FKDataHS101","fp_data_ver":128,"supported_enroll_data":["PASSWORD","IDCARD","FP","FACE"]}
2020-01-09 09:27:48,961 [41] INFO SiteLogger [(null)] - ReceiveCmd -- 0 - Start
2020-01-09 09:27:48,962 [41] INFO SiteLogger [(null)] - ReceiveCmd -- 1 - Db connected
2020-01-09 09:27:48,964 [41] INFO SiteLogger [(null)] - ReceiveCmd -- 2
2020-01-09 09:27:48,965 [41] INFO SiteLogger [(null)] - CheckResetCmd -- 0 - dev_id:DC68B057639F7F37
2020-01-09 09:27:48,966 [41] INFO SiteLogger [(null)] - CheckResetCmd -- 1
2020-01-09 09:27:48,977 [41] INFO SiteLogger [(null)] - CheckResetCmd -- 2 - trans_id:
2020-01-09 09:27:48,979 [41] INFO SiteLogger [(null)] - CheckResetCmd -- 3
2020-01-09 09:27:48,980 [41] INFO SiteLogger [(null)] - ReceiveCmd -- 3
2020-01-09 09:27:48,981 [41] INFO SiteLogger [(null)] - UpdateFKDeviceStatus -- 0 - DevTime:20200109054731, DevId:DC68B057639F7F37, DevName:fk_deviceLE, DevInfo:{"face_data_ver":528,"firmware":"ZLIF104HS10 V2.77 BS0C2","firmware_filename":"zlif104hs10_bs0c2_um","fk_bin_data_lib":"FKDataHS101","fp_data_ver":128,"supported_enroll_data":["PASSWORD","IDCARD","FP","FACE"]}
2020-01-09 09:27:48,983 [41] INFO SiteLogger [(null)] - UpdateFKDeviceStatus -- 1
2020-01-09 09:27:48,996 [41] INFO SiteLogger [(null)] - UpdateFKDeviceStatus -- 2
2020-01-09 09:27:48,997 [41] INFO SiteLogger [(null)] - ReceiveCmd -- 4
2020-01-09 09:27:49,009 [41] INFO SiteLogger [(null)] - ReceiveCmd -- 5
2020-01-09 09:27:49,012 [41] INFO SiteLogger [(null)] - ReceiveCmd -- 5 - no cmd
2020-01-09 09:27:49,013 [41] INFO SiteLogger [(null)] - ReceiveCmd -- 11
2020-01-09 09:27:49,014 [41] INFO SiteLogger [(null)] - Page_Load - receive_cmd -- 4
2020-01-09 09:27:49,016 [41] INFO SiteLogger [(null)] - Page_Load - receive_cmd -- 5
2020-01-09 09:27:52,049 [28] INFO SiteLogger [(null)] - Contructor -- 0 - Conn:server=120.24.222.15;uid=sa;pwd=123456@hysoon;database=StandAttDB;Min Pool Size=0;Max Pool Size=512;Pooling=true;
2020-01-09 09:27:52,050 [28] INFO SiteLogger [(null)] - Page_Load -- **************** sRequestCode = receive_cmd dev_id=DC68B057639F7F37 trans_id=ReceiveCommandAction content_length=278
2020-01-09 09:27:52,051 [28] INFO SiteLogger [(null)] - Page_Load -- 1 - request_code : receive_cmd ,trans_id : ReceiveCommandAction
2020-01-09 09:27:52,053 [28] INFO SiteLogger [(null)] - Page_Load -- 3.4 - blk_no=0, blk_len=278
2020-01-09 09:27:52,054 [28] INFO SiteLogger [(null)] - Page_Load - receive_cmd -- 2
2020-01-09 09:27:52,055 [28] INFO SiteLogger [(null)] - Page_Load - receive_cmd -- 3 - DevName=fk_deviceLE, DevTime=20200109054734, DevInfo={"face_data_ver":528,"firmware":"ZLIF104HS10 V2.77 BS0C2","firmware_filename":"zlif104hs10_bs0c2_um","fk_bin_data_lib":"FKDataHS101","fp_data_ver":128,"supported_enroll_data":["PASSWORD","IDCARD","FP","FACE"]}
2020-01-09 09:27:52,057 [28] INFO SiteLogger [(null)] - ReceiveCmd -- 0 - Start
2020-01-09 09:27:52,059 [28] INFO SiteLogger [(null)] - ReceiveCmd -- 1 - Db connected
2020-01-09 09:27:52,060 [28] INFO SiteLogger [(null)] - ReceiveCmd -- 2
2020-01-09 09:27:52,061 [28] INFO SiteLogger [(null)] - CheckResetCmd -- 0 - dev_id:DC68B057639F7F37
2020-01-09 09:27:52,063 [28] INFO SiteLogger [(null)] - CheckResetCmd -- 1
2020-01-09 09:27:52,073 [28] INFO SiteLogger [(null)] - CheckResetCmd -- 2 - trans_id:
2020-01-09 09:27:52,075 [28] INFO SiteLogger [(null)] - CheckResetCmd -- 3
2020-01-09 09:27:52,076 [28] INFO SiteLogger [(null)] - ReceiveCmd -- 3
2020-01-09 09:27:52,077 [28] INFO SiteLogger [(null)] - UpdateFKDeviceStatus -- 0 - DevTime:20200109054734, DevId:DC68B057639F7F37, DevName:fk_deviceLE, DevInfo:{"face_data_ver":528,"firmware":"ZLIF104HS10 V2.77 BS0C2","firmware_filename":"zlif104hs10_bs0c2_um","fk_bin_data_lib":"FKDataHS101","fp_data_ver":128,"supported_enroll_data":["PASSWORD","IDCARD","FP","FACE"]}
2020-01-09 09:27:52,079 [28] INFO SiteLogger [(null)] - UpdateFKDeviceStatus -- 1
2020-01-09 09:27:52,091 [28] INFO SiteLogger [(null)] - UpdateFKDeviceStatus -- 2
2020-01-09 09:27:52,092 [28] INFO SiteLogger [(null)] - ReceiveCmd -- 4
2020-01-09 09:27:52,104 [28] INFO SiteLogger [(null)] - ReceiveCmd -- 5
2020-01-09 09:27:52,106 [28] INFO SiteLogger [(null)] - ReceiveCmd -- 5 - no cmd
2020-01-09 09:27:52,107 [28] INFO SiteLogger [(null)] - ReceiveCmd -- 11
2020-01-09 09:27:52,108 [28] INFO SiteLogger [(null)] - Page_Load - receive_cmd -- 4
2020-01-09 09:27:52,110 [28] INFO SiteLogger [(null)] - Page_Load - receive_cmd -- 5
2020-01-09 09:27:54,829 [24] INFO SiteLogger [(null)] - Contructor -- 0 - Conn:server=120.24.222.15;uid=sa;pwd=123456@hysoon;database=StandAttDB;Min Pool Size=0;Max Pool Size=512;Pooling=true;
2020-01-09 09:27:54,829 [24] INFO SiteLogger [(null)] - Page_Load -- **************** sRequestCode = receive_cmd dev_id=DC68B057639F7F37 trans_id=ReceiveCommandAction content_length=278
2020-01-09 09:27:54,829 [24] INFO SiteLogger [(null)] - Page_Load -- 1 - request_code : receive_cmd ,trans_id : ReceiveCommandAction
2020-01-09 09:27:54,829 [24] INFO SiteLogger [(null)] - Page_Load -- 3.4 - blk_no=0, blk_len=278
2020-01-09 09:27:54,829 [24] INFO SiteLogger [(null)] - Page_Load - receive_cmd -- 2
2020-01-09 09:27:54,829 [24] INFO SiteLogger [(null)] - Page_Load - receive_cmd -- 3 - DevName=fk_deviceLE, DevTime=20200109054737, DevInfo={"face_data_ver":528,"firmware":"ZLIF104HS10 V2.77 BS0C2","firmware_filename":"zlif104hs10_bs0c2_um","fk_bin_data_lib":"FKDataHS101","fp_data_ver":128,"supported_enroll_data":["PASSWORD","IDCARD","FP","FACE"]}
2020-01-09 09:27:54,829 [24] INFO SiteLogger [(null)] - ReceiveCmd -- 0 - Start
2020-01-09 09:27:54,829 [24] INFO SiteLogger [(null)] - ReceiveCmd -- 1 - Db connected
2020-01-09 09:27:54,829 [24] INFO SiteLogger [(null)] - ReceiveCmd -- 2
2020-01-09 09:27:54,829 [24] INFO SiteLogger [(null)] - CheckResetCmd -- 0 - dev_id:DC68B057639F7F37
2020-01-09 09:27:54,829 [24] INFO SiteLogger [(null)] - CheckResetCmd -- 1
2020-01-09 09:27:54,854 [24] INFO SiteLogger [(null)] - CheckResetCmd -- 2 - trans_id:
2020-01-09 09:27:54,855 [24] INFO SiteLogger [(null)] - CheckResetCmd -- 3
2020-01-09 09:27:54,856 [24] INFO SiteLogger [(null)] - ReceiveCmd -- 3
2020-01-09 09:27:54,857 [24] INFO SiteLogger [(null)] - UpdateFKDeviceStatus -- 0 - DevTime:20200109054737, DevId:DC68B057639F7F37, DevName:fk_deviceLE, DevInfo:{"face_data_ver":528,"firmware":"ZLIF104HS10 V2.77 BS0C2","firmware_filename":"zlif104hs10_bs0c2_um","fk_bin_data_lib":"FKDataHS101","fp_data_ver":128,"supported_enroll_data":["PASSWORD","IDCARD","FP","FACE"]}
2020-01-09 09:27:54,858 [24] INFO SiteLogger [(null)] - UpdateFKDeviceStatus -- 1
2020-01-09 09:27:54,869 [24] INFO SiteLogger [(null)] - UpdateFKDeviceStatus -- 2
2020-01-09 09:27:54,869 [24] INFO SiteLogger [(null)] - ReceiveCmd -- 4
2020-01-09 09:27:54,881 [24] INFO SiteLogger [(null)] - ReceiveCmd -- 5
2020-01-09 09:27:54,882 [24] INFO SiteLogger [(null)] - ReceiveCmd -- 5 - no cmd
2020-01-09 09:27:54,882 [24] INFO SiteLogger [(null)] - ReceiveCmd -- 11
2020-01-09 09:27:54,883 [24] INFO SiteLogger [(null)] - Page_Load - receive_cmd -- 4
2020-01-09 09:27:54,884 [24] INFO SiteLogger [(null)] - Page_Load - receive_cmd -- 5
2020-01-09 09:27:57,901 [31] INFO SiteLogger [(null)] - Contructor -- 0 - Conn:server=120.24.222.15;uid=sa;pwd=123456@hysoon;database=StandAttDB;Min Pool Size=0;Max Pool Size=512;Pooling=true;
2020-01-09 09:27:57,901 [31] INFO SiteLogger [(null)] - Page_Load -- **************** sRequestCode = receive_cmd dev_id=DC68B057639F7F37 trans_id=ReceiveCommandAction content_length=278
2020-01-09 09:27:57,901 [31] INFO SiteLogger [(null)] - Page_Load -- 1 - request_code : receive_cmd ,trans_id : ReceiveCommandAction
2020-01-09 09:27:57,901 [31] INFO SiteLogger [(null)] - Page_Load -- 3.4 - blk_no=0, blk_len=278
2020-01-09 09:27:57,901 [31] INFO SiteLogger [(null)] - Page_Load - receive_cmd -- 2
2020-01-09 09:27:57,901 [31] INFO SiteLogger [(null)] - Page_Load - receive_cmd -- 3 - DevName=fk_deviceLE, DevTime=20200109054740, DevInfo={"face_data_ver":528,"firmware":"ZLIF104HS10 V2.77 BS0C2","firmware_filename":"zlif104hs10_bs0c2_um","fk_bin_data_lib":"FKDataHS101","fp_data_ver":128,"supported_enroll_data":["PASSWORD","IDCARD","FP","FACE"]}
2020-01-09 09:27:57,901 [31] INFO SiteLogger [(null)] - ReceiveCmd -- 0 - Start
2020-01-09 09:27:57,901 [31] INFO SiteLogger [(null)] - ReceiveCmd -- 1 - Db connected
2020-01-09 09:27:57,901 [31] INFO SiteLogger [(null)] - ReceiveCmd -- 2
2020-01-09 09:27:57,901 [31] INFO SiteLogger [(null)] - CheckResetCmd -- 0 - dev_id:DC68B057639F7F37
2020-01-09 09:27:57,901 [31] INFO SiteLogger [(null)] - CheckResetCmd -- 1
2020-01-09 09:27:57,916 [31] INFO SiteLogger [(null)] - CheckResetCmd -- 2 - trans_id:
2020-01-09 09:27:57,916 [31] INFO SiteLogger [(null)] - CheckResetCmd -- 3
2020-01-09 09:27:57,916 [31] INFO SiteLogger [(null)] - ReceiveCmd -- 3
2020-01-09 09:27:57,916 [31] INFO SiteLogger [(null)] - UpdateFKDeviceStatus -- 0 - DevTime:20200109054740, DevId:DC68B057639F7F37, DevName:fk_deviceLE, DevInfo:{"face_data_ver":528,"firmware":"ZLIF104HS10 V2.77 BS0C2","firmware_filename":"zlif104hs10_bs0c2_um","fk_bin_data_lib":"FKDataHS101","fp_data_ver":128,"supported_enroll_data":["PASSWORD","IDCARD","FP","FACE"]}
2020-01-09 09:27:57,916 [31] INFO SiteLogger [(null)] - UpdateFKDeviceStatus -- 1
2020-01-09 09:27:57,932 [31] INFO SiteLogger [(null)] - UpdateFKDeviceStatus -- 2
2020-01-09 09:27:57,932 [31] INFO SiteLogger [(null)] - ReceiveCmd -- 4
2020-01-09 09:27:57,947 [31] INFO SiteLogger [(null)] - ReceiveCmd -- 5
2020-01-09 09:27:57,948 [31] INFO SiteLogger [(null)] - ReceiveCmd -- 5 - no cmd
2020-01-09 09:27:57,949 [31] INFO SiteLogger [(null)] - ReceiveCmd -- 11
2020-01-09 09:27:57,950 [31] INFO SiteLogger [(null)] - Page_Load - receive_cmd -- 4
2020-01-09 09:27:57,952 [31] INFO SiteLogger [(null)] - Page_Load - receive_cmd -- 5
2020-01-09 09:28:00,977 [31] INFO SiteLogger [(null)] - Contructor -- 0 - Conn:server=120.24.222.15;uid=sa;pwd=123456@hysoon;database=StandAttDB;Min Pool Size=0;Max Pool Size=512;Pooling=true;
2020-01-09 09:28:00,978 [31] INFO SiteLogger [(null)] - Page_Load -- **************** sRequestCode = receive_cmd dev_id=DC68B057639F7F37 trans_id=ReceiveCommandAction content_length=278
2020-01-09 09:28:00,979 [31] INFO SiteLogger [(null)] - Page_Load -- 1 - request_code : receive_cmd ,trans_id : ReceiveCommandAction
2020-01-09 09:28:00,980 [31] INFO SiteLogger [(null)] - Page_Load -- 3.4 - blk_no=0, blk_len=278
2020-01-09 09:28:00,980 [31] INFO SiteLogger [(null)] - Page_Load - receive_cmd -- 2
2020-01-09 09:28:00,981 [31] INFO SiteLogger [(null)] - Page_Load - receive_cmd -- 3 - DevName=fk_deviceLE, DevTime=20200109054743, DevInfo={"face_data_ver":528,"firmware":"ZLIF104HS10 V2.77 BS0C2","firmware_filename":"zlif104hs10_bs0c2_um","fk_bin_data_lib":"FKDataHS101","fp_data_ver":128,"supported_enroll_data":["PASSWORD","IDCARD","FP","FACE"]}
2020-01-09 09:28:00,982 [31] INFO SiteLogger [(null)] - ReceiveCmd -- 0 - Start
2020-01-09 09:28:00,982 [31] INFO SiteLogger [(null)] - ReceiveCmd -- 1 - Db connected
2020-01-09 09:28:00,983 [31] INFO SiteLogger [(null)] - ReceiveCmd -- 2
2020-01-09 09:28:00,983 [31] INFO SiteLogger [(null)] - CheckResetCmd -- 0 - dev_id:DC68B057639F7F37
2020-01-09 09:28:00,984 [31] INFO SiteLogger [(null)] - CheckResetCmd -- 1
2020-01-09 09:28:00,995 [31] INFO SiteLogger [(null)] - CheckResetCmd -- 2 - trans_id:
2020-01-09 09:28:00,995 [31] INFO SiteLogger [(null)] - CheckResetCmd -- 3
2020-01-09 09:28:00,996 [31] INFO SiteLogger [(null)] - ReceiveCmd -- 3
2020-01-09 09:28:00,997 [31] INFO SiteLogger [(null)] - UpdateFKDeviceStatus -- 0 - DevTime:20200109054743, DevId:DC68B057639F7F37, DevName:fk_deviceLE, DevInfo:{"face_data_ver":528,"firmware":"ZLIF104HS10 V2.77 BS0C2","firmware_filename":"zlif104hs10_bs0c2_um","fk_bin_data_lib":"FKDataHS101","fp_data_ver":128,"supported_enroll_data":["PASSWORD","IDCARD","FP","FACE"]}
2020-01-09 09:28:00,997 [31] INFO SiteLogger [(null)] - UpdateFKDeviceStatus -- 1
2020-01-09 09:28:01,002 [31] INFO SiteLogger [(null)] - UpdateFKDeviceStatus -- 2
2020-01-09 09:28:01,002 [31] INFO SiteLogger [(null)] - ReceiveCmd -- 4
2020-01-09 09:28:01,018 [31] INFO SiteLogger [(null)] - ReceiveCmd -- 5
2020-01-09 09:28:01,018 [31] INFO SiteLogger [(null)] - ReceiveCmd -- 5 - no cmd
2020-01-09 09:28:01,018 [31] INFO SiteLogger [(null)] - ReceiveCmd -- 11
2020-01-09 09:28:01,018 [31] INFO SiteLogger [(null)] - Page_Load - receive_cmd -- 4
2020-01-09 09:28:01,018 [31] INFO SiteLogger [(null)] - Page_Load - receive_cmd -- 5
2020-01-09 09:28:04,051 [40] INFO SiteLogger [(null)] - Contructor -- 0 - Conn:server=120.24.222.15;uid=sa;pwd=123456@hysoon;database=StandAttDB;Min Pool Size=0;Max Pool Size=512;Pooling=true;
2020-01-09 09:28:04,053 [40] INFO SiteLogger [(null)] - Page_Load -- **************** sRequestCode = receive_cmd dev_id=DC68B057639F7F37 trans_id=ReceiveCommandAction content_length=278
2020-01-09 09:28:04,054 [40] INFO SiteLogger [(null)] - Page_Load -- 1 - request_code : receive_cmd ,trans_id : ReceiveCommandAction
2020-01-09 09:28:04,056 [40] INFO SiteLogger [(null)] - Page_Load -- 3.4 - blk_no=0, blk_len=278
2020-01-09 09:28:04,057 [40] INFO SiteLogger [(null)] - Page_Load - receive_cmd -- 2
2020-01-09 09:28:04,058 [40] INFO SiteLogger [(null)] - Page_Load - receive_cmd -- 3 - DevName=fk_deviceLE, DevTime=20200109054746, DevInfo={"face_data_ver":528,"firmware":"ZLIF104HS10 V2.77 BS0C2","firmware_filename":"zlif104hs10_bs0c2_um","fk_bin_data_lib":"FKDataHS101","fp_data_ver":128,"supported_enroll_data":["PASSWORD","IDCARD","FP","FACE"]}
2020-01-09 09:28:04,059 [40] INFO SiteLogger [(null)] - ReceiveCmd -- 0 - Start
2020-01-09 09:28:04,061 [40] INFO SiteLogger [(null)] - ReceiveCmd -- 1 - Db connected
2020-01-09 09:28:04,062 [40] INFO SiteLogger [(null)] - ReceiveCmd -- 2
2020-01-09 09:28:04,064 [40] INFO SiteLogger [(null)] - CheckResetCmd -- 0 - dev_id:DC68B057639F7F37
2020-01-09 09:28:04,065 [40] INFO SiteLogger [(null)] - CheckResetCmd -- 1
2020-01-09 09:28:04,076 [40] INFO SiteLogger [(null)] - CheckResetCmd -- 2 - trans_id:
2020-01-09 09:28:04,077 [40] INFO SiteLogger [(null)] - CheckResetCmd -- 3
2020-01-09 09:28:04,078 [40] INFO SiteLogger [(null)] - ReceiveCmd -- 3
2020-01-09 09:28:04,079 [40] INFO SiteLogger [(null)] - UpdateFKDeviceStatus -- 0 - DevTime:20200109054746, DevId:DC68B057639F7F37, DevName:fk_deviceLE, DevInfo:{"face_data_ver":528,"firmware":"ZLIF104HS10 V2.77 BS0C2","firmware_filename":"zlif104hs10_bs0c2_um","fk_bin_data_lib":"FKDataHS101","fp_data_ver":128,"supported_enroll_data":["PASSWORD","IDCARD","FP","FACE"]}
2020-01-09 09:28:04,079 [40] INFO SiteLogger [(null)] - UpdateFKDeviceStatus -- 1
2020-01-09 09:28:04,090 [40] INFO SiteLogger [(null)] - UpdateFKDeviceStatus -- 2
2020-01-09 09:28:04,091 [40] INFO SiteLogger [(null)] - ReceiveCmd -- 4
2020-01-09 09:28:04,102 [40] INFO SiteLogger [(null)] - ReceiveCmd -- 5
2020-01-09 09:28:04,103 [40] INFO SiteLogger [(null)] - ReceiveCmd -- 5 - no cmd
2020-01-09 09:28:04,103 [40] INFO SiteLogger [(null)] - ReceiveCmd -- 11
2020-01-09 09:28:04,104 [40] INFO SiteLogger [(null)] - Page_Load - receive_cmd -- 4
2020-01-09 09:28:04,104 [40] INFO SiteLogger [(null)] - Page_Load - receive_cmd -- 5
2020-01-09 09:28:06,828 [40] INFO SiteLogger [(null)] - Contructor -- 0 - Conn:server=120.24.222.15;uid=sa;pwd=123456@hysoon;database=StandAttDB;Min Pool Size=0;Max Pool Size=512;Pooling=true;
2020-01-09 09:28:06,829 [40] INFO SiteLogger [(null)] - Page_Load -- **************** sRequestCode = receive_cmd dev_id=DC68B057639F7F37 trans_id=ReceiveCommandAction content_length=278
2020-01-09 09:28:06,829 [40] INFO SiteLogger [(null)] - Page_Load -- 1 - request_code : receive_cmd ,trans_id : ReceiveCommandAction
2020-01-09 09:28:06,829 [40] INFO SiteLogger [(null)] - Page_Load -- 3.4 - blk_no=0, blk_len=278
2020-01-09 09:28:06,829 [40] INFO SiteLogger [(null)] - Page_Load - receive_cmd -- 2
2020-01-09 09:28:06,829 [40] INFO SiteLogger [(null)] - Page_Load - receive_cmd -- 3 - DevName=fk_deviceLE, DevTime=20200109054749, DevInfo={"face_data_ver":528,"firmware":"ZLIF104HS10 V2.77 BS0C2","firmware_filename":"zlif104hs10_bs0c2_um","fk_bin_data_lib":"FKDataHS101","fp_data_ver":128,"supported_enroll_data":["PASSWORD","IDCARD","FP","FACE"]}
2020-01-09 09:28:06,830 [40] INFO SiteLogger [(null)] - ReceiveCmd -- 0 - Start
2020-01-09 09:28:06,830 [40] INFO SiteLogger [(null)] - ReceiveCmd -- 1 - Db connected
2020-01-09 09:28:06,830 [40] INFO SiteLogger [(null)] - ReceiveCmd -- 2
2020-01-09 09:28:06,830 [40] INFO SiteLogger [(null)] - CheckResetCmd -- 0 - dev_id:DC68B057639F7F37
2020-01-09 09:28:06,831 [40] INFO SiteLogger [(null)] - CheckResetCmd -- 1
2020-01-09 09:28:06,845 [40] INFO SiteLogger [(null)] - CheckResetCmd -- 2 - trans_id:
2020-01-09 09:28:06,845 [40] INFO SiteLogger [(null)] - CheckResetCmd -- 3
2020-01-09 09:28:06,845 [40] INFO SiteLogger [(null)] - ReceiveCmd -- 3
2020-01-09 09:28:06,846 [40] INFO SiteLogger [(null)] - UpdateFKDeviceStatus -- 0 - DevTime:20200109054749, DevId:DC68B057639F7F37, DevName:fk_deviceLE, DevInfo:{"face_data_ver":528,"firmware":"ZLIF104HS10 V2.77 BS0C2","firmware_filename":"zlif104hs10_bs0c2_um","fk_bin_data_lib":"FKDataHS101","fp_data_ver":128,"supported_enroll_data":["PASSWORD","IDCARD","FP","FACE"]}
2020-01-09 09:28:06,846 [40] INFO SiteLogger [(null)] - UpdateFKDeviceStatus -- 1
2020-01-09 09:28:06,858 [40] INFO SiteLogger [(null)] - UpdateFKDeviceStatus -- 2
2020-01-09 09:28:06,859 [40] INFO SiteLogger [(null)] - ReceiveCmd -- 4
2020-01-09 09:28:06,872 [40] INFO SiteLogger [(null)] - ReceiveCmd -- 5
2020-01-09 09:28:06,872 [40] INFO SiteLogger [(null)] - ReceiveCmd -- 5 - no cmd
2020-01-09 09:28:06,872 [40] INFO SiteLogger [(null)] - ReceiveCmd -- 11
2020-01-09 09:28:06,872 [40] INFO SiteLogger [(null)] - Page_Load - receive_cmd -- 4
2020-01-09 09:28:06,873 [40] INFO SiteLogger [(null)] - Page_Load - receive_cmd -- 5
2020-01-09 09:28:09,897 [41] INFO SiteLogger [(null)] - Contructor -- 0 - Conn:server=120.24.222.15;uid=sa;pwd=123456@hysoon;database=StandAttDB;Min Pool Size=0;Max Pool Size=512;Pooling=true;
2020-01-09 09:28:09,897 [41] INFO SiteLogger [(null)] - Page_Load -- **************** sRequestCode = receive_cmd dev_id=DC68B057639F7F37 trans_id=ReceiveCommandAction content_length=278
2020-01-09 09:28:09,897 [41] INFO SiteLogger [(null)] - Page_Load -- 1 - request_code : receive_cmd ,trans_id : ReceiveCommandAction
2020-01-09 09:28:09,897 [41] INFO SiteLogger [(null)] - Page_Load -- 3.4 - blk_no=0, blk_len=278
2020-01-09 09:28:09,897 [41] INFO SiteLogger [(null)] - Page_Load - receive_cmd -- 2
2020-01-09 09:28:09,912 [41] INFO SiteLogger [(null)] - Page_Load - receive_cmd -- 3 - DevName=fk_deviceLE, DevTime=20200109054752, DevInfo={"face_data_ver":528,"firmware":"ZLIF104HS10 V2.77 BS0C2","firmware_filename":"zlif104hs10_bs0c2_um","fk_bin_data_lib":"FKDataHS101","fp_data_ver":128,"supported_enroll_data":["PASSWORD","IDCARD","FP","FACE"]}
2020-01-09 09:28:09,912 [41] INFO SiteLogger [(null)] - ReceiveCmd -- 0 - Start
2020-01-09 09:28:09,912 [41] INFO SiteLogger [(null)] - ReceiveCmd -- 1 - Db connected
2020-01-09 09:28:09,912 [41] INFO SiteLogger [(null)] - ReceiveCmd -- 2
2020-01-09 09:28:09,912 [41] INFO SiteLogger [(null)] - CheckResetCmd -- 0 - dev_id:DC68B057639F7F37
2020-01-09 09:28:09,912 [41] INFO SiteLogger [(null)] - CheckResetCmd -- 1
2020-01-09 09:28:09,929 [41] INFO SiteLogger [(null)] - CheckResetCmd -- 2 - trans_id:
2020-01-09 09:28:09,930 [41] INFO SiteLogger [(null)] - CheckResetCmd -- 3
2020-01-09 09:28:09,931 [41] INFO SiteLogger [(null)] - ReceiveCmd -- 3
2020-01-09 09:28:09,931 [41] INFO SiteLogger [(null)] - UpdateFKDeviceStatus -- 0 - DevTime:20200109054752, DevId:DC68B057639F7F37, DevName:fk_deviceLE, DevInfo:{"face_data_ver":528,"firmware":"ZLIF104HS10 V2.77 BS0C2","firmware_filename":"zlif104hs10_bs0c2_um","fk_bin_data_lib":"FKDataHS101","fp_data_ver":128,"supported_enroll_data":["PASSWORD","IDCARD","FP","FACE"]}
2020-01-09 09:28:09,932 [41] INFO SiteLogger [(null)] - UpdateFKDeviceStatus -- 1
2020-01-09 09:28:09,943 [41] INFO SiteLogger [(null)] - UpdateFKDeviceStatus -- 2
2020-01-09 09:28:09,944 [41] INFO SiteLogger [(null)] - ReceiveCmd -- 4
2020-01-09 09:28:09,956 [41] INFO SiteLogger [(null)] - ReceiveCmd -- 5
2020-01-09 09:28:09,956 [41] INFO SiteLogger [(null)] - ReceiveCmd -- 5 - no cmd
2020-01-09 09:28:09,957 [41] INFO SiteLogger [(null)] - ReceiveCmd -- 11
2020-01-09 09:28:09,958 [41] INFO SiteLogger [(null)] - Page_Load - receive_cmd -- 4
2020-01-09 09:28:09,959 [41] INFO SiteLogger [(null)] - Page_Load - receive_cmd -- 5
2020-01-09 09:28:12,982 [22] INFO SiteLogger [(null)] - Contructor -- 0 - Conn:server=120.24.222.15;uid=sa;pwd=123456@hysoon;database=StandAttDB;Min Pool Size=0;Max Pool Size=512;Pooling=true;
2020-01-09 09:28:12,982 [22] INFO SiteLogger [(null)] - Page_Load -- **************** sRequestCode = receive_cmd dev_id=DC68B057639F7F37 trans_id=ReceiveCommandAction content_length=278
2020-01-09 09:28:12,982 [22] INFO SiteLogger [(null)] - Page_Load -- 1 - request_code : receive_cmd ,trans_id : ReceiveCommandAction
2020-01-09 09:28:12,982 [22] INFO SiteLogger [(null)] - Page_Load -- 3.4 - blk_no=0, blk_len=278
2020-01-09 09:28:12,982 [22] INFO SiteLogger [(null)] - Page_Load - receive_cmd -- 2
2020-01-09 09:28:12,997 [22] INFO SiteLogger [(null)] - Page_Load - receive_cmd -- 3 - DevName=fk_deviceLE, DevTime=20200109054755, DevInfo={"face_data_ver":528,"firmware":"ZLIF104HS10 V2.77 BS0C2","firmware_filename":"zlif104hs10_bs0c2_um","fk_bin_data_lib":"FKDataHS101","fp_data_ver":128,"supported_enroll_data":["PASSWORD","IDCARD","FP","FACE"]}
2020-01-09 09:28:12,997 [22] INFO SiteLogger [(null)] - ReceiveCmd -- 0 - Start
2020-01-09 09:28:12,997 [22] INFO SiteLogger [(null)] - ReceiveCmd -- 1 - Db connected
2020-01-09 09:28:12,997 [22] INFO SiteLogger [(null)] - ReceiveCmd -- 2
2020-01-09 09:28:12,997 [22] INFO SiteLogger [(null)] - CheckResetCmd -- 0 - dev_id:DC68B057639F7F37
2020-01-09 09:28:12,997 [22] INFO SiteLogger [(null)] - CheckResetCmd -- 1
2020-01-09 09:28:12,997 [22] INFO SiteLogger [(null)] - CheckResetCmd -- 2 - trans_id:
2020-01-09 09:28:12,997 [22] INFO SiteLogger [(null)] - CheckResetCmd -- 3
2020-01-09 09:28:12,997 [22] INFO SiteLogger [(null)] - ReceiveCmd -- 3
2020-01-09 09:28:13,013 [22] INFO SiteLogger [(null)] - UpdateFKDeviceStatus -- 0 - DevTime:20200109054755, DevId:DC68B057639F7F37, DevName:fk_deviceLE, DevInfo:{"face_data_ver":528,"firmware":"ZLIF104HS10 V2.77 BS0C2","firmware_filename":"zlif104hs10_bs0c2_um","fk_bin_data_lib":"FKDataHS101","fp_data_ver":128,"supported_enroll_data":["PASSWORD","IDCARD","FP","FACE"]}
2020-01-09 09:28:13,013 [22] INFO SiteLogger [(null)] - UpdateFKDeviceStatus -- 1
2020-01-09 09:28:13,013 [22] INFO SiteLogger [(null)] - UpdateFKDeviceStatus -- 2
2020-01-09 09:28:13,013 [22] INFO SiteLogger [(null)] - ReceiveCmd -- 4
2020-01-09 09:28:13,038 [22] INFO SiteLogger [(null)] - ReceiveCmd -- 5
2020-01-09 09:28:13,039 [22] INFO SiteLogger [(null)] - ReceiveCmd -- 5 - no cmd
2020-01-09 09:28:13,040 [22] INFO SiteLogger [(null)] - ReceiveCmd -- 11
2020-01-09 09:28:13,042 [22] INFO SiteLogger [(null)] - Page_Load - receive_cmd -- 4
2020-01-09 09:28:13,043 [22] INFO SiteLogger [(null)] - Page_Load - receive_cmd -- 5
2020-01-09 09:28:16,074 [31] INFO SiteLogger [(null)] - Contructor -- 0 - Conn:server=120.24.222.15;uid=sa;pwd=123456@hysoon;database=StandAttDB;Min Pool Size=0;Max Pool Size=512;Pooling=true;
2020-01-09 09:28:16,074 [31] INFO SiteLogger [(null)] - Page_Load -- **************** sRequestCode = receive_cmd dev_id=DC68B057639F7F37 trans_id=ReceiveCommandAction content_length=278
2020-01-09 09:28:16,074 [31] INFO SiteLogger [(null)] - Page_Load -- 1 - request_code : receive_cmd ,trans_id : ReceiveCommandAction
2020-01-09 09:28:16,075 [31] INFO SiteLogger [(null)] - Page_Load -- 3.4 - blk_no=0, blk_len=278
2020-01-09 09:28:16,075 [31] INFO SiteLogger [(null)] - Page_Load - receive_cmd -- 2
2020-01-09 09:28:16,075 [31] INFO SiteLogger [(null)] - Page_Load - receive_cmd -- 3 - DevName=fk_deviceLE, DevTime=20200109054758, DevInfo={"face_data_ver":528,"firmware":"ZLIF104HS10 V2.77 BS0C2","firmware_filename":"zlif104hs10_bs0c2_um","fk_bin_data_lib":"FKDataHS101","fp_data_ver":128,"supported_enroll_data":["PASSWORD","IDCARD","FP","FACE"]}
2020-01-09 09:28:16,076 [31] INFO SiteLogger [(null)] - ReceiveCmd -- 0 - Start
2020-01-09 09:28:16,076 [31] INFO SiteLogger [(null)] - ReceiveCmd -- 1 - Db connected
2020-01-09 09:28:16,076 [31] INFO SiteLogger [(null)] - ReceiveCmd -- 2
2020-01-09 09:28:16,076 [31] INFO SiteLogger [(null)] - CheckResetCmd -- 0 - dev_id:DC68B057639F7F37
2020-01-09 09:28:16,077 [31] INFO SiteLogger [(null)] - CheckResetCmd -- 1
2020-01-09 09:28:16,087 [31] INFO SiteLogger [(null)] - CheckResetCmd -- 2 - trans_id:
2020-01-09 09:28:16,087 [31] INFO SiteLogger [(null)] - CheckResetCmd -- 3
2020-01-09 09:28:16,087 [31] INFO SiteLogger [(null)] - ReceiveCmd -- 3
2020-01-09 09:28:16,088 [31] INFO SiteLogger [(null)] - UpdateFKDeviceStatus -- 0 - DevTime:20200109054758, DevId:DC68B057639F7F37, DevName:fk_deviceLE, DevInfo:{"face_data_ver":528,"firmware":"ZLIF104HS10 V2.77 BS0C2","firmware_filename":"zlif104hs10_bs0c2_um","fk_bin_data_lib":"FKDataHS101","fp_data_ver":128,"supported_enroll_data":["PASSWORD","IDCARD","FP","FACE"]}
2020-01-09 09:28:16,088 [31] INFO SiteLogger [(null)] - UpdateFKDeviceStatus -- 1
2020-01-09 09:28:16,099 [31] INFO SiteLogger [(null)] - UpdateFKDeviceStatus -- 2
2020-01-09 09:28:16,099 [31] INFO SiteLogger [(null)] - ReceiveCmd -- 4
2020-01-09 09:28:16,110 [31] INFO SiteLogger [(null)] - ReceiveCmd -- 5
2020-01-09 09:28:16,111 [31] INFO SiteLogger [(null)] - ReceiveCmd -- 6 - trans_id:722cmd_code:GET_USER_ID_LIST
2020-01-09 09:28:16,112 [31] INFO SiteLogger [(null)] - ReceiveCmd -- 11
2020-01-09 09:28:16,112 [31] INFO SiteLogger [(null)] - Page_Load - receive_cmd -- 4
2020-01-09 09:28:16,112 [31] INFO SiteLogger [(null)] - Page_Load - receive_cmd -- 5
2020-01-09 09:28:16,118 [21] INFO SiteLogger [(null)] - Contructor -- 0 - Conn:server=120.24.222.15;uid=sa;pwd=123456@hysoon;database=StandAttDB;Min Pool Size=0;Max Pool Size=512;Pooling=true;
2020-01-09 09:28:16,118 [21] INFO SiteLogger [(null)] - Page_Load -- **************** sRequestCode = send_cmd_result dev_id=DC68B057639F7F37 trans_id=722 content_length=82
2020-01-09 09:28:16,118 [21] INFO SiteLogger [(null)] - Page_Load -- 1 - request_code : send_cmd_result ,trans_id : 722
2020-01-09 09:28:16,119 [21] INFO SiteLogger [(null)] - Page_Load -- 3.4 - blk_no=0, blk_len=82
2020-01-09 09:28:16,119 [21] INFO SiteLogger [(null)] - Page_Load - send_cmd_result -- 1
2020-01-09 09:28:16,119 [21] INFO SiteLogger [(null)] - Page_Load - send_cmd_result -- 2 - trans_id:722
2020-01-09 09:28:16,119 [21] INFO SiteLogger [(null)] - CheckResetCmd -- 0 - dev_id:DC68B057639F7F37
2020-01-09 09:28:16,120 [21] INFO SiteLogger [(null)] - CheckResetCmd -- 1
2020-01-09 09:28:16,128 [21] INFO SiteLogger [(null)] - CheckResetCmd -- 2 - trans_id:
2020-01-09 09:28:16,129 [21] INFO SiteLogger [(null)] - CheckResetCmd -- 3
2020-01-09 09:28:16,129 [21] INFO SiteLogger [(null)] - IsCancelledCmd -- 0 - dev_id:DC68B057639F7F37trans_id:722
2020-01-09 09:28:16,129 [21] INFO SiteLogger [(null)] - IsCancelledCmd -- 1
2020-01-09 09:28:16,130 [21] INFO SiteLogger [(null)] - IsCancelledCmd -- 1.1
2020-01-09 09:28:16,140 [21] INFO SiteLogger [(null)] - IsCancelledCmd -- 2 - status:
2020-01-09 09:28:16,140 [21] INFO SiteLogger [(null)] - IsCancelledCmd -- 3
2020-01-09 09:28:16,141 [21] INFO SiteLogger [(null)] - Page_Load - send_cmd_result -- 3
2020-01-09 09:28:16,141 [21] INFO SiteLogger [(null)] - SetCmdResult -- 0 - trans_id:722, dev_id:DC68B057639F7F37
2020-01-09 09:28:16,142 [21] INFO SiteLogger [(null)] - SetCmdResult -- 1
2020-01-09 09:28:16,142 [21] INFO SiteLogger [(null)] - SetCmdResult -- 2
2020-01-09 09:28:16,142 [21] INFO SiteLogger [(null)] - SaveCmdResultLogData -- 1
2020-01-09 09:28:16,142 [21] INFO SiteLogger [(null)] - SaveCmdResultLogData -- 2
2020-01-09 09:28:16,152 [21] INFO SiteLogger [(null)] - SaveCmdResultSLogData -- 1
2020-01-09 09:28:16,153 [21] INFO SiteLogger [(null)] - SaveCmdResultSLogData -- 2
2020-01-09 09:28:16,164 [21] INFO SiteLogger [(null)] - SaveUserIdList -- 1
2020-01-09 09:28:16,164 [21] INFO SiteLogger [(null)] - SaveUserIdList -- 2 astrans_id = 722
2020-01-09 09:28:16,174 [21] INFO SiteLogger [(null)] - SaveUserIdList -- 3
2020-01-09 09:28:16,184 [21] INFO SiteLogger [(null)] - SaveUserIdList -- 4
2020-01-09 09:28:16,185 [21] INFO SiteLogger [(null)] - SaveUserIdList -- 5
2020-01-09 09:28:16,185 [21] INFO SiteLogger [(null)] - SaveUserIdList -- 6 - HS101
2020-01-09 09:28:16,206 [21] INFO SiteLogger [(null)] - SaveUserIdList -- 7 - HS101
2020-01-09 09:28:16,206 [21] INFO SiteLogger [(null)] - SaveUserIdList -- 8
2020-01-09 09:28:16,207 [21] INFO SiteLogger [(null)] - GetDeviceStatus -- 1
2020-01-09 09:28:16,207 [21] INFO SiteLogger [(null)] - GetDeviceStatus -- 2
2020-01-09 09:28:16,228 [21] INFO SiteLogger [(null)] - SetCmdResult -- 3
2020-01-09 09:28:16,228 [21] INFO SiteLogger [(null)] - Page_Load - send_cmd_result -- 4
2020-01-09 09:28:16,229 [21] INFO SiteLogger [(null)] - Page_Load - send_cmd_result -- 5
2020-01-09 09:28:16,536 [40] INFO SiteLogger [(null)] - Contructor -- 0 - Conn:server=120.24.222.15;uid=sa;pwd=123456@hysoon;database=StandAttDB;Min Pool Size=0;Max Pool Size=512;Pooling=true;
2020-01-09 09:28:16,536 [40] INFO SiteLogger [(null)] - Page_Load -- **************** sRequestCode = receive_cmd dev_id=DC68B057639F7F37 trans_id=ReceiveCommandAction content_length=278
2020-01-09 09:28:16,537 [40] INFO SiteLogger [(null)] - Page_Load -- 1 - request_code : receive_cmd ,trans_id : ReceiveCommandAction
2020-01-09 09:28:16,537 [40] INFO SiteLogger [(null)] - Page_Load -- 3.4 - blk_no=0, blk_len=278
2020-01-09 09:28:16,537 [40] INFO SiteLogger [(null)] - Page_Load - receive_cmd -- 2
2020-01-09 09:28:16,538 [40] INFO SiteLogger [(null)] - Page_Load - receive_cmd -- 3 - DevName=fk_deviceLE, DevTime=20200109054758, DevInfo={"face_data_ver":528,"firmware":"ZLIF104HS10 V2.77 BS0C2","firmware_filename":"zlif104hs10_bs0c2_um","fk_bin_data_lib":"FKDataHS101","fp_data_ver":128,"supported_enroll_data":["PASSWORD","IDCARD","FP","FACE"]}
2020-01-09 09:28:16,538 [40] INFO SiteLogger [(null)] - ReceiveCmd -- 0 - Start
2020-01-09 09:28:16,538 [40] INFO SiteLogger [(null)] - ReceiveCmd -- 1 - Db connected
2020-01-09 09:28:16,538 [40] INFO SiteLogger [(null)] - ReceiveCmd -- 2
2020-01-09 09:28:16,538 [40] INFO SiteLogger [(null)] - CheckResetCmd -- 0 - dev_id:DC68B057639F7F37
2020-01-09 09:28:16,539 [40] INFO SiteLogger [(null)] - CheckResetCmd -- 1
2020-01-09 09:28:16,548 [40] INFO SiteLogger [(null)] - CheckResetCmd -- 2 - trans_id:
2020-01-09 09:28:16,548 [40] INFO SiteLogger [(null)] - CheckResetCmd -- 3
2020-01-09 09:28:16,549 [40] INFO SiteLogger [(null)] - ReceiveCmd -- 3
2020-01-09 09:28:16,549 [40] INFO SiteLogger [(null)] - UpdateFKDeviceStatus -- 0 - DevTime:20200109054758, DevId:DC68B057639F7F37, DevName:fk_deviceLE, DevInfo:{"face_data_ver":528,"firmware":"ZLIF104HS10 V2.77 BS0C2","firmware_filename":"zlif104hs10_bs0c2_um","fk_bin_data_lib":"FKDataHS101","fp_data_ver":128,"supported_enroll_data":["PASSWORD","IDCARD","FP","FACE"]}
2020-01-09 09:28:16,550 [40] INFO SiteLogger [(null)] - UpdateFKDeviceStatus -- 1
2020-01-09 09:28:16,560 [40] INFO SiteLogger [(null)] - UpdateFKDeviceStatus -- 2
2020-01-09 09:28:16,561 [40] INFO SiteLogger [(null)] - ReceiveCmd -- 4
2020-01-09 09:28:16,572 [40] INFO SiteLogger [(null)] - ReceiveCmd -- 5
2020-01-09 09:28:16,573 [40] INFO SiteLogger [(null)] - ReceiveCmd -- 5 - no cmd
2020-01-09 09:28:16,573 [40] INFO SiteLogger [(null)] - ReceiveCmd -- 11
2020-01-09 09:28:16,574 [40] INFO SiteLogger [(null)] - Page_Load - receive_cmd -- 4
2020-01-09 09:28:16,574 [40] INFO SiteLogger [(null)] - Page_Load - receive_cmd -- 5
2020-01-09 09:28:18,995 [22] INFO SiteLogger [(null)] - Contructor -- 0 - Conn:server=120.24.222.15;uid=sa;pwd=123456@hysoon;database=StandAttDB;Min Pool Size=0;Max Pool Size=512;Pooling=true;
2020-01-09 09:28:18,996 [22] INFO SiteLogger [(null)] - Page_Load -- **************** sRequestCode = receive_cmd dev_id=DC68B057639F7F37 trans_id=ReceiveCommandAction content_length=278
2020-01-09 09:28:18,997 [22] INFO SiteLogger [(null)] - Page_Load -- 1 - request_code : receive_cmd ,trans_id : ReceiveCommandAction
2020-01-09 09:28:18,998 [22] INFO SiteLogger [(null)] - Page_Load -- 3.4 - blk_no=0, blk_len=278
2020-01-09 09:28:18,998 [22] INFO SiteLogger [(null)] - Page_Load - receive_cmd -- 2
2020-01-09 09:28:18,999 [22] INFO SiteLogger [(null)] - Page_Load - receive_cmd -- 3 - DevName=fk_deviceLE, DevTime=20200109054801, DevInfo={"face_data_ver":528,"firmware":"ZLIF104HS10 V2.77 BS0C2","firmware_filename":"zlif104hs10_bs0c2_um","fk_bin_data_lib":"FKDataHS101","fp_data_ver":128,"supported_enroll_data":["PASSWORD","IDCARD","FP","FACE"]}
2020-01-09 09:28:19,000 [22] INFO SiteLogger [(null)] - ReceiveCmd -- 0 - Start
2020-01-09 09:28:19,001 [22] INFO SiteLogger [(null)] - ReceiveCmd -- 1 - Db connected
2020-01-09 09:28:19,002 [22] INFO SiteLogger [(null)] - ReceiveCmd -- 2
2020-01-09 09:28:19,003 [22] INFO SiteLogger [(null)] - CheckResetCmd -- 0 - dev_id:DC68B057639F7F37
2020-01-09 09:28:19,003 [22] INFO SiteLogger [(null)] - CheckResetCmd -- 1
2020-01-09 09:28:19,014 [22] INFO SiteLogger [(null)] - CheckResetCmd -- 2 - trans_id:
2020-01-09 09:28:19,015 [22] INFO SiteLogger [(null)] - CheckResetCmd -- 3
2020-01-09 09:28:19,016 [22] INFO SiteLogger [(null)] - ReceiveCmd -- 3
2020-01-09 09:28:19,017 [22] INFO SiteLogger [(null)] - UpdateFKDeviceStatus -- 0 - DevTime:20200109054801, DevId:DC68B057639F7F37, DevName:fk_deviceLE, DevInfo:{"face_data_ver":528,"firmware":"ZLIF104HS10 V2.77 BS0C2","firmware_filename":"zlif104hs10_bs0c2_um","fk_bin_data_lib":"FKDataHS101","fp_data_ver":128,"supported_enroll_data":["PASSWORD","IDCARD","FP","FACE"]}
2020-01-09 09:28:19,017 [22] INFO SiteLogger [(null)] - UpdateFKDeviceStatus -- 1
2020-01-09 09:28:19,029 [22] INFO SiteLogger [(null)] - UpdateFKDeviceStatus -- 2
2020-01-09 09:28:19,030 [22] INFO SiteLogger [(null)] - ReceiveCmd -- 4
2020-01-09 09:28:19,042 [22] INFO SiteLogger [(null)] - ReceiveCmd -- 5
2020-01-09 09:28:19,043 [22] INFO SiteLogger [(null)] - ReceiveCmd -- 6 - trans_id:723cmd_code:CLEAR_MANAGER
2020-01-09 09:28:19,043 [22] INFO SiteLogger [(null)] - ReceiveCmd -- 11
2020-01-09 09:28:19,044 [22] INFO SiteLogger [(null)] - Page_Load - receive_cmd -- 4
2020-01-09 09:28:19,045 [22] INFO SiteLogger [(null)] - Page_Load - receive_cmd -- 5
2020-01-09 09:28:19,056 [28] INFO SiteLogger [(null)] - Contructor -- 0 - Conn:server=120.24.222.15;uid=sa;pwd=123456@hysoon;database=StandAttDB;Min Pool Size=0;Max Pool Size=512;Pooling=true;
2020-01-09 09:28:19,056 [28] INFO SiteLogger [(null)] - Page_Load -- **************** sRequestCode = send_cmd_result dev_id=DC68B057639F7F37 trans_id=723 content_length=0
2020-01-09 09:28:19,057 [28] INFO SiteLogger [(null)] - Page_Load -- 1 - request_code : send_cmd_result ,trans_id : 723
2020-01-09 09:28:19,058 [28] INFO SiteLogger [(null)] - Page_Load -- 3.4 - blk_no=0, blk_len=0
2020-01-09 09:28:19,058 [28] INFO SiteLogger [(null)] - Page_Load - send_cmd_result -- 1
2020-01-09 09:28:19,059 [28] INFO SiteLogger [(null)] - Page_Load - send_cmd_result -- 2 - trans_id:723
2020-01-09 09:28:19,060 [28] INFO SiteLogger [(null)] - CheckResetCmd -- 0 - dev_id:DC68B057639F7F37
2020-01-09 09:28:19,061 [28] INFO SiteLogger [(null)] - CheckResetCmd -- 1
2020-01-09 09:28:19,071 [28] INFO SiteLogger [(null)] - CheckResetCmd -- 2 - trans_id:
2020-01-09 09:28:19,072 [28] INFO SiteLogger [(null)] - CheckResetCmd -- 3
2020-01-09 09:28:19,073 [28] INFO SiteLogger [(null)] - IsCancelledCmd -- 0 - dev_id:DC68B057639F7F37trans_id:723
2020-01-09 09:28:19,074 [28] INFO SiteLogger [(null)] - IsCancelledCmd -- 1
2020-01-09 09:28:19,074 [28] INFO SiteLogger [(null)] - IsCancelledCmd -- 1.1
2020-01-09 09:28:19,085 [28] INFO SiteLogger [(null)] - IsCancelledCmd -- 2 - status:
2020-01-09 09:28:19,086 [28] INFO SiteLogger [(null)] - IsCancelledCmd -- 3
2020-01-09 09:28:19,086 [28] INFO SiteLogger [(null)] - Page_Load - send_cmd_result -- 3
2020-01-09 09:28:19,087 [28] INFO SiteLogger [(null)] - SetCmdResult -- 0 - trans_id:723, dev_id:DC68B057639F7F37
2020-01-09 09:28:19,087 [28] INFO SiteLogger [(null)] - SetCmdResult -- 1
2020-01-09 09:28:19,088 [28] INFO SiteLogger [(null)] - SetCmdResult -- 2
2020-01-09 09:28:19,089 [28] INFO SiteLogger [(null)] - SaveCmdResultLogData -- 1
2020-01-09 09:28:19,090 [28] INFO SiteLogger [(null)] - SaveCmdResultLogData -- 2
2020-01-09 09:28:19,101 [28] INFO SiteLogger [(null)] - SaveCmdResultSLogData -- 1
2020-01-09 09:28:19,101 [28] INFO SiteLogger [(null)] - SaveCmdResultSLogData -- 2
2020-01-09 09:28:19,112 [28] INFO SiteLogger [(null)] - SaveUserIdList -- 1
2020-01-09 09:28:19,113 [28] INFO SiteLogger [(null)] - SaveUserIdList -- 2 astrans_id = 723
2020-01-09 09:28:19,123 [28] INFO SiteLogger [(null)] - SaveUserIdList -- 2-1 astrans_id = 723
2020-01-09 09:28:19,123 [28] INFO SiteLogger [(null)] - GetDeviceStatus -- 1
2020-01-09 09:28:19,124 [28] INFO SiteLogger [(null)] - GetDeviceStatus -- 2
2020-01-09 09:28:19,144 [28] INFO SiteLogger [(null)] - SetCmdResult -- 3
2020-01-09 09:28:19,145 [28] INFO SiteLogger [(null)] - Page_Load - send_cmd_result -- 4
2020-01-09 09:28:19,145 [28] INFO SiteLogger [(null)] - Page_Load - send_cmd_result -- 5
2020-01-09 09:28:19,448 [24] INFO SiteLogger [(null)] - Contructor -- 0 - Conn:server=120.24.222.15;uid=sa;pwd=123456@hysoon;database=StandAttDB;Min Pool Size=0;Max Pool Size=512;Pooling=true;
2020-01-09 09:28:19,448 [24] INFO SiteLogger [(null)] - Page_Load -- **************** sRequestCode = receive_cmd dev_id=DC68B057639F7F37 trans_id=ReceiveCommandAction content_length=278
2020-01-09 09:28:19,448 [24] INFO SiteLogger [(null)] - Page_Load -- 1 - request_code : receive_cmd ,trans_id : ReceiveCommandAction
2020-01-09 09:28:19,448 [24] INFO SiteLogger [(null)] - Page_Load -- 3.4 - blk_no=0, blk_len=278
2020-01-09 09:28:19,448 [24] INFO SiteLogger [(null)] - Page_Load - receive_cmd -- 2
2020-01-09 09:28:19,448 [24] INFO SiteLogger [(null)] - Page_Load - receive_cmd -- 3 - DevName=fk_deviceLE, DevTime=20200109054801, DevInfo={"face_data_ver":528,"firmware":"ZLIF104HS10 V2.77 BS0C2","firmware_filename":"zlif104hs10_bs0c2_um","fk_bin_data_lib":"FKDataHS101","fp_data_ver":128,"supported_enroll_data":["PASSWORD","IDCARD","FP","FACE"]}
2020-01-09 09:28:19,448 [24] INFO SiteLogger [(null)] - ReceiveCmd -- 0 - Start
2020-01-09 09:28:19,465 [24] INFO SiteLogger [(null)] - ReceiveCmd -- 1 - Db connected
2020-01-09 09:28:19,466 [24] INFO SiteLogger [(null)] - ReceiveCmd -- 2
2020-01-09 09:28:19,467 [24] INFO SiteLogger [(null)] - CheckResetCmd -- 0 - dev_id:DC68B057639F7F37
2020-01-09 09:28:19,468 [24] INFO SiteLogger [(null)] - CheckResetCmd -- 1
2020-01-09 09:28:19,480 [24] INFO SiteLogger [(null)] - CheckResetCmd -- 2 - trans_id:
2020-01-09 09:28:19,481 [24] INFO SiteLogger [(null)] - CheckResetCmd -- 3
2020-01-09 09:28:19,482 [24] INFO SiteLogger [(null)] - ReceiveCmd -- 3
2020-01-09 09:28:19,483 [24] INFO SiteLogger [(null)] - UpdateFKDeviceStatus -- 0 - DevTime:20200109054801, DevId:DC68B057639F7F37, DevName:fk_deviceLE, DevInfo:{"face_data_ver":528,"firmware":"ZLIF104HS10 V2.77 BS0C2","firmware_filename":"zlif104hs10_bs0c2_um","fk_bin_data_lib":"FKDataHS101","fp_data_ver":128,"supported_enroll_data":["PASSWORD","IDCARD","FP","FACE"]}
2020-01-09 09:28:19,483 [24] INFO SiteLogger [(null)] - UpdateFKDeviceStatus -- 1
2020-01-09 09:28:19,494 [24] INFO SiteLogger [(null)] - UpdateFKDeviceStatus -- 2
2020-01-09 09:28:19,495 [24] INFO SiteLogger [(null)] - ReceiveCmd -- 4
2020-01-09 09:28:19,508 [24] INFO SiteLogger [(null)] - ReceiveCmd -- 5
2020-01-09 09:28:19,509 [24] INFO SiteLogger [(null)] - ReceiveCmd -- 5 - no cmd
2020-01-09 09:28:19,509 [24] INFO SiteLogger [(null)] - ReceiveCmd -- 11
2020-01-09 09:28:19,510 [24] INFO SiteLogger [(null)] - Page_Load - receive_cmd -- 4
2020-01-09 09:28:19,512 [24] INFO SiteLogger [(null)] - Page_Load - receive_cmd -- 5
2020-01-09 09:28:21,932 [28] INFO SiteLogger [(null)] - Contructor -- 0 - Conn:server=120.24.222.15;uid=sa;pwd=123456@hysoon;database=StandAttDB;Min Pool Size=0;Max Pool Size=512;Pooling=true;
2020-01-09 09:28:21,933 [28] INFO SiteLogger [(null)] - Page_Load -- **************** sRequestCode = receive_cmd dev_id=DC68B057639F7F37 trans_id=ReceiveCommandAction content_length=278
2020-01-09 09:28:21,934 [28] INFO SiteLogger [(null)] - Page_Load -- 1 - request_code : receive_cmd ,trans_id : ReceiveCommandAction
2020-01-09 09:28:21,935 [28] INFO SiteLogger [(null)] - Page_Load -- 3.4 - blk_no=0, blk_len=278
2020-01-09 09:28:21,936 [28] INFO SiteLogger [(null)] - Page_Load - receive_cmd -- 2
2020-01-09 09:28:21,937 [28] INFO SiteLogger [(null)] - Page_Load - receive_cmd -- 3 - DevName=fk_deviceLE, DevTime=20200109054804, DevInfo={"face_data_ver":528,"firmware":"ZLIF104HS10 V2.77 BS0C2","firmware_filename":"zlif104hs10_bs0c2_um","fk_bin_data_lib":"FKDataHS101","fp_data_ver":128,"supported_enroll_data":["PASSWORD","IDCARD","FP","FACE"]}
2020-01-09 09:28:21,938 [28] INFO SiteLogger [(null)] - ReceiveCmd -- 0 - Start
2020-01-09 09:28:21,939 [28] INFO SiteLogger [(null)] - ReceiveCmd -- 1 - Db connected
2020-01-09 09:28:21,940 [28] INFO SiteLogger [(null)] - ReceiveCmd -- 2
2020-01-09 09:28:21,941 [28] INFO SiteLogger [(null)] - CheckResetCmd -- 0 - dev_id:DC68B057639F7F37
2020-01-09 09:28:21,942 [28] INFO SiteLogger [(null)] - CheckResetCmd -- 1
2020-01-09 09:28:21,952 [28] INFO SiteLogger [(null)] - CheckResetCmd -- 2 - trans_id:
2020-01-09 09:28:21,953 [28] INFO SiteLogger [(null)] - CheckResetCmd -- 3
2020-01-09 09:28:21,954 [28] INFO SiteLogger [(null)] - ReceiveCmd -- 3
2020-01-09 09:28:21,955 [28] INFO SiteLogger [(null)] - UpdateFKDeviceStatus -- 0 - DevTime:20200109054804, DevId:DC68B057639F7F37, DevName:fk_deviceLE, DevInfo:{"face_data_ver":528,"firmware":"ZLIF104HS10 V2.77 BS0C2","firmware_filename":"zlif104hs10_bs0c2_um","fk_bin_data_lib":"FKDataHS101","fp_data_ver":128,"supported_enroll_data":["PASSWORD","IDCARD","FP","FACE"]}
2020-01-09 09:28:21,956 [28] INFO SiteLogger [(null)] - UpdateFKDeviceStatus -- 1
2020-01-09 09:28:21,970 [28] INFO SiteLogger [(null)] - UpdateFKDeviceStatus -- 2
2020-01-09 09:28:21,972 [28] INFO SiteLogger [(null)] - ReceiveCmd -- 4
2020-01-09 09:28:21,983 [28] INFO SiteLogger [(null)] - ReceiveCmd -- 5
2020-01-09 09:28:21,984 [28] INFO SiteLogger [(null)] - ReceiveCmd -- 5 - no cmd
2020-01-09 09:28:21,984 [28] INFO SiteLogger [(null)] - ReceiveCmd -- 11
2020-01-09 09:28:21,984 [28] INFO SiteLogger [(null)] - Page_Load - receive_cmd -- 4
2020-01-09 09:28:21,985 [28] INFO SiteLogger [(null)] - Page_Load - receive_cmd -- 5
2020-01-09 09:28:25,017 [31] INFO SiteLogger [(null)] - Contructor -- 0 - Conn:server=120.24.222.15;uid=sa;pwd=123456@hysoon;database=StandAttDB;Min Pool Size=0;Max Pool Size=512;Pooling=true;
2020-01-09 09:28:25,017 [31] INFO SiteLogger [(null)] - Page_Load -- **************** sRequestCode = receive_cmd dev_id=DC68B057639F7F37 trans_id=ReceiveCommandAction content_length=278
2020-01-09 09:28:25,017 [31] INFO SiteLogger [(null)] - Page_Load -- 1 - request_code : receive_cmd ,trans_id : ReceiveCommandAction
2020-01-09 09:28:25,017 [31] INFO SiteLogger [(null)] - Page_Load -- 3.4 - blk_no=0, blk_len=278
2020-01-09 09:28:25,017 [31] INFO SiteLogger [(null)] - Page_Load - receive_cmd -- 2
2020-01-09 09:28:25,017 [31] INFO SiteLogger [(null)] - Page_Load - receive_cmd -- 3 - DevName=fk_deviceLE, DevTime=20200109054807, DevInfo={"face_data_ver":528,"firmware":"ZLIF104HS10 V2.77 BS0C2","firmware_filename":"zlif104hs10_bs0c2_um","fk_bin_data_lib":"FKDataHS101","fp_data_ver":128,"supported_enroll_data":["PASSWORD","IDCARD","FP","FACE"]}
2020-01-09 09:28:25,017 [31] INFO SiteLogger [(null)] - ReceiveCmd -- 0 - Start
2020-01-09 09:28:25,017 [31] INFO SiteLogger [(null)] - ReceiveCmd -- 1 - Db connected
2020-01-09 09:28:25,017 [31] INFO SiteLogger [(null)] - ReceiveCmd -- 2
2020-01-09 09:28:25,017 [31] INFO SiteLogger [(null)] - CheckResetCmd -- 0 - dev_id:DC68B057639F7F37
2020-01-09 09:28:25,017 [31] INFO SiteLogger [(null)] - CheckResetCmd -- 1
2020-01-09 09:28:25,032 [31] INFO SiteLogger [(null)] - CheckResetCmd -- 2 - trans_id:
2020-01-09 09:28:25,032 [31] INFO SiteLogger [(null)] - CheckResetCmd -- 3
2020-01-09 09:28:25,032 [31] INFO SiteLogger [(null)] - ReceiveCmd -- 3
2020-01-09 09:28:25,032 [31] INFO SiteLogger [(null)] - UpdateFKDeviceStatus -- 0 - DevTime:20200109054807, DevId:DC68B057639F7F37, DevName:fk_deviceLE, DevInfo:{"face_data_ver":528,"firmware":"ZLIF104HS10 V2.77 BS0C2","firmware_filename":"zlif104hs10_bs0c2_um","fk_bin_data_lib":"FKDataHS101","fp_data_ver":128,"supported_enroll_data":["PASSWORD","IDCARD","FP","FACE"]}
2020-01-09 09:28:25,032 [31] INFO SiteLogger [(null)] - UpdateFKDeviceStatus -- 1
2020-01-09 09:28:25,048 [31] INFO SiteLogger [(null)] - UpdateFKDeviceStatus -- 2
2020-01-09 09:28:25,048 [31] INFO SiteLogger [(null)] - ReceiveCmd -- 4
2020-01-09 09:28:25,064 [31] INFO SiteLogger [(null)] - ReceiveCmd -- 5
2020-01-09 09:28:25,064 [31] INFO SiteLogger [(null)] - ReceiveCmd -- 6 - trans_id:724cmd_code:CLEAR_MANAGER
2020-01-09 09:28:25,064 [31] INFO SiteLogger [(null)] - ReceiveCmd -- 11
2020-01-09 09:28:25,064 [31] INFO SiteLogger [(null)] - Page_Load - receive_cmd -- 4
2020-01-09 09:28:25,064 [31] INFO SiteLogger [(null)] - Page_Load - receive_cmd -- 5
2020-01-09 09:28:25,064 [41] INFO SiteLogger [(null)] - Contructor -- 0 - Conn:server=120.24.222.15;uid=sa;pwd=123456@hysoon;database=StandAttDB;Min Pool Size=0;Max Pool Size=512;Pooling=true;
2020-01-09 09:28:25,079 [41] INFO SiteLogger [(null)] - Page_Load -- **************** sRequestCode = send_cmd_result dev_id=DC68B057639F7F37 trans_id=724 content_length=0
2020-01-09 09:28:25,081 [41] INFO SiteLogger [(null)] - Page_Load -- 1 - request_code : send_cmd_result ,trans_id : 724
2020-01-09 09:28:25,082 [41] INFO SiteLogger [(null)] - Page_Load -- 3.4 - blk_no=0, blk_len=0
2020-01-09 09:28:25,083 [41] INFO SiteLogger [(null)] - Page_Load - send_cmd_result -- 1
2020-01-09 09:28:25,084 [41] INFO SiteLogger [(null)] - Page_Load - send_cmd_result -- 2 - trans_id:724
2020-01-09 09:28:25,086 [41] INFO SiteLogger [(null)] - CheckResetCmd -- 0 - dev_id:DC68B057639F7F37
2020-01-09 09:28:25,087 [41] INFO SiteLogger [(null)] - CheckResetCmd -- 1
2020-01-09 09:28:25,098 [41] INFO SiteLogger [(null)] - CheckResetCmd -- 2 - trans_id:
2020-01-09 09:28:25,099 [41] INFO SiteLogger [(null)] - CheckResetCmd -- 3
2020-01-09 09:28:25,101 [41] INFO SiteLogger [(null)] - IsCancelledCmd -- 0 - dev_id:DC68B057639F7F37trans_id:724
2020-01-09 09:28:25,102 [41] INFO SiteLogger [(null)] - IsCancelledCmd -- 1
2020-01-09 09:28:25,103 [41] INFO SiteLogger [(null)] - IsCancelledCmd -- 1.1
2020-01-09 09:28:25,107 [41] INFO SiteLogger [(null)] - IsCancelledCmd -- 2 - status:
2020-01-09 09:28:25,107 [41] INFO SiteLogger [(null)] - IsCancelledCmd -- 3
2020-01-09 09:28:25,107 [41] INFO SiteLogger [(null)] - Page_Load - send_cmd_result -- 3
2020-01-09 09:28:25,107 [41] INFO SiteLogger [(null)] - SetCmdResult -- 0 - trans_id:724, dev_id:DC68B057639F7F37
2020-01-09 09:28:25,107 [41] INFO SiteLogger [(null)] - SetCmdResult -- 1
2020-01-09 09:28:25,107 [41] INFO SiteLogger [(null)] - SetCmdResult -- 2
2020-01-09 09:28:25,107 [41] INFO SiteLogger [(null)] - SaveCmdResultLogData -- 1
2020-01-09 09:28:25,123 [41] INFO SiteLogger [(null)] - SaveCmdResultLogData -- 2
2020-01-09 09:28:25,123 [41] INFO SiteLogger [(null)] - SaveCmdResultSLogData -- 1
2020-01-09 09:28:25,123 [41] INFO SiteLogger [(null)] - SaveCmdResultSLogData -- 2
2020-01-09 09:28:25,138 [41] INFO SiteLogger [(null)] - SaveUserIdList -- 1
2020-01-09 09:28:25,138 [41] INFO SiteLogger [(null)] - SaveUserIdList -- 2 astrans_id = 724
2020-01-09 09:28:25,154 [41] INFO SiteLogger [(null)] - SaveUserIdList -- 2-1 astrans_id = 724
2020-01-09 09:28:25,154 [41] INFO SiteLogger [(null)] - GetDeviceStatus -- 1
2020-01-09 09:28:25,154 [41] INFO SiteLogger [(null)] - GetDeviceStatus -- 2
2020-01-09 09:28:25,183 [41] INFO SiteLogger [(null)] - SetCmdResult -- 3
2020-01-09 09:28:25,184 [41] INFO SiteLogger [(null)] - Page_Load - send_cmd_result -- 4
2020-01-09 09:28:25,186 [41] INFO SiteLogger [(null)] - Page_Load - send_cmd_result -- 5
2020-01-09 09:28:25,489 [22] INFO SiteLogger [(null)] - Contructor -- 0 - Conn:server=120.24.222.15;uid=sa;pwd=123456@hysoon;database=StandAttDB;Min Pool Size=0;Max Pool Size=512;Pooling=true;
2020-01-09 09:28:25,489 [22] INFO SiteLogger [(null)] - Page_Load -- **************** sRequestCode = receive_cmd dev_id=DC68B057639F7F37 trans_id=ReceiveCommandAction content_length=278
2020-01-09 09:28:25,489 [22] INFO SiteLogger [(null)] - Page_Load -- 1 - request_code : receive_cmd ,trans_id : ReceiveCommandAction
2020-01-09 09:28:25,489 [22] INFO SiteLogger [(null)] - Page_Load -- 3.4 - blk_no=0, blk_len=278
2020-01-09 09:28:25,489 [22] INFO SiteLogger [(null)] - Page_Load - receive_cmd -- 2
2020-01-09 09:28:25,489 [22] INFO SiteLogger [(null)] - Page_Load - receive_cmd -- 3 - DevName=fk_deviceLE, DevTime=20200109054807, DevInfo={"face_data_ver":528,"firmware":"ZLIF104HS10 V2.77 BS0C2","firmware_filename":"zlif104hs10_bs0c2_um","fk_bin_data_lib":"FKDataHS101","fp_data_ver":128,"supported_enroll_data":["PASSWORD","IDCARD","FP","FACE"]}
2020-01-09 09:28:25,489 [22] INFO SiteLogger [(null)] - ReceiveCmd -- 0 - Start
2020-01-09 09:28:25,489 [22] INFO SiteLogger [(null)] - ReceiveCmd -- 1 - Db connected
2020-01-09 09:28:25,489 [22] INFO SiteLogger [(null)] - ReceiveCmd -- 2
2020-01-09 09:28:25,489 [22] INFO SiteLogger [(null)] - CheckResetCmd -- 0 - dev_id:DC68B057639F7F37
2020-01-09 09:28:25,489 [22] INFO SiteLogger [(null)] - CheckResetCmd -- 1
2020-01-09 09:28:25,505 [22] INFO SiteLogger [(null)] - CheckResetCmd -- 2 - trans_id:
2020-01-09 09:28:25,505 [22] INFO SiteLogger [(null)] - CheckResetCmd -- 3
2020-01-09 09:28:25,505 [22] INFO SiteLogger [(null)] - ReceiveCmd -- 3
2020-01-09 09:28:25,505 [22] INFO SiteLogger [(null)] - UpdateFKDeviceStatus -- 0 - DevTime:20200109054807, DevId:DC68B057639F7F37, DevName:fk_deviceLE, DevInfo:{"face_data_ver":528,"firmware":"ZLIF104HS10 V2.77 BS0C2","firmware_filename":"zlif104hs10_bs0c2_um","fk_bin_data_lib":"FKDataHS101","fp_data_ver":128,"supported_enroll_data":["PASSWORD","IDCARD","FP","FACE"]}
2020-01-09 09:28:25,505 [22] INFO SiteLogger [(null)] - UpdateFKDeviceStatus -- 1
2020-01-09 09:28:25,521 [22] INFO SiteLogger [(null)] - UpdateFKDeviceStatus -- 2
2020-01-09 09:28:25,521 [22] INFO SiteLogger [(null)] - ReceiveCmd -- 4
2020-01-09 09:28:25,521 [22] INFO SiteLogger [(null)] - ReceiveCmd -- 5
2020-01-09 09:28:25,537 [22] INFO SiteLogger [(null)] - ReceiveCmd -- 5 - no cmd
2020-01-09 09:28:25,538 [22] INFO SiteLogger [(null)] - ReceiveCmd -- 11
2020-01-09 09:28:25,539 [22] INFO SiteLogger [(null)] - Page_Load - receive_cmd -- 4
2020-01-09 09:28:25,541 [22] INFO SiteLogger [(null)] - Page_Load - receive_cmd -- 5
2020-01-09 09:28:27,960 [31] INFO SiteLogger [(null)] - Contructor -- 0 - Conn:server=120.24.222.15;uid=sa;pwd=123456@hysoon;database=StandAttDB;Min Pool Size=0;Max Pool Size=512;Pooling=true;
2020-01-09 09:28:27,961 [31] INFO SiteLogger [(null)] - Page_Load -- **************** sRequestCode = receive_cmd dev_id=DC68B057639F7F37 trans_id=ReceiveCommandAction content_length=278
2020-01-09 09:28:27,961 [31] INFO SiteLogger [(null)] - Page_Load -- 1 - request_code : receive_cmd ,trans_id : ReceiveCommandAction
2020-01-09 09:28:27,962 [31] INFO SiteLogger [(null)] - Page_Load -- 3.4 - blk_no=0, blk_len=278
2020-01-09 09:28:27,962 [31] INFO SiteLogger [(null)] - Page_Load - receive_cmd -- 2
2020-01-09 09:28:27,962 [31] INFO SiteLogger [(null)] - Page_Load - receive_cmd -- 3 - DevName=fk_deviceLE, DevTime=20200109054810, DevInfo={"face_data_ver":528,"firmware":"ZLIF104HS10 V2.77 BS0C2","firmware_filename":"zlif104hs10_bs0c2_um","fk_bin_data_lib":"FKDataHS101","fp_data_ver":128,"supported_enroll_data":["PASSWORD","IDCARD","FP","FACE"]}
2020-01-09 09:28:27,963 [31] INFO SiteLogger [(null)] - ReceiveCmd -- 0 - Start
2020-01-09 09:28:27,963 [31] INFO SiteLogger [(null)] - ReceiveCmd -- 1 - Db connected
2020-01-09 09:28:27,963 [31] INFO SiteLogger [(null)] - ReceiveCmd -- 2
2020-01-09 09:28:27,963 [31] INFO SiteLogger [(null)] - CheckResetCmd -- 0 - dev_id:DC68B057639F7F37
2020-01-09 09:28:27,964 [31] INFO SiteLogger [(null)] - CheckResetCmd -- 1
2020-01-09 09:28:27,973 [31] INFO SiteLogger [(null)] - CheckResetCmd -- 2 - trans_id:
2020-01-09 09:28:27,974 [31] INFO SiteLogger [(null)] - CheckResetCmd -- 3
2020-01-09 09:28:27,974 [31] INFO SiteLogger [(null)] - ReceiveCmd -- 3
2020-01-09 09:28:27,975 [31] INFO SiteLogger [(null)] - UpdateFKDeviceStatus -- 0 - DevTime:20200109054810, DevId:DC68B057639F7F37, DevName:fk_deviceLE, DevInfo:{"face_data_ver":528,"firmware":"ZLIF104HS10 V2.77 BS0C2","firmware_filename":"zlif104hs10_bs0c2_um","fk_bin_data_lib":"FKDataHS101","fp_data_ver":128,"supported_enroll_data":["PASSWORD","IDCARD","FP","FACE"]}
2020-01-09 09:28:27,975 [31] INFO SiteLogger [(null)] - UpdateFKDeviceStatus -- 1
2020-01-09 09:28:27,988 [31] INFO SiteLogger [(null)] - UpdateFKDeviceStatus -- 2
2020-01-09 09:28:27,988 [31] INFO SiteLogger [(null)] - ReceiveCmd -- 4
2020-01-09 09:28:27,997 [31] INFO SiteLogger [(null)] - ReceiveCmd -- 5
2020-01-09 09:28:27,997 [31] INFO SiteLogger [(null)] - ReceiveCmd -- 6 - trans_id:725cmd_code:CLEAR_MANAGER
2020-01-09 09:28:27,997 [31] INFO SiteLogger [(null)] - ReceiveCmd -- 11
2020-01-09 09:28:27,997 [31] INFO SiteLogger [(null)] - Page_Load - receive_cmd -- 4
2020-01-09 09:28:27,997 [31] INFO SiteLogger [(null)] - Page_Load - receive_cmd -- 5
2020-01-09 09:28:28,013 [41] INFO SiteLogger [(null)] - Contructor -- 0 - Conn:server=120.24.222.15;uid=sa;pwd=123456@hysoon;database=StandAttDB;Min Pool Size=0;Max Pool Size=512;Pooling=true;
2020-01-09 09:28:28,013 [41] INFO SiteLogger [(null)] - Page_Load -- **************** sRequestCode = send_cmd_result dev_id=DC68B057639F7F37 trans_id=725 content_length=0
2020-01-09 09:28:28,013 [41] INFO SiteLogger [(null)] - Page_Load -- 1 - request_code : send_cmd_result ,trans_id : 725
2020-01-09 09:28:28,028 [41] INFO SiteLogger [(null)] - Page_Load -- 3.4 - blk_no=0, blk_len=0
2020-01-09 09:28:28,028 [41] INFO SiteLogger [(null)] - Page_Load - send_cmd_result -- 1
2020-01-09 09:28:28,028 [41] INFO SiteLogger [(null)] - Page_Load - send_cmd_result -- 2 - trans_id:725
2020-01-09 09:28:28,028 [41] INFO SiteLogger [(null)] - CheckResetCmd -- 0 - dev_id:DC68B057639F7F37
2020-01-09 09:28:28,028 [41] INFO SiteLogger [(null)] - CheckResetCmd -- 1
2020-01-09 09:28:28,044 [41] INFO SiteLogger [(null)] - CheckResetCmd -- 2 - trans_id:
2020-01-09 09:28:28,045 [41] INFO SiteLogger [(null)] - CheckResetCmd -- 3
2020-01-09 09:28:28,046 [41] INFO SiteLogger [(null)] - IsCancelledCmd -- 0 - dev_id:DC68B057639F7F37trans_id:725
2020-01-09 09:28:28,047 [41] INFO SiteLogger [(null)] - IsCancelledCmd -- 1
2020-01-09 09:28:28,048 [41] INFO SiteLogger [(null)] - IsCancelledCmd -- 1.1
2020-01-09 09:28:28,059 [41] INFO SiteLogger [(null)] - IsCancelledCmd -- 2 - status:
2020-01-09 09:28:28,060 [41] INFO SiteLogger [(null)] - IsCancelledCmd -- 3
2020-01-09 09:28:28,061 [41] INFO SiteLogger [(null)] - Page_Load - send_cmd_result -- 3
2020-01-09 09:28:28,062 [41] INFO SiteLogger [(null)] - SetCmdResult -- 0 - trans_id:725, dev_id:DC68B057639F7F37
2020-01-09 09:28:28,063 [41] INFO SiteLogger [(null)] - SetCmdResult -- 1
2020-01-09 09:28:28,064 [41] INFO SiteLogger [(null)] - SetCmdResult -- 2
2020-01-09 09:28:28,065 [41] INFO SiteLogger [(null)] - SaveCmdResultLogData -- 1
2020-01-09 09:28:28,066 [41] INFO SiteLogger [(null)] - SaveCmdResultLogData -- 2
2020-01-09 09:28:28,077 [41] INFO SiteLogger [(null)] - SaveCmdResultSLogData -- 1
2020-01-09 09:28:28,078 [41] INFO SiteLogger [(null)] - SaveCmdResultSLogData -- 2
2020-01-09 09:28:28,089 [41] INFO SiteLogger [(null)] - SaveUserIdList -- 1
2020-01-09 09:28:28,090 [41] INFO SiteLogger [(null)] - SaveUserIdList -- 2 astrans_id = 725
2020-01-09 09:28:28,097 [41] INFO SiteLogger [(null)] - SaveUserIdList -- 2-1 astrans_id = 725
2020-01-09 09:28:28,097 [41] INFO SiteLogger [(null)] - GetDeviceStatus -- 1
2020-01-09 09:28:28,097 [41] INFO SiteLogger [(null)] - GetDeviceStatus -- 2
2020-01-09 09:28:28,113 [41] INFO SiteLogger [(null)] - SetCmdResult -- 3
2020-01-09 09:28:28,113 [41] INFO SiteLogger [(null)] - Page_Load - send_cmd_result -- 4
2020-01-09 09:28:28,113 [41] INFO SiteLogger [(null)] - Page_Load - send_cmd_result -- 5
2020-01-09 09:28:28,435 [22] INFO SiteLogger [(null)] - Contructor -- 0 - Conn:server=120.24.222.15;uid=sa;pwd=123456@hysoon;database=StandAttDB;Min Pool Size=0;Max Pool Size=512;Pooling=true;
2020-01-09 09:28:28,436 [22] INFO SiteLogger [(null)] - Page_Load -- **************** sRequestCode = receive_cmd dev_id=DC68B057639F7F37 trans_id=ReceiveCommandAction content_length=278
2020-01-09 09:28:28,438 [22] INFO SiteLogger [(null)] - Page_Load -- 1 - request_code : receive_cmd ,trans_id : ReceiveCommandAction
2020-01-09 09:28:28,439 [22] INFO SiteLogger [(null)] - Page_Load -- 3.4 - blk_no=0, blk_len=278
2020-01-09 09:28:28,440 [22] INFO SiteLogger [(null)] - Page_Load - receive_cmd -- 2
2020-01-09 09:28:28,442 [22] INFO SiteLogger [(null)] - Page_Load - receive_cmd -- 3 - DevName=fk_deviceLE, DevTime=20200109054810, DevInfo={"face_data_ver":528,"firmware":"ZLIF104HS10 V2.77 BS0C2","firmware_filename":"zlif104hs10_bs0c2_um","fk_bin_data_lib":"FKDataHS101","fp_data_ver":128,"supported_enroll_data":["PASSWORD","IDCARD","FP","FACE"]}
2020-01-09 09:28:28,443 [22] INFO SiteLogger [(null)] - ReceiveCmd -- 0 - Start
2020-01-09 09:28:28,485 [22] INFO SiteLogger [(null)] - ReceiveCmd -- 1 - Db connected
2020-01-09 09:28:28,486 [22] INFO SiteLogger [(null)] - ReceiveCmd -- 2
2020-01-09 09:28:28,488 [22] INFO SiteLogger [(null)] - CheckResetCmd -- 0 - dev_id:DC68B057639F7F37
2020-01-09 09:28:28,489 [22] INFO SiteLogger [(null)] - CheckResetCmd -- 1
2020-01-09 09:28:28,492 [22] INFO SiteLogger [(null)] - CheckResetCmd -- 2 - trans_id:
2020-01-09 09:28:28,492 [22] INFO SiteLogger [(null)] - CheckResetCmd -- 3
2020-01-09 09:28:28,492 [22] INFO SiteLogger [(null)] - ReceiveCmd -- 3
2020-01-09 09:28:28,492 [22] INFO SiteLogger [(null)] - UpdateFKDeviceStatus -- 0 - DevTime:20200109054810, DevId:DC68B057639F7F37, DevName:fk_deviceLE, DevInfo:{"face_data_ver":528,"firmware":"ZLIF104HS10 V2.77 BS0C2","firmware_filename":"zlif104hs10_bs0c2_um","fk_bin_data_lib":"FKDataHS101","fp_data_ver":128,"supported_enroll_data":["PASSWORD","IDCARD","FP","FACE"]}
2020-01-09 09:28:28,492 [22] INFO SiteLogger [(null)] - UpdateFKDeviceStatus -- 1
2020-01-09 09:28:28,508 [22] INFO SiteLogger [(null)] - UpdateFKDeviceStatus -- 2
2020-01-09 09:28:28,508 [22] INFO SiteLogger [(null)] - ReceiveCmd -- 4
2020-01-09 09:28:28,524 [22] INFO SiteLogger [(null)] - ReceiveCmd -- 5
2020-01-09 09:28:28,524 [22] INFO SiteLogger [(null)] - ReceiveCmd -- 5 - no cmd
2020-01-09 09:28:28,524 [22] INFO SiteLogger [(null)] - ReceiveCmd -- 11
2020-01-09 09:28:28,524 [22] INFO SiteLogger [(null)] - Page_Load - receive_cmd -- 4
2020-01-09 09:28:28,524 [22] INFO SiteLogger [(null)] - Page_Load - receive_cmd -- 5
2020-01-09 09:28:30,955 [40] INFO SiteLogger [(null)] - Contructor -- 0 - Conn:server=120.24.222.15;uid=sa;pwd=123456@hysoon;database=StandAttDB;Min Pool Size=0;Max Pool Size=512;Pooling=true;
2020-01-09 09:28:30,955 [40] INFO SiteLogger [(null)] - Page_Load -- **************** sRequestCode = receive_cmd dev_id=DC68B057639F7F37 trans_id=ReceiveCommandAction content_length=278
2020-01-09 09:28:30,955 [40] INFO SiteLogger [(null)] - Page_Load -- 1 - request_code : receive_cmd ,trans_id : ReceiveCommandAction
2020-01-09 09:28:30,955 [40] INFO SiteLogger [(null)] - Page_Load -- 3.4 - blk_no=0, blk_len=278
2020-01-09 09:28:30,955 [40] INFO SiteLogger [(null)] - Page_Load - receive_cmd -- 2
2020-01-09 09:28:30,955 [40] INFO SiteLogger [(null)] - Page_Load - receive_cmd -- 3 - DevName=fk_deviceLE, DevTime=20200109054813, DevInfo={"face_data_ver":528,"firmware":"ZLIF104HS10 V2.77 BS0C2","firmware_filename":"zlif104hs10_bs0c2_um","fk_bin_data_lib":"FKDataHS101","fp_data_ver":128,"supported_enroll_data":["PASSWORD","IDCARD","FP","FACE"]}
2020-01-09 09:28:30,955 [40] INFO SiteLogger [(null)] - ReceiveCmd -- 0 - Start
2020-01-09 09:28:30,955 [40] INFO SiteLogger [(null)] - ReceiveCmd -- 1 - Db connected
2020-01-09 09:28:30,971 [40] INFO SiteLogger [(null)] - ReceiveCmd -- 2
2020-01-09 09:28:30,971 [40] INFO SiteLogger [(null)] - CheckResetCmd -- 0 - dev_id:DC68B057639F7F37
2020-01-09 09:28:30,971 [40] INFO SiteLogger [(null)] - CheckResetCmd -- 1
2020-01-09 09:28:30,989 [40] INFO SiteLogger [(null)] - CheckResetCmd -- 2 - trans_id:
2020-01-09 09:28:30,990 [40] INFO SiteLogger [(null)] - CheckResetCmd -- 3
2020-01-09 09:28:30,990 [40] INFO SiteLogger [(null)] - ReceiveCmd -- 3
2020-01-09 09:28:30,991 [40] INFO SiteLogger [(null)] - UpdateFKDeviceStatus -- 0 - DevTime:20200109054813, DevId:DC68B057639F7F37, DevName:fk_deviceLE, DevInfo:{"face_data_ver":528,"firmware":"ZLIF104HS10 V2.77 BS0C2","firmware_filename":"zlif104hs10_bs0c2_um","fk_bin_data_lib":"FKDataHS101","fp_data_ver":128,"supported_enroll_data":["PASSWORD","IDCARD","FP","FACE"]}
2020-01-09 09:28:30,991 [40] INFO SiteLogger [(null)] - UpdateFKDeviceStatus -- 1
2020-01-09 09:28:31,002 [40] INFO SiteLogger [(null)] - UpdateFKDeviceStatus -- 2
2020-01-09 09:28:31,002 [40] INFO SiteLogger [(null)] - ReceiveCmd -- 4
2020-01-09 09:28:31,013 [40] INFO SiteLogger [(null)] - ReceiveCmd -- 5
2020-01-09 09:28:31,013 [40] INFO SiteLogger [(null)] - ReceiveCmd -- 5 - no cmd
2020-01-09 09:28:31,014 [40] INFO SiteLogger [(null)] - ReceiveCmd -- 11
2020-01-09 09:28:31,014 [40] INFO SiteLogger [(null)] - Page_Load - receive_cmd -- 4
2020-01-09 09:28:31,015 [40] INFO SiteLogger [(null)] - Page_Load - receive_cmd -- 5
2020-01-09 09:28:34,038 [21] INFO SiteLogger [(null)] - Contructor -- 0 - Conn:server=120.24.222.15;uid=sa;pwd=123456@hysoon;database=StandAttDB;Min Pool Size=0;Max Pool Size=512;Pooling=true;
2020-01-09 09:28:34,038 [21] INFO SiteLogger [(null)] - Page_Load -- **************** sRequestCode = receive_cmd dev_id=DC68B057639F7F37 trans_id=ReceiveCommandAction content_length=278
2020-01-09 09:28:34,038 [21] INFO SiteLogger [(null)] - Page_Load -- 1 - request_code : receive_cmd ,trans_id : ReceiveCommandAction
2020-01-09 09:28:34,038 [21] INFO SiteLogger [(null)] - Page_Load -- 3.4 - blk_no=0, blk_len=278
2020-01-09 09:28:34,038 [21] INFO SiteLogger [(null)] - Page_Load - receive_cmd -- 2
2020-01-09 09:28:34,038 [21] INFO SiteLogger [(null)] - Page_Load - receive_cmd -- 3 - DevName=fk_deviceLE, DevTime=20200109054816, DevInfo={"face_data_ver":528,"firmware":"ZLIF104HS10 V2.77 BS0C2","firmware_filename":"zlif104hs10_bs0c2_um","fk_bin_data_lib":"FKDataHS101","fp_data_ver":128,"supported_enroll_data":["PASSWORD","IDCARD","FP","FACE"]}
2020-01-09 09:28:34,038 [21] INFO SiteLogger [(null)] - ReceiveCmd -- 0 - Start
2020-01-09 09:28:34,038 [21] INFO SiteLogger [(null)] - ReceiveCmd -- 1 - Db connected
2020-01-09 09:28:34,038 [21] INFO SiteLogger [(null)] - ReceiveCmd -- 2
2020-01-09 09:28:34,038 [21] INFO SiteLogger [(null)] - CheckResetCmd -- 0 - dev_id:DC68B057639F7F37
2020-01-09 09:28:34,038 [21] INFO SiteLogger [(null)] - CheckResetCmd -- 1
2020-01-09 09:28:34,054 [21] INFO SiteLogger [(null)] - CheckResetCmd -- 2 - trans_id:
2020-01-09 09:28:34,054 [21] INFO SiteLogger [(null)] - CheckResetCmd -- 3
2020-01-09 09:28:34,054 [21] INFO SiteLogger [(null)] - ReceiveCmd -- 3
2020-01-09 09:28:34,054 [21] INFO SiteLogger [(null)] - UpdateFKDeviceStatus -- 0 - DevTime:20200109054816, DevId:DC68B057639F7F37, DevName:fk_deviceLE, DevInfo:{"face_data_ver":528,"firmware":"ZLIF104HS10 V2.77 BS0C2","firmware_filename":"zlif104hs10_bs0c2_um","fk_bin_data_lib":"FKDataHS101","fp_data_ver":128,"supported_enroll_data":["PASSWORD","IDCARD","FP","FACE"]}
2020-01-09 09:28:34,054 [21] INFO SiteLogger [(null)] - UpdateFKDeviceStatus -- 1
2020-01-09 09:28:34,073 [21] INFO SiteLogger [(null)] - UpdateFKDeviceStatus -- 2
2020-01-09 09:28:34,074 [21] INFO SiteLogger [(null)] - ReceiveCmd -- 4
2020-01-09 09:28:34,086 [21] INFO SiteLogger [(null)] - ReceiveCmd -- 5
2020-01-09 09:28:34,087 [21] INFO SiteLogger [(null)] - ReceiveCmd -- 6 - trans_id:726cmd_code:CLEAR_ENROLL_DATA
2020-01-09 09:28:34,087 [21] INFO SiteLogger [(null)] - ReceiveCmd -- 11
2020-01-09 09:28:34,088 [21] INFO SiteLogger [(null)] - Page_Load - receive_cmd -- 4
2020-01-09 09:28:34,089 [21] INFO SiteLogger [(null)] - Page_Load - receive_cmd -- 5
2020-01-09 09:28:34,484 [45] INFO SiteLogger [(null)] - Contructor -- 0 - Conn:server=120.24.222.15;uid=sa;pwd=123456@hysoon;database=StandAttDB;Min Pool Size=0;Max Pool Size=512;Pooling=true;
2020-01-09 09:28:34,485 [45] INFO SiteLogger [(null)] - Page_Load -- **************** sRequestCode = send_cmd_result dev_id=DC68B057639F7F37 trans_id=726 content_length=0
2020-01-09 09:28:34,486 [45] INFO SiteLogger [(null)] - Page_Load -- 1 - request_code : send_cmd_result ,trans_id : 726
2020-01-09 09:28:34,486 [45] INFO SiteLogger [(null)] - Page_Load -- 3.4 - blk_no=0, blk_len=0
2020-01-09 09:28:34,487 [45] INFO SiteLogger [(null)] - Page_Load - send_cmd_result -- 1
2020-01-09 09:28:34,487 [45] INFO SiteLogger [(null)] - Page_Load - send_cmd_result -- 2 - trans_id:726
2020-01-09 09:28:34,488 [45] INFO SiteLogger [(null)] - CheckResetCmd -- 0 - dev_id:DC68B057639F7F37
2020-01-09 09:28:34,488 [45] INFO SiteLogger [(null)] - CheckResetCmd -- 1
2020-01-09 09:28:34,498 [45] INFO SiteLogger [(null)] - CheckResetCmd -- 2 - trans_id:
2020-01-09 09:28:34,499 [45] INFO SiteLogger [(null)] - CheckResetCmd -- 3
2020-01-09 09:28:34,500 [45] INFO SiteLogger [(null)] - IsCancelledCmd -- 0 - dev_id:DC68B057639F7F37trans_id:726
2020-01-09 09:28:34,501 [45] INFO SiteLogger [(null)] - IsCancelledCmd -- 1
2020-01-09 09:28:34,501 [45] INFO SiteLogger [(null)] - IsCancelledCmd -- 1.1
2020-01-09 09:28:34,512 [45] INFO SiteLogger [(null)] - IsCancelledCmd -- 2 - status:
2020-01-09 09:28:34,513 [45] INFO SiteLogger [(null)] - IsCancelledCmd -- 3
2020-01-09 09:28:34,513 [45] INFO SiteLogger [(null)] - Page_Load - send_cmd_result -- 3
2020-01-09 09:28:34,514 [45] INFO SiteLogger [(null)] - SetCmdResult -- 0 - trans_id:726, dev_id:DC68B057639F7F37
2020-01-09 09:28:34,515 [45] INFO SiteLogger [(null)] - SetCmdResult -- 1
2020-01-09 09:28:34,516 [45] INFO SiteLogger [(null)] - SetCmdResult -- 2
2020-01-09 09:28:34,516 [45] INFO SiteLogger [(null)] - SaveCmdResultLogData -- 1
2020-01-09 09:28:34,517 [45] INFO SiteLogger [(null)] - SaveCmdResultLogData -- 2
2020-01-09 09:28:34,528 [45] INFO SiteLogger [(null)] - SaveCmdResultSLogData -- 1
2020-01-09 09:28:34,528 [45] INFO SiteLogger [(null)] - SaveCmdResultSLogData -- 2
2020-01-09 09:28:34,528 [45] INFO SiteLogger [(null)] - SaveUserIdList -- 1
2020-01-09 09:28:34,528 [45] INFO SiteLogger [(null)] - SaveUserIdList -- 2 astrans_id = 726
2020-01-09 09:28:34,544 [45] INFO SiteLogger [(null)] - SaveUserIdList -- 2-1 astrans_id = 726
2020-01-09 09:28:34,544 [45] INFO SiteLogger [(null)] - GetDeviceStatus -- 1
2020-01-09 09:28:34,544 [45] INFO SiteLogger [(null)] - GetDeviceStatus -- 2
2020-01-09 09:28:34,575 [45] INFO SiteLogger [(null)] - SetCmdResult -- 3
2020-01-09 09:28:34,576 [45] INFO SiteLogger [(null)] - Page_Load - send_cmd_result -- 4
2020-01-09 09:28:34,577 [45] INFO SiteLogger [(null)] - Page_Load - send_cmd_result -- 5
2020-01-09 09:28:34,884 [28] INFO SiteLogger [(null)] - Contructor -- 0 - Conn:server=120.24.222.15;uid=sa;pwd=123456@hysoon;database=StandAttDB;Min Pool Size=0;Max Pool Size=512;Pooling=true;
2020-01-09 09:28:34,885 [28] INFO SiteLogger [(null)] - Page_Load -- **************** sRequestCode = receive_cmd dev_id=DC68B057639F7F37 trans_id=ReceiveCommandAction content_length=278
2020-01-09 09:28:34,885 [28] INFO SiteLogger [(null)] - Page_Load -- 1 - request_code : receive_cmd ,trans_id : ReceiveCommandAction
2020-01-09 09:28:34,886 [28] INFO SiteLogger [(null)] - Page_Load -- 3.4 - blk_no=0, blk_len=278
2020-01-09 09:28:34,886 [28] INFO SiteLogger [(null)] - Page_Load - receive_cmd -- 2
2020-01-09 09:28:34,886 [28] INFO SiteLogger [(null)] - Page_Load - receive_cmd -- 3 - DevName=fk_deviceLE, DevTime=20200109054817, DevInfo={"face_data_ver":528,"firmware":"ZLIF104HS10 V2.77 BS0C2","firmware_filename":"zlif104hs10_bs0c2_um","fk_bin_data_lib":"FKDataHS101","fp_data_ver":128,"supported_enroll_data":["PASSWORD","IDCARD","FP","FACE"]}
2020-01-09 09:28:34,886 [28] INFO SiteLogger [(null)] - ReceiveCmd -- 0 - Start
2020-01-09 09:28:34,887 [28] INFO SiteLogger [(null)] - ReceiveCmd -- 1 - Db connected
2020-01-09 09:28:34,887 [28] INFO SiteLogger [(null)] - ReceiveCmd -- 2
2020-01-09 09:28:34,887 [28] INFO SiteLogger [(null)] - CheckResetCmd -- 0 - dev_id:DC68B057639F7F37
2020-01-09 09:28:34,887 [28] INFO SiteLogger [(null)] - CheckResetCmd -- 1
2020-01-09 09:28:34,896 [28] INFO SiteLogger [(null)] - CheckResetCmd -- 2 - trans_id:
2020-01-09 09:28:34,896 [28] INFO SiteLogger [(null)] - CheckResetCmd -- 3
2020-01-09 09:28:34,896 [28] INFO SiteLogger [(null)] - ReceiveCmd -- 3
2020-01-09 09:28:34,896 [28] INFO SiteLogger [(null)] - UpdateFKDeviceStatus -- 0 - DevTime:20200109054817, DevId:DC68B057639F7F37, DevName:fk_deviceLE, DevInfo:{"face_data_ver":528,"firmware":"ZLIF104HS10 V2.77 BS0C2","firmware_filename":"zlif104hs10_bs0c2_um","fk_bin_data_lib":"FKDataHS101","fp_data_ver":128,"supported_enroll_data":["PASSWORD","IDCARD","FP","FACE"]}
2020-01-09 09:28:34,896 [28] INFO SiteLogger [(null)] - UpdateFKDeviceStatus -- 1
2020-01-09 09:28:34,911 [28] INFO SiteLogger [(null)] - UpdateFKDeviceStatus -- 2
2020-01-09 09:28:34,911 [28] INFO SiteLogger [(null)] - ReceiveCmd -- 4
2020-01-09 09:28:34,927 [28] INFO SiteLogger [(null)] - ReceiveCmd -- 5
2020-01-09 09:28:34,927 [28] INFO SiteLogger [(null)] - ReceiveCmd -- 6 - trans_id:727cmd_code:CLEAR_ENROLL_DATA
2020-01-09 09:28:34,927 [28] INFO SiteLogger [(null)] - ReceiveCmd -- 11
2020-01-09 09:28:34,927 [28] INFO SiteLogger [(null)] - Page_Load - receive_cmd -- 4
2020-01-09 09:28:34,927 [28] INFO SiteLogger [(null)] - Page_Load - receive_cmd -- 5
2020-01-09 09:28:35,109 [41] INFO SiteLogger [(null)] - Contructor -- 0 - Conn:server=120.24.222.15;uid=sa;pwd=123456@hysoon;database=StandAttDB;Min Pool Size=0;Max Pool Size=512;Pooling=true;
2020-01-09 09:28:35,111 [41] INFO SiteLogger [(null)] - Page_Load -- **************** sRequestCode = send_cmd_result dev_id=DC68B057639F7F37 trans_id=727 content_length=0
2020-01-09 09:28:35,112 [41] INFO SiteLogger [(null)] - Page_Load -- 1 - request_code : send_cmd_result ,trans_id : 727
2020-01-09 09:28:35,113 [41] INFO SiteLogger [(null)] - Page_Load -- 3.4 - blk_no=0, blk_len=0
2020-01-09 09:28:35,115 [41] INFO SiteLogger [(null)] - Page_Load - send_cmd_result -- 1
2020-01-09 09:28:35,116 [41] INFO SiteLogger [(null)] - Page_Load - send_cmd_result -- 2 - trans_id:727
2020-01-09 09:28:35,117 [41] INFO SiteLogger [(null)] - CheckResetCmd -- 0 - dev_id:DC68B057639F7F37
2020-01-09 09:28:35,118 [41] INFO SiteLogger [(null)] - CheckResetCmd -- 1
2020-01-09 09:28:35,130 [41] INFO SiteLogger [(null)] - CheckResetCmd -- 2 - trans_id:
2020-01-09 09:28:35,131 [41] INFO SiteLogger [(null)] - CheckResetCmd -- 3
2020-01-09 09:28:35,133 [41] INFO SiteLogger [(null)] - IsCancelledCmd -- 0 - dev_id:DC68B057639F7F37trans_id:727
2020-01-09 09:28:35,134 [41] INFO SiteLogger [(null)] - IsCancelledCmd -- 1
2020-01-09 09:28:35,135 [41] INFO SiteLogger [(null)] - IsCancelledCmd -- 1.1
2020-01-09 09:28:35,147 [41] INFO SiteLogger [(null)] - IsCancelledCmd -- 2 - status:
2020-01-09 09:28:35,148 [41] INFO SiteLogger [(null)] - IsCancelledCmd -- 3
2020-01-09 09:28:35,150 [41] INFO SiteLogger [(null)] - Page_Load - send_cmd_result -- 3
2020-01-09 09:28:35,152 [41] INFO SiteLogger [(null)] - SetCmdResult -- 0 - trans_id:727, dev_id:DC68B057639F7F37
2020-01-09 09:28:35,153 [41] INFO SiteLogger [(null)] - SetCmdResult -- 1
2020-01-09 09:28:35,155 [41] INFO SiteLogger [(null)] - SetCmdResult -- 2
2020-01-09 09:28:35,156 [41] INFO SiteLogger [(null)] - SaveCmdResultLogData -- 1
2020-01-09 09:28:35,157 [41] INFO SiteLogger [(null)] - SaveCmdResultLogData -- 2
2020-01-09 09:28:35,168 [41] INFO SiteLogger [(null)] - SaveCmdResultSLogData -- 1
2020-01-09 09:28:35,169 [41] INFO SiteLogger [(null)] - SaveCmdResultSLogData -- 2
2020-01-09 09:28:35,179 [41] INFO SiteLogger [(null)] - SaveUserIdList -- 1
2020-01-09 09:28:35,180 [41] INFO SiteLogger [(null)] - SaveUserIdList -- 2 astrans_id = 727
2020-01-09 09:28:35,190 [41] INFO SiteLogger [(null)] - SaveUserIdList -- 2-1 astrans_id = 727
2020-01-09 09:28:35,190 [41] INFO SiteLogger [(null)] - GetDeviceStatus -- 1
2020-01-09 09:28:35,191 [41] INFO SiteLogger [(null)] - GetDeviceStatus -- 2
2020-01-09 09:28:35,211 [41] INFO SiteLogger [(null)] - SetCmdResult -- 3
2020-01-09 09:28:35,211 [41] INFO SiteLogger [(null)] - Page_Load - send_cmd_result -- 4
2020-01-09 09:28:35,211 [41] INFO SiteLogger [(null)] - Page_Load - send_cmd_result -- 5
2020-01-09 09:28:35,521 [22] INFO SiteLogger [(null)] - Contructor -- 0 - Conn:server=120.24.222.15;uid=sa;pwd=123456@hysoon;database=StandAttDB;Min Pool Size=0;Max Pool Size=512;Pooling=true;
2020-01-09 09:28:35,523 [22] INFO SiteLogger [(null)] - Page_Load -- **************** sRequestCode = receive_cmd dev_id=DC68B057639F7F37 trans_id=ReceiveCommandAction content_length=278
2020-01-09 09:28:35,524 [22] INFO SiteLogger [(null)] - Page_Load -- 1 - request_code : receive_cmd ,trans_id : ReceiveCommandAction
2020-01-09 09:28:35,525 [22] INFO SiteLogger [(null)] - Page_Load -- 3.4 - blk_no=0, blk_len=278
2020-01-09 09:28:35,527 [22] INFO SiteLogger [(null)] - Page_Load - receive_cmd -- 2
2020-01-09 09:28:35,528 [22] INFO SiteLogger [(null)] - Page_Load - receive_cmd -- 3 - DevName=fk_deviceLE, DevTime=20200109054817, DevInfo={"face_data_ver":528,"firmware":"ZLIF104HS10 V2.77 BS0C2","firmware_filename":"zlif104hs10_bs0c2_um","fk_bin_data_lib":"FKDataHS101","fp_data_ver":128,"supported_enroll_data":["PASSWORD","IDCARD","FP","FACE"]}
2020-01-09 09:28:35,530 [22] INFO SiteLogger [(null)] - ReceiveCmd -- 0 - Start
2020-01-09 09:28:35,531 [22] INFO SiteLogger [(null)] - ReceiveCmd -- 1 - Db connected
2020-01-09 09:28:35,532 [22] INFO SiteLogger [(null)] - ReceiveCmd -- 2
2020-01-09 09:28:35,534 [22] INFO SiteLogger [(null)] - CheckResetCmd -- 0 - dev_id:DC68B057639F7F37
2020-01-09 09:28:35,535 [22] INFO SiteLogger [(null)] - CheckResetCmd -- 1
2020-01-09 09:28:35,547 [22] INFO SiteLogger [(null)] - CheckResetCmd -- 2 - trans_id:
2020-01-09 09:28:35,548 [22] INFO SiteLogger [(null)] - CheckResetCmd -- 3
2020-01-09 09:28:35,549 [22] INFO SiteLogger [(null)] - ReceiveCmd -- 3
2020-01-09 09:28:35,550 [22] INFO SiteLogger [(null)] - UpdateFKDeviceStatus -- 0 - DevTime:20200109054817, DevId:DC68B057639F7F37, DevName:fk_deviceLE, DevInfo:{"face_data_ver":528,"firmware":"ZLIF104HS10 V2.77 BS0C2","firmware_filename":"zlif104hs10_bs0c2_um","fk_bin_data_lib":"FKDataHS101","fp_data_ver":128,"supported_enroll_data":["PASSWORD","IDCARD","FP","FACE"]}
2020-01-09 09:28:35,551 [22] INFO SiteLogger [(null)] - UpdateFKDeviceStatus -- 1
2020-01-09 09:28:35,564 [22] INFO SiteLogger [(null)] - UpdateFKDeviceStatus -- 2
2020-01-09 09:28:35,565 [22] INFO SiteLogger [(null)] - ReceiveCmd -- 4
2020-01-09 09:28:35,578 [22] INFO SiteLogger [(null)] - ReceiveCmd -- 5
2020-01-09 09:28:35,579 [22] INFO SiteLogger [(null)] - ReceiveCmd -- 6 - trans_id:728cmd_code:CLEAR_ENROLL_DATA
2020-01-09 09:28:35,580 [22] INFO SiteLogger [(null)] - ReceiveCmd -- 11
2020-01-09 09:28:35,581 [22] INFO SiteLogger [(null)] - Page_Load - receive_cmd -- 4
2020-01-09 09:28:35,582 [22] INFO SiteLogger [(null)] - Page_Load - receive_cmd -- 5
2020-01-09 09:28:35,744 [24] INFO SiteLogger [(null)] - Contructor -- 0 - Conn:server=120.24.222.15;uid=sa;pwd=123456@hysoon;database=StandAttDB;Min Pool Size=0;Max Pool Size=512;Pooling=true;
2020-01-09 09:28:35,746 [24] INFO SiteLogger [(null)] - Page_Load -- **************** sRequestCode = send_cmd_result dev_id=DC68B057639F7F37 trans_id=728 content_length=0
2020-01-09 09:28:35,747 [24] INFO SiteLogger [(null)] - Page_Load -- 1 - request_code : send_cmd_result ,trans_id : 728
2020-01-09 09:28:35,748 [24] INFO SiteLogger [(null)] - Page_Load -- 3.4 - blk_no=0, blk_len=0
2020-01-09 09:28:35,750 [24] INFO SiteLogger [(null)] - Page_Load - send_cmd_result -- 1
2020-01-09 09:28:35,751 [24] INFO SiteLogger [(null)] - Page_Load - send_cmd_result -- 2 - trans_id:728
2020-01-09 09:28:35,752 [24] INFO SiteLogger [(null)] - CheckResetCmd -- 0 - dev_id:DC68B057639F7F37
2020-01-09 09:28:35,754 [24] INFO SiteLogger [(null)] - CheckResetCmd -- 1
2020-01-09 09:28:35,766 [24] INFO SiteLogger [(null)] - CheckResetCmd -- 2 - trans_id:
2020-01-09 09:28:35,767 [24] INFO SiteLogger [(null)] - CheckResetCmd -- 3
2020-01-09 09:28:35,768 [24] INFO SiteLogger [(null)] - IsCancelledCmd -- 0 - dev_id:DC68B057639F7F37trans_id:728
2020-01-09 09:28:35,769 [24] INFO SiteLogger [(null)] - IsCancelledCmd -- 1
2020-01-09 09:28:35,770 [24] INFO SiteLogger [(null)] - IsCancelledCmd -- 1.1
2020-01-09 09:28:35,782 [24] INFO SiteLogger [(null)] - IsCancelledCmd -- 2 - status:
2020-01-09 09:28:35,783 [24] INFO SiteLogger [(null)] - IsCancelledCmd -- 3
2020-01-09 09:28:35,784 [24] INFO SiteLogger [(null)] - Page_Load - send_cmd_result -- 3
2020-01-09 09:28:35,785 [24] INFO SiteLogger [(null)] - SetCmdResult -- 0 - trans_id:728, dev_id:DC68B057639F7F37
2020-01-09 09:28:35,786 [24] INFO SiteLogger [(null)] - SetCmdResult -- 1
2020-01-09 09:28:35,787 [24] INFO SiteLogger [(null)] - SetCmdResult -- 2
2020-01-09 09:28:35,789 [24] INFO SiteLogger [(null)] - SaveCmdResultLogData -- 1
2020-01-09 09:28:35,790 [24] INFO SiteLogger [(null)] - SaveCmdResultLogData -- 2
2020-01-09 09:28:35,801 [24] INFO SiteLogger [(null)] - SaveCmdResultSLogData -- 1
2020-01-09 09:28:35,802 [24] INFO SiteLogger [(null)] - SaveCmdResultSLogData -- 2
2020-01-09 09:28:35,815 [24] INFO SiteLogger [(null)] - SaveUserIdList -- 1
2020-01-09 09:28:35,816 [24] INFO SiteLogger [(null)] - SaveUserIdList -- 2 astrans_id = 728
2020-01-09 09:28:35,827 [24] INFO SiteLogger [(null)] - SaveUserIdList -- 2-1 astrans_id = 728
2020-01-09 09:28:35,828 [24] INFO SiteLogger [(null)] - GetDeviceStatus -- 1
2020-01-09 09:28:35,830 [24] INFO SiteLogger [(null)] - GetDeviceStatus -- 2
2020-01-09 09:28:35,853 [24] INFO SiteLogger [(null)] - SetCmdResult -- 3
2020-01-09 09:28:35,854 [24] INFO SiteLogger [(null)] - Page_Load - send_cmd_result -- 4
2020-01-09 09:28:35,855 [24] INFO SiteLogger [(null)] - Page_Load - send_cmd_result -- 5
2020-01-09 09:28:36,163 [31] INFO SiteLogger [(null)] - Contructor -- 0 - Conn:server=120.24.222.15;uid=sa;pwd=123456@hysoon;database=StandAttDB;Min Pool Size=0;Max Pool Size=512;Pooling=true;
2020-01-09 09:28:36,164 [31] INFO SiteLogger [(null)] - Page_Load -- **************** sRequestCode = receive_cmd dev_id=DC68B057639F7F37 trans_id=ReceiveCommandAction content_length=278
2020-01-09 09:28:36,165 [31] INFO SiteLogger [(null)] - Page_Load -- 1 - request_code : receive_cmd ,trans_id : ReceiveCommandAction
2020-01-09 09:28:36,166 [31] INFO SiteLogger [(null)] - Page_Load -- 3.4 - blk_no=0, blk_len=278
2020-01-09 09:28:36,166 [31] INFO SiteLogger [(null)] - Page_Load - receive_cmd -- 2
2020-01-09 09:28:36,167 [31] INFO SiteLogger [(null)] - Page_Load - receive_cmd -- 3 - DevName=fk_deviceLE, DevTime=20200109054818, DevInfo={"face_data_ver":528,"firmware":"ZLIF104HS10 V2.77 BS0C2","firmware_filename":"zlif104hs10_bs0c2_um","fk_bin_data_lib":"FKDataHS101","fp_data_ver":128,"supported_enroll_data":["PASSWORD","IDCARD","FP","FACE"]}
2020-01-09 09:28:36,168 [31] INFO SiteLogger [(null)] - ReceiveCmd -- 0 - Start
2020-01-09 09:28:36,168 [31] INFO SiteLogger [(null)] - ReceiveCmd -- 1 - Db connected
2020-01-09 09:28:36,169 [31] INFO SiteLogger [(null)] - ReceiveCmd -- 2
2020-01-09 09:28:36,169 [31] INFO SiteLogger [(null)] - CheckResetCmd -- 0 - dev_id:DC68B057639F7F37
2020-01-09 09:28:36,170 [31] INFO SiteLogger [(null)] - CheckResetCmd -- 1
2020-01-09 09:28:36,181 [31] INFO SiteLogger [(null)] - CheckResetCmd -- 2 - trans_id:
2020-01-09 09:28:36,182 [31] INFO SiteLogger [(null)] - CheckResetCmd -- 3
2020-01-09 09:28:36,182 [31] INFO SiteLogger [(null)] - ReceiveCmd -- 3
2020-01-09 09:28:36,183 [31] INFO SiteLogger [(null)] - UpdateFKDeviceStatus -- 0 - DevTime:20200109054818, DevId:DC68B057639F7F37, DevName:fk_deviceLE, DevInfo:{"face_data_ver":528,"firmware":"ZLIF104HS10 V2.77 BS0C2","firmware_filename":"zlif104hs10_bs0c2_um","fk_bin_data_lib":"FKDataHS101","fp_data_ver":128,"supported_enroll_data":["PASSWORD","IDCARD","FP","FACE"]}
2020-01-09 09:28:36,184 [31] INFO SiteLogger [(null)] - UpdateFKDeviceStatus -- 1
2020-01-09 09:28:36,195 [31] INFO SiteLogger [(null)] - UpdateFKDeviceStatus -- 2
2020-01-09 09:28:36,196 [31] INFO SiteLogger [(null)] - ReceiveCmd -- 4
2020-01-09 09:28:36,207 [31] INFO SiteLogger [(null)] - ReceiveCmd -- 5
2020-01-09 09:28:36,208 [31] INFO SiteLogger [(null)] - ReceiveCmd -- 5 - no cmd
2020-01-09 09:28:36,209 [31] INFO SiteLogger [(null)] - ReceiveCmd -- 11
2020-01-09 09:28:36,210 [31] INFO SiteLogger [(null)] - Page_Load - receive_cmd -- 4
2020-01-09 09:28:36,211 [31] INFO SiteLogger [(null)] - Page_Load - receive_cmd -- 5
2020-01-09 09:28:38,934 [28] INFO SiteLogger [(null)] - Contructor -- 0 - Conn:server=120.24.222.15;uid=sa;pwd=123456@hysoon;database=StandAttDB;Min Pool Size=0;Max Pool Size=512;Pooling=true;
2020-01-09 09:28:38,936 [28] INFO SiteLogger [(null)] - Page_Load -- **************** sRequestCode = receive_cmd dev_id=DC68B057639F7F37 trans_id=ReceiveCommandAction content_length=278
2020-01-09 09:28:38,937 [28] INFO SiteLogger [(null)] - Page_Load -- 1 - request_code : receive_cmd ,trans_id : ReceiveCommandAction
2020-01-09 09:28:38,938 [28] INFO SiteLogger [(null)] - Page_Load -- 3.4 - blk_no=0, blk_len=278
2020-01-09 09:28:38,939 [28] INFO SiteLogger [(null)] - Page_Load - receive_cmd -- 2
2020-01-09 09:28:38,939 [28] INFO SiteLogger [(null)] - Page_Load - receive_cmd -- 3 - DevName=fk_deviceLE, DevTime=20200109054821, DevInfo={"face_data_ver":528,"firmware":"ZLIF104HS10 V2.77 BS0C2","firmware_filename":"zlif104hs10_bs0c2_um","fk_bin_data_lib":"FKDataHS101","fp_data_ver":128,"supported_enroll_data":["PASSWORD","IDCARD","FP","FACE"]}
2020-01-09 09:28:38,940 [28] INFO SiteLogger [(null)] - ReceiveCmd -- 0 - Start
2020-01-09 09:28:38,940 [28] INFO SiteLogger [(null)] - ReceiveCmd -- 1 - Db connected
2020-01-09 09:28:38,940 [28] INFO SiteLogger [(null)] - ReceiveCmd -- 2
2020-01-09 09:28:38,941 [28] INFO SiteLogger [(null)] - CheckResetCmd -- 0 - dev_id:DC68B057639F7F37
2020-01-09 09:28:38,941 [28] INFO SiteLogger [(null)] - CheckResetCmd -- 1
2020-01-09 09:28:38,951 [28] INFO SiteLogger [(null)] - CheckResetCmd -- 2 - trans_id:
2020-01-09 09:28:38,952 [28] INFO SiteLogger [(null)] - CheckResetCmd -- 3
2020-01-09 09:28:38,952 [28] INFO SiteLogger [(null)] - ReceiveCmd -- 3
2020-01-09 09:28:38,952 [28] INFO SiteLogger [(null)] - UpdateFKDeviceStatus -- 0 - DevTime:20200109054821, DevId:DC68B057639F7F37, DevName:fk_deviceLE, DevInfo:{"face_data_ver":528,"firmware":"ZLIF104HS10 V2.77 BS0C2","firmware_filename":"zlif104hs10_bs0c2_um","fk_bin_data_lib":"FKDataHS101","fp_data_ver":128,"supported_enroll_data":["PASSWORD","IDCARD","FP","FACE"]}
2020-01-09 09:28:38,953 [28] INFO SiteLogger [(null)] - UpdateFKDeviceStatus -- 1
2020-01-09 09:28:38,963 [28] INFO SiteLogger [(null)] - UpdateFKDeviceStatus -- 2
2020-01-09 09:28:38,964 [28] INFO SiteLogger [(null)] - ReceiveCmd -- 4
2020-01-09 09:28:38,975 [28] INFO SiteLogger [(null)] - ReceiveCmd -- 5
2020-01-09 09:28:38,976 [28] INFO SiteLogger [(null)] - ReceiveCmd -- 6 - trans_id:729cmd_code:CLEAR_ENROLL_DATA
2020-01-09 09:28:38,977 [28] INFO SiteLogger [(null)] - ReceiveCmd -- 11
2020-01-09 09:28:38,977 [28] INFO SiteLogger [(null)] - Page_Load - receive_cmd -- 4
2020-01-09 09:28:38,977 [28] INFO SiteLogger [(null)] - Page_Load - receive_cmd -- 5
2020-01-09 09:28:39,348 [21] INFO SiteLogger [(null)] - Contructor -- 0 - Conn:server=120.24.222.15;uid=sa;pwd=123456@hysoon;database=StandAttDB;Min Pool Size=0;Max Pool Size=512;Pooling=true;
2020-01-09 09:28:39,348 [21] INFO SiteLogger [(null)] - Page_Load -- **************** sRequestCode = send_cmd_result dev_id=DC68B057639F7F37 trans_id=729 content_length=0
2020-01-09 09:28:39,348 [21] INFO SiteLogger [(null)] - Page_Load -- 1 - request_code : send_cmd_result ,trans_id : 729
2020-01-09 09:28:39,348 [21] INFO SiteLogger [(null)] - Page_Load -- 3.4 - blk_no=0, blk_len=0
2020-01-09 09:28:39,348 [21] INFO SiteLogger [(null)] - Page_Load - send_cmd_result -- 1
2020-01-09 09:28:39,348 [21] INFO SiteLogger [(null)] - Page_Load - send_cmd_result -- 2 - trans_id:729
2020-01-09 09:28:39,348 [21] INFO SiteLogger [(null)] - CheckResetCmd -- 0 - dev_id:DC68B057639F7F37
2020-01-09 09:28:39,348 [21] INFO SiteLogger [(null)] - CheckResetCmd -- 1
2020-01-09 09:28:39,371 [21] INFO SiteLogger [(null)] - CheckResetCmd -- 2 - trans_id:
2020-01-09 09:28:39,372 [21] INFO SiteLogger [(null)] - CheckResetCmd -- 3
2020-01-09 09:28:39,372 [21] INFO SiteLogger [(null)] - IsCancelledCmd -- 0 - dev_id:DC68B057639F7F37trans_id:729
2020-01-09 09:28:39,373 [21] INFO SiteLogger [(null)] - IsCancelledCmd -- 1
2020-01-09 09:28:39,373 [21] INFO SiteLogger [(null)] - IsCancelledCmd -- 1.1
2020-01-09 09:28:39,384 [21] INFO SiteLogger [(null)] - IsCancelledCmd -- 2 - status:
2020-01-09 09:28:39,385 [21] INFO SiteLogger [(null)] - IsCancelledCmd -- 3
2020-01-09 09:28:39,385 [21] INFO SiteLogger [(null)] - Page_Load - send_cmd_result -- 3
2020-01-09 09:28:39,386 [21] INFO SiteLogger [(null)] - SetCmdResult -- 0 - trans_id:729, dev_id:DC68B057639F7F37
2020-01-09 09:28:39,386 [21] INFO SiteLogger [(null)] - SetCmdResult -- 1
2020-01-09 09:28:39,387 [21] INFO SiteLogger [(null)] - SetCmdResult -- 2
2020-01-09 09:28:39,387 [21] INFO SiteLogger [(null)] - SaveCmdResultLogData -- 1
2020-01-09 09:28:39,388 [21] INFO SiteLogger [(null)] - SaveCmdResultLogData -- 2
2020-01-09 09:28:39,398 [21] INFO SiteLogger [(null)] - SaveCmdResultSLogData -- 1
2020-01-09 09:28:39,399 [21] INFO SiteLogger [(null)] - SaveCmdResultSLogData -- 2
2020-01-09 09:28:39,409 [21] INFO SiteLogger [(null)] - SaveUserIdList -- 1
2020-01-09 09:28:39,409 [21] INFO SiteLogger [(null)] - SaveUserIdList -- 2 astrans_id = 729
2020-01-09 09:28:39,417 [21] INFO SiteLogger [(null)] - SaveUserIdList -- 2-1 astrans_id = 729
2020-01-09 09:28:39,417 [21] INFO SiteLogger [(null)] - GetDeviceStatus -- 1
2020-01-09 09:28:39,417 [21] INFO SiteLogger [(null)] - GetDeviceStatus -- 2
2020-01-09 09:28:39,432 [21] INFO SiteLogger [(null)] - SetCmdResult -- 3
2020-01-09 09:28:39,432 [21] INFO SiteLogger [(null)] - Page_Load - send_cmd_result -- 4
2020-01-09 09:28:39,432 [21] INFO SiteLogger [(null)] - Page_Load - send_cmd_result -- 5
2020-01-09 09:28:39,747 [45] INFO SiteLogger [(null)] - Contructor -- 0 - Conn:server=120.24.222.15;uid=sa;pwd=123456@hysoon;database=StandAttDB;Min Pool Size=0;Max Pool Size=512;Pooling=true;
2020-01-09 09:28:39,747 [45] INFO SiteLogger [(null)] - Page_Load -- **************** sRequestCode = receive_cmd dev_id=DC68B057639F7F37 trans_id=ReceiveCommandAction content_length=278
2020-01-09 09:28:39,747 [45] INFO SiteLogger [(null)] - Page_Load -- 1 - request_code : receive_cmd ,trans_id : ReceiveCommandAction
2020-01-09 09:28:39,747 [45] INFO SiteLogger [(null)] - Page_Load -- 3.4 - blk_no=0, blk_len=278
2020-01-09 09:28:39,747 [45] INFO SiteLogger [(null)] - Page_Load - receive_cmd -- 2
2020-01-09 09:28:39,763 [45] INFO SiteLogger [(null)] - Page_Load - receive_cmd -- 3 - DevName=fk_deviceLE, DevTime=20200109054821, DevInfo={"face_data_ver":528,"firmware":"ZLIF104HS10 V2.77 BS0C2","firmware_filename":"zlif104hs10_bs0c2_um","fk_bin_data_lib":"FKDataHS101","fp_data_ver":128,"supported_enroll_data":["PASSWORD","IDCARD","FP","FACE"]}
2020-01-09 09:28:39,764 [45] INFO SiteLogger [(null)] - ReceiveCmd -- 0 - Start
2020-01-09 09:28:39,765 [45] INFO SiteLogger [(null)] - ReceiveCmd -- 1 - Db connected
2020-01-09 09:28:39,766 [45] INFO SiteLogger [(null)] - ReceiveCmd -- 2
2020-01-09 09:28:39,766 [45] INFO SiteLogger [(null)] - CheckResetCmd -- 0 - dev_id:DC68B057639F7F37
2020-01-09 09:28:39,767 [45] INFO SiteLogger [(null)] - CheckResetCmd -- 1
2020-01-09 09:28:39,777 [45] INFO SiteLogger [(null)] - CheckResetCmd -- 2 - trans_id:
2020-01-09 09:28:39,778 [45] INFO SiteLogger [(null)] - CheckResetCmd -- 3
2020-01-09 09:28:39,779 [45] INFO SiteLogger [(null)] - ReceiveCmd -- 3
2020-01-09 09:28:39,780 [45] INFO SiteLogger [(null)] - UpdateFKDeviceStatus -- 0 - DevTime:20200109054821, DevId:DC68B057639F7F37, DevName:fk_deviceLE, DevInfo:{"face_data_ver":528,"firmware":"ZLIF104HS10 V2.77 BS0C2","firmware_filename":"zlif104hs10_bs0c2_um","fk_bin_data_lib":"FKDataHS101","fp_data_ver":128,"supported_enroll_data":["PASSWORD","IDCARD","FP","FACE"]}
2020-01-09 09:28:39,780 [45] INFO SiteLogger [(null)] - UpdateFKDeviceStatus -- 1
2020-01-09 09:28:39,792 [45] INFO SiteLogger [(null)] - UpdateFKDeviceStatus -- 2
2020-01-09 09:28:39,794 [45] INFO SiteLogger [(null)] - ReceiveCmd -- 4
2020-01-09 09:28:39,806 [45] INFO SiteLogger [(null)] - ReceiveCmd -- 5
2020-01-09 09:28:39,807 [45] INFO SiteLogger [(null)] - ReceiveCmd -- 6 - trans_id:730cmd_code:CLEAR_ENROLL_DATA
2020-01-09 09:28:39,808 [45] INFO SiteLogger [(null)] - ReceiveCmd -- 11
2020-01-09 09:28:39,809 [45] INFO SiteLogger [(null)] - Page_Load - receive_cmd -- 4
2020-01-09 09:28:39,810 [45] INFO SiteLogger [(null)] - Page_Load - receive_cmd -- 5
2020-01-09 09:28:39,977 [40] INFO SiteLogger [(null)] - Contructor -- 0 - Conn:server=120.24.222.15;uid=sa;pwd=123456@hysoon;database=StandAttDB;Min Pool Size=0;Max Pool Size=512;Pooling=true;
2020-01-09 09:28:39,978 [40] INFO SiteLogger [(null)] - Page_Load -- **************** sRequestCode = send_cmd_result dev_id=DC68B057639F7F37 trans_id=730 content_length=0
2020-01-09 09:28:39,979 [40] INFO SiteLogger [(null)] - Page_Load -- 1 - request_code : send_cmd_result ,trans_id : 730
2020-01-09 09:28:39,979 [40] INFO SiteLogger [(null)] - Page_Load -- 3.4 - blk_no=0, blk_len=0
2020-01-09 09:28:39,980 [40] INFO SiteLogger [(null)] - Page_Load - send_cmd_result -- 1
2020-01-09 09:28:39,980 [40] INFO SiteLogger [(null)] - Page_Load - send_cmd_result -- 2 - trans_id:730
2020-01-09 09:28:39,981 [40] INFO SiteLogger [(null)] - CheckResetCmd -- 0 - dev_id:DC68B057639F7F37
2020-01-09 09:28:39,981 [40] INFO SiteLogger [(null)] - CheckResetCmd -- 1
2020-01-09 09:28:39,983 [40] INFO SiteLogger [(null)] - CheckResetCmd -- 2 - trans_id:
2020-01-09 09:28:39,983 [40] INFO SiteLogger [(null)] - CheckResetCmd -- 3
2020-01-09 09:28:39,983 [40] INFO SiteLogger [(null)] - IsCancelledCmd -- 0 - dev_id:DC68B057639F7F37trans_id:730
2020-01-09 09:28:39,983 [40] INFO SiteLogger [(null)] - IsCancelledCmd -- 1
2020-01-09 09:28:39,983 [40] INFO SiteLogger [(null)] - IsCancelledCmd -- 1.1
2020-01-09 09:28:40,005 [40] INFO SiteLogger [(null)] - IsCancelledCmd -- 2 - status:
2020-01-09 09:28:40,006 [40] INFO SiteLogger [(null)] - IsCancelledCmd -- 3
2020-01-09 09:28:40,006 [40] INFO SiteLogger [(null)] - Page_Load - send_cmd_result -- 3
2020-01-09 09:28:40,007 [40] INFO SiteLogger [(null)] - SetCmdResult -- 0 - trans_id:730, dev_id:DC68B057639F7F37
2020-01-09 09:28:40,008 [40] INFO SiteLogger [(null)] - SetCmdResult -- 1
2020-01-09 09:28:40,008 [40] INFO SiteLogger [(null)] - SetCmdResult -- 2
2020-01-09 09:28:40,009 [40] INFO SiteLogger [(null)] - SaveCmdResultLogData -- 1
2020-01-09 09:28:40,009 [40] INFO SiteLogger [(null)] - SaveCmdResultLogData -- 2
2020-01-09 09:28:40,009 [40] INFO SiteLogger [(null)] - SaveCmdResultSLogData -- 1
2020-01-09 09:28:40,009 [40] INFO SiteLogger [(null)] - SaveCmdResultSLogData -- 2
2020-01-09 09:28:40,025 [40] INFO SiteLogger [(null)] - SaveUserIdList -- 1
2020-01-09 09:28:40,025 [40] INFO SiteLogger [(null)] - SaveUserIdList -- 2 astrans_id = 730
2020-01-09 09:28:40,041 [40] INFO SiteLogger [(null)] - SaveUserIdList -- 2-1 astrans_id = 730
2020-01-09 09:28:40,041 [40] INFO SiteLogger [(null)] - GetDeviceStatus -- 1
2020-01-09 09:28:40,041 [40] INFO SiteLogger [(null)] - GetDeviceStatus -- 2
2020-01-09 09:28:40,065 [40] INFO SiteLogger [(null)] - SetCmdResult -- 3
2020-01-09 09:28:40,066 [40] INFO SiteLogger [(null)] - Page_Load - send_cmd_result -- 4
2020-01-09 09:28:40,066 [40] INFO SiteLogger [(null)] - Page_Load - send_cmd_result -- 5
2020-01-09 09:28:40,375 [28] INFO SiteLogger [(null)] - Contructor -- 0 - Conn:server=120.24.222.15;uid=sa;pwd=123456@hysoon;database=StandAttDB;Min Pool Size=0;Max Pool Size=512;Pooling=true;
2020-01-09 09:28:40,376 [28] INFO SiteLogger [(null)] - Page_Load -- **************** sRequestCode = receive_cmd dev_id=DC68B057639F7F37 trans_id=ReceiveCommandAction content_length=278
2020-01-09 09:28:40,377 [28] INFO SiteLogger [(null)] - Page_Load -- 1 - request_code : receive_cmd ,trans_id : ReceiveCommandAction
2020-01-09 09:28:40,377 [28] INFO SiteLogger [(null)] - Page_Load -- 3.4 - blk_no=0, blk_len=278
2020-01-09 09:28:40,378 [28] INFO SiteLogger [(null)] - Page_Load - receive_cmd -- 2
2020-01-09 09:28:40,379 [28] INFO SiteLogger [(null)] - Page_Load - receive_cmd -- 3 - DevName=fk_deviceLE, DevTime=20200109054822, DevInfo={"face_data_ver":528,"firmware":"ZLIF104HS10 V2.77 BS0C2","firmware_filename":"zlif104hs10_bs0c2_um","fk_bin_data_lib":"FKDataHS101","fp_data_ver":128,"supported_enroll_data":["PASSWORD","IDCARD","FP","FACE"]}
2020-01-09 09:28:40,379 [28] INFO SiteLogger [(null)] - ReceiveCmd -- 0 - Start
2020-01-09 09:28:40,380 [28] INFO SiteLogger [(null)] - ReceiveCmd -- 1 - Db connected
2020-01-09 09:28:40,380 [28] INFO SiteLogger [(null)] - ReceiveCmd -- 2
2020-01-09 09:28:40,381 [28] INFO SiteLogger [(null)] - CheckResetCmd -- 0 - dev_id:DC68B057639F7F37
2020-01-09 09:28:40,381 [28] INFO SiteLogger [(null)] - CheckResetCmd -- 1
2020-01-09 09:28:40,402 [28] INFO SiteLogger [(null)] - CheckResetCmd -- 2 - trans_id:
2020-01-09 09:28:40,403 [28] INFO SiteLogger [(null)] - CheckResetCmd -- 3
2020-01-09 09:28:40,403 [28] INFO SiteLogger [(null)] - ReceiveCmd -- 3
2020-01-09 09:28:40,404 [28] INFO SiteLogger [(null)] - UpdateFKDeviceStatus -- 0 - DevTime:20200109054822, DevId:DC68B057639F7F37, DevName:fk_deviceLE, DevInfo:{"face_data_ver":528,"firmware":"ZLIF104HS10 V2.77 BS0C2","firmware_filename":"zlif104hs10_bs0c2_um","fk_bin_data_lib":"FKDataHS101","fp_data_ver":128,"supported_enroll_data":["PASSWORD","IDCARD","FP","FACE"]}
2020-01-09 09:28:40,404 [28] INFO SiteLogger [(null)] - UpdateFKDeviceStatus -- 1
2020-01-09 09:28:40,407 [28] INFO SiteLogger [(null)] - UpdateFKDeviceStatus -- 2
2020-01-09 09:28:40,407 [28] INFO SiteLogger [(null)] - ReceiveCmd -- 4
2020-01-09 09:28:40,422 [28] INFO SiteLogger [(null)] - ReceiveCmd -- 5
2020-01-09 09:28:40,422 [28] INFO SiteLogger [(null)] - ReceiveCmd -- 6 - trans_id:731cmd_code:CLEAR_ENROLL_DATA
2020-01-09 09:28:40,422 [28] INFO SiteLogger [(null)] - ReceiveCmd -- 11
2020-01-09 09:28:40,422 [28] INFO SiteLogger [(null)] - Page_Load - receive_cmd -- 4
2020-01-09 09:28:40,422 [28] INFO SiteLogger [(null)] - Page_Load - receive_cmd -- 5
2020-01-09 09:28:40,598 [41] INFO SiteLogger [(null)] - Contructor -- 0 - Conn:server=120.24.222.15;uid=sa;pwd=123456@hysoon;database=StandAttDB;Min Pool Size=0;Max Pool Size=512;Pooling=true;
2020-01-09 09:28:40,599 [41] INFO SiteLogger [(null)] - Page_Load -- **************** sRequestCode = send_cmd_result dev_id=DC68B057639F7F37 trans_id=731 content_length=0
2020-01-09 09:28:40,600 [41] INFO SiteLogger [(null)] - Page_Load -- 1 - request_code : send_cmd_result ,trans_id : 731
2020-01-09 09:28:40,601 [41] INFO SiteLogger [(null)] - Page_Load -- 3.4 - blk_no=0, blk_len=0
2020-01-09 09:28:40,602 [41] INFO SiteLogger [(null)] - Page_Load - send_cmd_result -- 1
2020-01-09 09:28:40,603 [41] INFO SiteLogger [(null)] - Page_Load - send_cmd_result -- 2 - trans_id:731
2020-01-09 09:28:40,604 [41] INFO SiteLogger [(null)] - CheckResetCmd -- 0 - dev_id:DC68B057639F7F37
2020-01-09 09:28:40,604 [41] INFO SiteLogger [(null)] - CheckResetCmd -- 1
2020-01-09 09:28:40,604 [41] INFO SiteLogger [(null)] - CheckResetCmd -- 2 - trans_id:
2020-01-09 09:28:40,604 [41] INFO SiteLogger [(null)] - CheckResetCmd -- 3
2020-01-09 09:28:40,604 [41] INFO SiteLogger [(null)] - IsCancelledCmd -- 0 - dev_id:DC68B057639F7F37trans_id:731
2020-01-09 09:28:40,620 [41] INFO SiteLogger [(null)] - IsCancelledCmd -- 1
2020-01-09 09:28:40,620 [41] INFO SiteLogger [(null)] - IsCancelledCmd -- 1.1
2020-01-09 09:28:40,620 [41] INFO SiteLogger [(null)] - IsCancelledCmd -- 2 - status:
2020-01-09 09:28:40,620 [41] INFO SiteLogger [(null)] - IsCancelledCmd -- 3
2020-01-09 09:28:40,620 [41] INFO SiteLogger [(null)] - Page_Load - send_cmd_result -- 3
2020-01-09 09:28:40,635 [41] INFO SiteLogger [(null)] - SetCmdResult -- 0 - trans_id:731, dev_id:DC68B057639F7F37
2020-01-09 09:28:40,635 [41] INFO SiteLogger [(null)] - SetCmdResult -- 1
2020-01-09 09:28:40,635 [41] INFO SiteLogger [(null)] - SetCmdResult -- 2
2020-01-09 09:28:40,635 [41] INFO SiteLogger [(null)] - SaveCmdResultLogData -- 1
2020-01-09 09:28:40,635 [41] INFO SiteLogger [(null)] - SaveCmdResultLogData -- 2
2020-01-09 09:28:40,635 [41] INFO SiteLogger [(null)] - SaveCmdResultSLogData -- 1
2020-01-09 09:28:40,652 [41] INFO SiteLogger [(null)] - SaveCmdResultSLogData -- 2
2020-01-09 09:28:40,664 [41] INFO SiteLogger [(null)] - SaveUserIdList -- 1
2020-01-09 09:28:40,666 [41] INFO SiteLogger [(null)] - SaveUserIdList -- 2 astrans_id = 731
2020-01-09 09:28:40,677 [41] INFO SiteLogger [(null)] - SaveUserIdList -- 2-1 astrans_id = 731
2020-01-09 09:28:40,678 [41] INFO SiteLogger [(null)] - GetDeviceStatus -- 1
2020-01-09 09:28:40,679 [41] INFO SiteLogger [(null)] - GetDeviceStatus -- 2
2020-01-09 09:28:40,701 [41] INFO SiteLogger [(null)] - SetCmdResult -- 3
2020-01-09 09:28:40,702 [41] INFO SiteLogger [(null)] - Page_Load - send_cmd_result -- 4
2020-01-09 09:28:40,703 [41] INFO SiteLogger [(null)] - Page_Load - send_cmd_result -- 5
2020-01-09 09:28:41,005 [40] INFO SiteLogger [(null)] - Contructor -- 0 - Conn:server=120.24.222.15;uid=sa;pwd=123456@hysoon;database=StandAttDB;Min Pool Size=0;Max Pool Size=512;Pooling=true;
2020-01-09 09:28:41,005 [40] INFO SiteLogger [(null)] - Page_Load -- **************** sRequestCode = receive_cmd dev_id=DC68B057639F7F37 trans_id=ReceiveCommandAction content_length=278
2020-01-09 09:28:41,005 [40] INFO SiteLogger [(null)] - Page_Load -- 1 - request_code : receive_cmd ,trans_id : ReceiveCommandAction
2020-01-09 09:28:41,005 [40] INFO SiteLogger [(null)] - Page_Load -- 3.4 - blk_no=0, blk_len=278
2020-01-09 09:28:41,005 [40] INFO SiteLogger [(null)] - Page_Load - receive_cmd -- 2
2020-01-09 09:28:41,005 [40] INFO SiteLogger [(null)] - Page_Load - receive_cmd -- 3 - DevName=fk_deviceLE, DevTime=20200109054823, DevInfo={"face_data_ver":528,"firmware":"ZLIF104HS10 V2.77 BS0C2","firmware_filename":"zlif104hs10_bs0c2_um","fk_bin_data_lib":"FKDataHS101","fp_data_ver":128,"supported_enroll_data":["PASSWORD","IDCARD","FP","FACE"]}
2020-01-09 09:28:41,005 [40] INFO SiteLogger [(null)] - ReceiveCmd -- 0 - Start
2020-01-09 09:28:41,005 [40] INFO SiteLogger [(null)] - ReceiveCmd -- 1 - Db connected
2020-01-09 09:28:41,021 [40] INFO SiteLogger [(null)] - ReceiveCmd -- 2
2020-01-09 09:28:41,021 [40] INFO SiteLogger [(null)] - CheckResetCmd -- 0 - dev_id:DC68B057639F7F37
2020-01-09 09:28:41,021 [40] INFO SiteLogger [(null)] - CheckResetCmd -- 1
2020-01-09 09:28:41,021 [40] INFO SiteLogger [(null)] - CheckResetCmd -- 2 - trans_id:
2020-01-09 09:28:41,037 [40] INFO SiteLogger [(null)] - CheckResetCmd -- 3
2020-01-09 09:28:41,038 [40] INFO SiteLogger [(null)] - ReceiveCmd -- 3
2020-01-09 09:28:41,039 [40] INFO SiteLogger [(null)] - UpdateFKDeviceStatus -- 0 - DevTime:20200109054823, DevId:DC68B057639F7F37, DevName:fk_deviceLE, DevInfo:{"face_data_ver":528,"firmware":"ZLIF104HS10 V2.77 BS0C2","firmware_filename":"zlif104hs10_bs0c2_um","fk_bin_data_lib":"FKDataHS101","fp_data_ver":128,"supported_enroll_data":["PASSWORD","IDCARD","FP","FACE"]}
2020-01-09 09:28:41,040 [40] INFO SiteLogger [(null)] - UpdateFKDeviceStatus -- 1
2020-01-09 09:28:41,054 [40] INFO SiteLogger [(null)] - UpdateFKDeviceStatus -- 2
2020-01-09 09:28:41,055 [40] INFO SiteLogger [(null)] - ReceiveCmd -- 4
2020-01-09 09:28:41,069 [40] INFO SiteLogger [(null)] - ReceiveCmd -- 5
2020-01-09 09:28:41,071 [40] INFO SiteLogger [(null)] - ReceiveCmd -- 6 - trans_id:732cmd_code:CLEAR_ENROLL_DATA
2020-01-09 09:28:41,072 [40] INFO SiteLogger [(null)] - ReceiveCmd -- 11
2020-01-09 09:28:41,073 [40] INFO SiteLogger [(null)] - Page_Load - receive_cmd -- 4
2020-01-09 09:28:41,074 [40] INFO SiteLogger [(null)] - Page_Load - receive_cmd -- 5
2020-01-09 09:28:41,236 [24] INFO SiteLogger [(null)] - Contructor -- 0 - Conn:server=120.24.222.15;uid=sa;pwd=123456@hysoon;database=StandAttDB;Min Pool Size=0;Max Pool Size=512;Pooling=true;
2020-01-09 09:28:41,237 [24] INFO SiteLogger [(null)] - Page_Load -- **************** sRequestCode = send_cmd_result dev_id=DC68B057639F7F37 trans_id=732 content_length=0
2020-01-09 09:28:41,237 [24] INFO SiteLogger [(null)] - Page_Load -- 1 - request_code : send_cmd_result ,trans_id : 732
2020-01-09 09:28:41,238 [24] INFO SiteLogger [(null)] - Page_Load -- 3.4 - blk_no=0, blk_len=0
2020-01-09 09:28:41,239 [24] INFO SiteLogger [(null)] - Page_Load - send_cmd_result -- 1
2020-01-09 09:28:41,239 [24] INFO SiteLogger [(null)] - Page_Load - send_cmd_result -- 2 - trans_id:732
2020-01-09 09:28:41,240 [24] INFO SiteLogger [(null)] - CheckResetCmd -- 0 - dev_id:DC68B057639F7F37
2020-01-09 09:28:41,241 [24] INFO SiteLogger [(null)] - CheckResetCmd -- 1
2020-01-09 09:28:41,253 [24] INFO SiteLogger [(null)] - CheckResetCmd -- 2 - trans_id:
2020-01-09 09:28:41,253 [24] INFO SiteLogger [(null)] - CheckResetCmd -- 3
2020-01-09 09:28:41,254 [24] INFO SiteLogger [(null)] - IsCancelledCmd -- 0 - dev_id:DC68B057639F7F37trans_id:732
2020-01-09 09:28:41,255 [24] INFO SiteLogger [(null)] - IsCancelledCmd -- 1
2020-01-09 09:28:41,256 [24] INFO SiteLogger [(null)] - IsCancelledCmd -- 1.1
2020-01-09 09:28:41,268 [24] INFO SiteLogger [(null)] - IsCancelledCmd -- 2 - status:
2020-01-09 09:28:41,268 [24] INFO SiteLogger [(null)] - IsCancelledCmd -- 3
2020-01-09 09:28:41,269 [24] INFO SiteLogger [(null)] - Page_Load - send_cmd_result -- 3
2020-01-09 09:28:41,270 [24] INFO SiteLogger [(null)] - SetCmdResult -- 0 - trans_id:732, dev_id:DC68B057639F7F37
2020-01-09 09:28:41,271 [24] INFO SiteLogger [(null)] - SetCmdResult -- 1
2020-01-09 09:28:41,272 [24] INFO SiteLogger [(null)] - SetCmdResult -- 2
2020-01-09 09:28:41,272 [24] INFO SiteLogger [(null)] - SaveCmdResultLogData -- 1
2020-01-09 09:28:41,273 [24] INFO SiteLogger [(null)] - SaveCmdResultLogData -- 2
2020-01-09 09:28:41,285 [24] INFO SiteLogger [(null)] - SaveCmdResultSLogData -- 1
2020-01-09 09:28:41,286 [24] INFO SiteLogger [(null)] - SaveCmdResultSLogData -- 2
2020-01-09 09:28:41,298 [24] INFO SiteLogger [(null)] - SaveUserIdList -- 1
2020-01-09 09:28:41,298 [24] INFO SiteLogger [(null)] - SaveUserIdList -- 2 astrans_id = 732
2020-01-09 09:28:41,298 [24] INFO SiteLogger [(null)] - SaveUserIdList -- 2-1 astrans_id = 732
2020-01-09 09:28:41,298 [24] INFO SiteLogger [(null)] - GetDeviceStatus -- 1
2020-01-09 09:28:41,298 [24] INFO SiteLogger [(null)] - GetDeviceStatus -- 2
2020-01-09 09:28:41,336 [24] INFO SiteLogger [(null)] - SetCmdResult -- 3
2020-01-09 09:28:41,338 [24] INFO SiteLogger [(null)] - Page_Load - send_cmd_result -- 4
2020-01-09 09:28:41,339 [24] INFO SiteLogger [(null)] - Page_Load - send_cmd_result -- 5
2020-01-09 09:28:41,648 [39] INFO SiteLogger [(null)] - Contructor -- 0 - Conn:server=120.24.222.15;uid=sa;pwd=123456@hysoon;database=StandAttDB;Min Pool Size=0;Max Pool Size=512;Pooling=true;
2020-01-09 09:28:41,649 [39] INFO SiteLogger [(null)] - Page_Load -- **************** sRequestCode = receive_cmd dev_id=DC68B057639F7F37 trans_id=ReceiveCommandAction content_length=278
2020-01-09 09:28:41,650 [39] INFO SiteLogger [(null)] - Page_Load -- 1 - request_code : receive_cmd ,trans_id : ReceiveCommandAction
2020-01-09 09:28:41,651 [39] INFO SiteLogger [(null)] - Page_Load -- 3.4 - blk_no=0, blk_len=278
2020-01-09 09:28:41,652 [39] INFO SiteLogger [(null)] - Page_Load - receive_cmd -- 2
2020-01-09 09:28:41,653 [39] INFO SiteLogger [(null)] - Page_Load - receive_cmd -- 3 - DevName=fk_deviceLE, DevTime=20200109054823, DevInfo={"face_data_ver":528,"firmware":"ZLIF104HS10 V2.77 BS0C2","firmware_filename":"zlif104hs10_bs0c2_um","fk_bin_data_lib":"FKDataHS101","fp_data_ver":128,"supported_enroll_data":["PASSWORD","IDCARD","FP","FACE"]}
2020-01-09 09:28:41,654 [39] INFO SiteLogger [(null)] - ReceiveCmd -- 0 - Start
2020-01-09 09:28:41,656 [39] INFO SiteLogger [(null)] - ReceiveCmd -- 1 - Db connected
2020-01-09 09:28:41,657 [39] INFO SiteLogger [(null)] - ReceiveCmd -- 2
2020-01-09 09:28:41,658 [39] INFO SiteLogger [(null)] - CheckResetCmd -- 0 - dev_id:DC68B057639F7F37
2020-01-09 09:28:41,659 [39] INFO SiteLogger [(null)] - CheckResetCmd -- 1
2020-01-09 09:28:41,670 [39] INFO SiteLogger [(null)] - CheckResetCmd -- 2 - trans_id:
2020-01-09 09:28:41,671 [39] INFO SiteLogger [(null)] - CheckResetCmd -- 3
2020-01-09 09:28:41,672 [39] INFO SiteLogger [(null)] - ReceiveCmd -- 3
2020-01-09 09:28:41,673 [39] INFO SiteLogger [(null)] - UpdateFKDeviceStatus -- 0 - DevTime:20200109054823, DevId:DC68B057639F7F37, DevName:fk_deviceLE, DevInfo:{"face_data_ver":528,"firmware":"ZLIF104HS10 V2.77 BS0C2","firmware_filename":"zlif104hs10_bs0c2_um","fk_bin_data_lib":"FKDataHS101","fp_data_ver":128,"supported_enroll_data":["PASSWORD","IDCARD","FP","FACE"]}
2020-01-09 09:28:41,674 [39] INFO SiteLogger [(null)] - UpdateFKDeviceStatus -- 1
2020-01-09 09:28:41,686 [39] INFO SiteLogger [(null)] - UpdateFKDeviceStatus -- 2
2020-01-09 09:28:41,687 [39] INFO SiteLogger [(null)] - ReceiveCmd -- 4
2020-01-09 09:28:41,699 [39] INFO SiteLogger [(null)] - ReceiveCmd -- 5
2020-01-09 09:28:41,700 [39] INFO SiteLogger [(null)] - ReceiveCmd -- 5 - no cmd
2020-01-09 09:28:41,701 [39] INFO SiteLogger [(null)] - ReceiveCmd -- 11
2020-01-09 09:28:41,702 [39] INFO SiteLogger [(null)] - Page_Load - receive_cmd -- 4
2020-01-09 09:28:41,704 [39] INFO SiteLogger [(null)] - Page_Load - receive_cmd -- 5
2020-01-09 09:28:43,822 [28] INFO SiteLogger [(null)] - Contructor -- 0 - Conn:server=120.24.222.15;uid=sa;pwd=123456@hysoon;database=StandAttDB;Min Pool Size=0;Max Pool Size=512;Pooling=true;
2020-01-09 09:28:43,823 [28] INFO SiteLogger [(null)] - Page_Load -- **************** sRequestCode = receive_cmd dev_id=DC68B057639F7F37 trans_id=ReceiveCommandAction content_length=278
2020-01-09 09:28:43,824 [28] INFO SiteLogger [(null)] - Page_Load -- 1 - request_code : receive_cmd ,trans_id : ReceiveCommandAction
2020-01-09 09:28:43,825 [28] INFO SiteLogger [(null)] - Page_Load -- 3.4 - blk_no=0, blk_len=278
2020-01-09 09:28:43,825 [28] INFO SiteLogger [(null)] - Page_Load - receive_cmd -- 2
2020-01-09 09:28:43,827 [28] INFO SiteLogger [(null)] - Page_Load - receive_cmd -- 3 - DevName=fk_deviceLE, DevTime=20200109054826, DevInfo={"face_data_ver":528,"firmware":"ZLIF104HS10 V2.77 BS0C2","firmware_filename":"zlif104hs10_bs0c2_um","fk_bin_data_lib":"FKDataHS101","fp_data_ver":128,"supported_enroll_data":["PASSWORD","IDCARD","FP","FACE"]}
2020-01-09 09:28:43,828 [28] INFO SiteLogger [(null)] - ReceiveCmd -- 0 - Start
2020-01-09 09:28:43,829 [28] INFO SiteLogger [(null)] - ReceiveCmd -- 1 - Db connected
2020-01-09 09:28:43,830 [28] INFO SiteLogger [(null)] - ReceiveCmd -- 2
2020-01-09 09:28:43,831 [28] INFO SiteLogger [(null)] - CheckResetCmd -- 0 - dev_id:DC68B057639F7F37
2020-01-09 09:28:43,832 [28] INFO SiteLogger [(null)] - CheckResetCmd -- 1
2020-01-09 09:28:43,838 [28] INFO SiteLogger [(null)] - CheckResetCmd -- 2 - trans_id:
2020-01-09 09:28:43,838 [28] INFO SiteLogger [(null)] - CheckResetCmd -- 3
2020-01-09 09:28:43,838 [28] INFO SiteLogger [(null)] - ReceiveCmd -- 3
2020-01-09 09:28:43,838 [28] INFO SiteLogger [(null)] - UpdateFKDeviceStatus -- 0 - DevTime:20200109054826, DevId:DC68B057639F7F37, DevName:fk_deviceLE, DevInfo:{"face_data_ver":528,"firmware":"ZLIF104HS10 V2.77 BS0C2","firmware_filename":"zlif104hs10_bs0c2_um","fk_bin_data_lib":"FKDataHS101","fp_data_ver":128,"supported_enroll_data":["PASSWORD","IDCARD","FP","FACE"]}
2020-01-09 09:28:43,838 [28] INFO SiteLogger [(null)] - UpdateFKDeviceStatus -- 1
2020-01-09 09:28:43,853 [28] INFO SiteLogger [(null)] - UpdateFKDeviceStatus -- 2
2020-01-09 09:28:43,853 [28] INFO SiteLogger [(null)] - ReceiveCmd -- 4
2020-01-09 09:28:43,869 [28] INFO SiteLogger [(null)] - ReceiveCmd -- 5
2020-01-09 09:28:43,869 [28] INFO SiteLogger [(null)] - ReceiveCmd -- 5 - no cmd
2020-01-09 09:28:43,869 [28] INFO SiteLogger [(null)] - ReceiveCmd -- 11
2020-01-09 09:28:43,869 [28] INFO SiteLogger [(null)] - Page_Load - receive_cmd -- 4
2020-01-09 09:28:43,869 [28] INFO SiteLogger [(null)] - Page_Load - receive_cmd -- 5
2020-01-09 09:28:46,899 [21] INFO SiteLogger [(null)] - Contructor -- 0 - Conn:server=120.24.222.15;uid=sa;pwd=123456@hysoon;database=StandAttDB;Min Pool Size=0;Max Pool Size=512;Pooling=true;
2020-01-09 09:28:46,900 [21] INFO SiteLogger [(null)] - Page_Load -- **************** sRequestCode = receive_cmd dev_id=DC68B057639F7F37 trans_id=ReceiveCommandAction content_length=278
2020-01-09 09:28:46,901 [21] INFO SiteLogger [(null)] - Page_Load -- 1 - request_code : receive_cmd ,trans_id : ReceiveCommandAction
2020-01-09 09:28:46,901 [21] INFO SiteLogger [(null)] - Page_Load -- 3.4 - blk_no=0, blk_len=278
2020-01-09 09:28:46,902 [21] INFO SiteLogger [(null)] - Page_Load - receive_cmd -- 2
2020-01-09 09:28:46,902 [21] INFO SiteLogger [(null)] - Page_Load - receive_cmd -- 3 - DevName=fk_deviceLE, DevTime=20200109054829, DevInfo={"face_data_ver":528,"firmware":"ZLIF104HS10 V2.77 BS0C2","firmware_filename":"zlif104hs10_bs0c2_um","fk_bin_data_lib":"FKDataHS101","fp_data_ver":128,"supported_enroll_data":["PASSWORD","IDCARD","FP","FACE"]}
2020-01-09 09:28:46,903 [21] INFO SiteLogger [(null)] - ReceiveCmd -- 0 - Start
2020-01-09 09:28:46,903 [21] INFO SiteLogger [(null)] - ReceiveCmd -- 1 - Db connected
2020-01-09 09:28:46,904 [21] INFO SiteLogger [(null)] - ReceiveCmd -- 2
2020-01-09 09:28:46,904 [21] INFO SiteLogger [(null)] - CheckResetCmd -- 0 - dev_id:DC68B057639F7F37
2020-01-09 09:28:46,904 [21] INFO SiteLogger [(null)] - CheckResetCmd -- 1
2020-01-09 09:28:46,907 [21] INFO SiteLogger [(null)] - CheckResetCmd -- 2 - trans_id:
2020-01-09 09:28:46,907 [21] INFO SiteLogger [(null)] - CheckResetCmd -- 3
2020-01-09 09:28:46,907 [21] INFO SiteLogger [(null)] - ReceiveCmd -- 3
2020-01-09 09:28:46,907 [21] INFO SiteLogger [(null)] - UpdateFKDeviceStatus -- 0 - DevTime:20200109054829, DevId:DC68B057639F7F37, DevName:fk_deviceLE, DevInfo:{"face_data_ver":528,"firmware":"ZLIF104HS10 V2.77 BS0C2","firmware_filename":"zlif104hs10_bs0c2_um","fk_bin_data_lib":"FKDataHS101","fp_data_ver":128,"supported_enroll_data":["PASSWORD","IDCARD","FP","FACE"]}
2020-01-09 09:28:46,907 [21] INFO SiteLogger [(null)] - UpdateFKDeviceStatus -- 1
2020-01-09 09:28:46,923 [21] INFO SiteLogger [(null)] - UpdateFKDeviceStatus -- 2
2020-01-09 09:28:46,923 [21] INFO SiteLogger [(null)] - ReceiveCmd -- 4
2020-01-09 09:28:46,939 [21] INFO SiteLogger [(null)] - ReceiveCmd -- 5
2020-01-09 09:28:46,939 [21] INFO SiteLogger [(null)] - ReceiveCmd -- 5 - no cmd
2020-01-09 09:28:46,939 [21] INFO SiteLogger [(null)] - ReceiveCmd -- 11
2020-01-09 09:28:46,939 [21] INFO SiteLogger [(null)] - Page_Load - receive_cmd -- 4
2020-01-09 09:28:46,939 [21] INFO SiteLogger [(null)] - Page_Load - receive_cmd -- 5
2020-01-09 09:28:49,970 [24] INFO SiteLogger [(null)] - Contructor -- 0 - Conn:server=120.24.222.15;uid=sa;pwd=123456@hysoon;database=StandAttDB;Min Pool Size=0;Max Pool Size=512;Pooling=true;
2020-01-09 09:28:49,972 [24] INFO SiteLogger [(null)] - Page_Load -- **************** sRequestCode = receive_cmd dev_id=DC68B057639F7F37 trans_id=ReceiveCommandAction content_length=278
2020-01-09 09:28:49,973 [24] INFO SiteLogger [(null)] - Page_Load -- 1 - request_code : receive_cmd ,trans_id : ReceiveCommandAction
2020-01-09 09:28:49,974 [24] INFO SiteLogger [(null)] - Page_Load -- 3.4 - blk_no=0, blk_len=278
2020-01-09 09:28:49,976 [24] INFO SiteLogger [(null)] - Page_Load - receive_cmd -- 2
2020-01-09 09:28:49,977 [24] INFO SiteLogger [(null)] - Page_Load - receive_cmd -- 3 - DevName=fk_deviceLE, DevTime=20200109054832, DevInfo={"face_data_ver":528,"firmware":"ZLIF104HS10 V2.77 BS0C2","firmware_filename":"zlif104hs10_bs0c2_um","fk_bin_data_lib":"FKDataHS101","fp_data_ver":128,"supported_enroll_data":["PASSWORD","IDCARD","FP","FACE"]}
2020-01-09 09:28:49,978 [24] INFO SiteLogger [(null)] - ReceiveCmd -- 0 - Start
2020-01-09 09:28:49,980 [24] INFO SiteLogger [(null)] - ReceiveCmd -- 1 - Db connected
2020-01-09 09:28:49,981 [24] INFO SiteLogger [(null)] - ReceiveCmd -- 2
2020-01-09 09:28:49,982 [24] INFO SiteLogger [(null)] - CheckResetCmd -- 0 - dev_id:DC68B057639F7F37
2020-01-09 09:28:49,984 [24] INFO SiteLogger [(null)] - CheckResetCmd -- 1
2020-01-09 09:28:49,996 [24] INFO SiteLogger [(null)] - CheckResetCmd -- 2 - trans_id:
2020-01-09 09:28:49,997 [24] INFO SiteLogger [(null)] - CheckResetCmd -- 3
2020-01-09 09:28:49,998 [24] INFO SiteLogger [(null)] - ReceiveCmd -- 3
2020-01-09 09:28:50,000 [24] INFO SiteLogger [(null)] - UpdateFKDeviceStatus -- 0 - DevTime:20200109054832, DevId:DC68B057639F7F37, DevName:fk_deviceLE, DevInfo:{"face_data_ver":528,"firmware":"ZLIF104HS10 V2.77 BS0C2","firmware_filename":"zlif104hs10_bs0c2_um","fk_bin_data_lib":"FKDataHS101","fp_data_ver":128,"supported_enroll_data":["PASSWORD","IDCARD","FP","FACE"]}
2020-01-09 09:28:50,001 [24] INFO SiteLogger [(null)] - UpdateFKDeviceStatus -- 1
2020-01-09 09:28:50,010 [24] INFO SiteLogger [(null)] - UpdateFKDeviceStatus -- 2
2020-01-09 09:28:50,010 [24] INFO SiteLogger [(null)] - ReceiveCmd -- 4
2020-01-09 09:28:50,025 [24] INFO SiteLogger [(null)] - ReceiveCmd -- 5
2020-01-09 09:28:50,025 [24] INFO SiteLogger [(null)] - ReceiveCmd -- 5 - no cmd
2020-01-09 09:28:50,025 [24] INFO SiteLogger [(null)] - ReceiveCmd -- 11
2020-01-09 09:28:50,025 [24] INFO SiteLogger [(null)] - Page_Load - receive_cmd -- 4
2020-01-09 09:28:50,025 [24] INFO SiteLogger [(null)] - Page_Load - receive_cmd -- 5
2020-01-09 09:28:53,055 [45] INFO SiteLogger [(null)] - Contructor -- 0 - Conn:server=120.24.222.15;uid=sa;pwd=123456@hysoon;database=StandAttDB;Min Pool Size=0;Max Pool Size=512;Pooling=true;
2020-01-09 09:28:53,056 [45] INFO SiteLogger [(null)] - Page_Load -- **************** sRequestCode = receive_cmd dev_id=DC68B057639F7F37 trans_id=ReceiveCommandAction content_length=278
2020-01-09 09:28:53,057 [45] INFO SiteLogger [(null)] - Page_Load -- 1 - request_code : receive_cmd ,trans_id : ReceiveCommandAction
2020-01-09 09:28:53,058 [45] INFO SiteLogger [(null)] - Page_Load -- 3.4 - blk_no=0, blk_len=278
2020-01-09 09:28:53,059 [45] INFO SiteLogger [(null)] - Page_Load - receive_cmd -- 2
2020-01-09 09:28:53,059 [45] INFO SiteLogger [(null)] - Page_Load - receive_cmd -- 3 - DevName=fk_deviceLE, DevTime=20200109054835, DevInfo={"face_data_ver":528,"firmware":"ZLIF104HS10 V2.77 BS0C2","firmware_filename":"zlif104hs10_bs0c2_um","fk_bin_data_lib":"FKDataHS101","fp_data_ver":128,"supported_enroll_data":["PASSWORD","IDCARD","FP","FACE"]}
2020-01-09 09:28:53,060 [45] INFO SiteLogger [(null)] - ReceiveCmd -- 0 - Start
2020-01-09 09:28:53,061 [45] INFO SiteLogger [(null)] - ReceiveCmd -- 1 - Db connected
2020-01-09 09:28:53,061 [45] INFO SiteLogger [(null)] - ReceiveCmd -- 2
2020-01-09 09:28:53,062 [45] INFO SiteLogger [(null)] - CheckResetCmd -- 0 - dev_id:DC68B057639F7F37
2020-01-09 09:28:53,062 [45] INFO SiteLogger [(null)] - CheckResetCmd -- 1
2020-01-09 09:28:53,073 [45] INFO SiteLogger [(null)] - CheckResetCmd -- 2 - trans_id:
2020-01-09 09:28:53,073 [45] INFO SiteLogger [(null)] - CheckResetCmd -- 3
2020-01-09 09:28:53,073 [45] INFO SiteLogger [(null)] - ReceiveCmd -- 3
2020-01-09 09:28:53,074 [45] INFO SiteLogger [(null)] - UpdateFKDeviceStatus -- 0 - DevTime:20200109054835, DevId:DC68B057639F7F37, DevName:fk_deviceLE, DevInfo:{"face_data_ver":528,"firmware":"ZLIF104HS10 V2.77 BS0C2","firmware_filename":"zlif104hs10_bs0c2_um","fk_bin_data_lib":"FKDataHS101","fp_data_ver":128,"supported_enroll_data":["PASSWORD","IDCARD","FP","FACE"]}
2020-01-09 09:28:53,074 [45] INFO SiteLogger [(null)] - UpdateFKDeviceStatus -- 1
2020-01-09 09:28:53,078 [45] INFO SiteLogger [(null)] - UpdateFKDeviceStatus -- 2
2020-01-09 09:28:53,078 [45] INFO SiteLogger [(null)] - ReceiveCmd -- 4
2020-01-09 09:28:53,094 [45] INFO SiteLogger [(null)] - ReceiveCmd -- 5
2020-01-09 09:28:53,094 [45] INFO SiteLogger [(null)] - ReceiveCmd -- 5 - no cmd
2020-01-09 09:28:53,094 [45] INFO SiteLogger [(null)] - ReceiveCmd -- 11
2020-01-09 09:28:53,094 [45] INFO SiteLogger [(null)] - Page_Load - receive_cmd -- 4
2020-01-09 09:28:53,094 [45] INFO SiteLogger [(null)] - Page_Load - receive_cmd -- 5
2020-01-09 09:28:55,816 [43] INFO SiteLogger [(null)] - Contructor -- 0 - Conn:server=120.24.222.15;uid=sa;pwd=123456@hysoon;database=StandAttDB;Min Pool Size=0;Max Pool Size=512;Pooling=true;
2020-01-09 09:28:55,816 [43] INFO SiteLogger [(null)] - Page_Load -- **************** sRequestCode = receive_cmd dev_id=DC68B057639F7F37 trans_id=ReceiveCommandAction content_length=278
2020-01-09 09:28:55,816 [43] INFO SiteLogger [(null)] - Page_Load -- 1 - request_code : receive_cmd ,trans_id : ReceiveCommandAction
2020-01-09 09:28:55,816 [43] INFO SiteLogger [(null)] - Page_Load -- 3.4 - blk_no=0, blk_len=278
2020-01-09 09:28:55,816 [43] INFO SiteLogger [(null)] - Page_Load - receive_cmd -- 2
2020-01-09 09:28:55,816 [43] INFO SiteLogger [(null)] - Page_Load - receive_cmd -- 3 - DevName=fk_deviceLE, DevTime=20200109054838, DevInfo={"face_data_ver":528,"firmware":"ZLIF104HS10 V2.77 BS0C2","firmware_filename":"zlif104hs10_bs0c2_um","fk_bin_data_lib":"FKDataHS101","fp_data_ver":128,"supported_enroll_data":["PASSWORD","IDCARD","FP","FACE"]}
2020-01-09 09:28:55,816 [43] INFO SiteLogger [(null)] - ReceiveCmd -- 0 - Start
2020-01-09 09:28:55,816 [43] INFO SiteLogger [(null)] - ReceiveCmd -- 1 - Db connected
2020-01-09 09:28:55,833 [43] INFO SiteLogger [(null)] - ReceiveCmd -- 2
2020-01-09 09:28:55,834 [43] INFO SiteLogger [(null)] - CheckResetCmd -- 0 - dev_id:DC68B057639F7F37
2020-01-09 09:28:55,835 [43] INFO SiteLogger [(null)] - CheckResetCmd -- 1
2020-01-09 09:28:55,847 [43] INFO SiteLogger [(null)] - CheckResetCmd -- 2 - trans_id:
2020-01-09 09:28:55,848 [43] INFO SiteLogger [(null)] - CheckResetCmd -- 3
2020-01-09 09:28:55,850 [43] INFO SiteLogger [(null)] - ReceiveCmd -- 3
2020-01-09 09:28:55,851 [43] INFO SiteLogger [(null)] - UpdateFKDeviceStatus -- 0 - DevTime:20200109054838, DevId:DC68B057639F7F37, DevName:fk_deviceLE, DevInfo:{"face_data_ver":528,"firmware":"ZLIF104HS10 V2.77 BS0C2","firmware_filename":"zlif104hs10_bs0c2_um","fk_bin_data_lib":"FKDataHS101","fp_data_ver":128,"supported_enroll_data":["PASSWORD","IDCARD","FP","FACE"]}
2020-01-09 09:28:55,852 [43] INFO SiteLogger [(null)] - UpdateFKDeviceStatus -- 1
2020-01-09 09:28:55,865 [43] INFO SiteLogger [(null)] - UpdateFKDeviceStatus -- 2
2020-01-09 09:28:55,866 [43] INFO SiteLogger [(null)] - ReceiveCmd -- 4
2020-01-09 09:28:55,878 [43] INFO SiteLogger [(null)] - ReceiveCmd -- 5
2020-01-09 09:28:55,879 [43] INFO SiteLogger [(null)] - ReceiveCmd -- 5 - no cmd
2020-01-09 09:28:55,880 [43] INFO SiteLogger [(null)] - ReceiveCmd -- 11
2020-01-09 09:28:55,882 [43] INFO SiteLogger [(null)] - Page_Load - receive_cmd -- 4
2020-01-09 09:28:55,883 [43] INFO SiteLogger [(null)] - Page_Load - receive_cmd -- 5
2020-01-09 09:28:58,917 [40] INFO SiteLogger [(null)] - Contructor -- 0 - Conn:server=120.24.222.15;uid=sa;pwd=123456@hysoon;database=StandAttDB;Min Pool Size=0;Max Pool Size=512;Pooling=true;
2020-01-09 09:28:58,917 [40] INFO SiteLogger [(null)] - Page_Load -- **************** sRequestCode = receive_cmd dev_id=DC68B057639F7F37 trans_id=ReceiveCommandAction content_length=278
2020-01-09 09:28:58,918 [40] INFO SiteLogger [(null)] - Page_Load -- 1 - request_code : receive_cmd ,trans_id : ReceiveCommandAction
2020-01-09 09:28:58,918 [40] INFO SiteLogger [(null)] - Page_Load -- 3.4 - blk_no=0, blk_len=278
2020-01-09 09:28:58,918 [40] INFO SiteLogger [(null)] - Page_Load - receive_cmd -- 2
2020-01-09 09:28:58,919 [40] INFO SiteLogger [(null)] - Page_Load - receive_cmd -- 3 - DevName=fk_deviceLE, DevTime=20200109054841, DevInfo={"face_data_ver":528,"firmware":"ZLIF104HS10 V2.77 BS0C2","firmware_filename":"zlif104hs10_bs0c2_um","fk_bin_data_lib":"FKDataHS101","fp_data_ver":128,"supported_enroll_data":["PASSWORD","IDCARD","FP","FACE"]}
2020-01-09 09:28:58,920 [40] INFO SiteLogger [(null)] - ReceiveCmd -- 0 - Start
2020-01-09 09:28:58,920 [40] INFO SiteLogger [(null)] - ReceiveCmd -- 1 - Db connected
2020-01-09 09:28:58,920 [40] INFO SiteLogger [(null)] - ReceiveCmd -- 2
2020-01-09 09:28:58,920 [40] INFO SiteLogger [(null)] - CheckResetCmd -- 0 - dev_id:DC68B057639F7F37
2020-01-09 09:28:58,920 [40] INFO SiteLogger [(null)] - CheckResetCmd -- 1
2020-01-09 09:28:58,920 [40] INFO SiteLogger [(null)] - CheckResetCmd -- 2 - trans_id:
2020-01-09 09:28:58,935 [40] INFO SiteLogger [(null)] - CheckResetCmd -- 3
2020-01-09 09:28:58,935 [40] INFO SiteLogger [(null)] - ReceiveCmd -- 3
2020-01-09 09:28:58,935 [40] INFO SiteLogger [(null)] - UpdateFKDeviceStatus -- 0 - DevTime:20200109054841, DevId:DC68B057639F7F37, DevName:fk_deviceLE, DevInfo:{"face_data_ver":528,"firmware":"ZLIF104HS10 V2.77 BS0C2","firmware_filename":"zlif104hs10_bs0c2_um","fk_bin_data_lib":"FKDataHS101","fp_data_ver":128,"supported_enroll_data":["PASSWORD","IDCARD","FP","FACE"]}
2020-01-09 09:28:58,935 [40] INFO SiteLogger [(null)] - UpdateFKDeviceStatus -- 1
2020-01-09 09:28:58,951 [40] INFO SiteLogger [(null)] - UpdateFKDeviceStatus -- 2
2020-01-09 09:28:58,951 [40] INFO SiteLogger [(null)] - ReceiveCmd -- 4
2020-01-09 09:28:58,951 [40] INFO SiteLogger [(null)] - ReceiveCmd -- 5
2020-01-09 09:28:58,951 [40] INFO SiteLogger [(null)] - ReceiveCmd -- 5 - no cmd
2020-01-09 09:28:58,951 [40] INFO SiteLogger [(null)] - ReceiveCmd -- 11
2020-01-09 09:28:58,951 [40] INFO SiteLogger [(null)] - Page_Load - receive_cmd -- 4
2020-01-09 09:28:58,951 [40] INFO SiteLogger [(null)] - Page_Load - receive_cmd -- 5
2020-01-09 09:29:02,000 [21] INFO SiteLogger [(null)] - Contructor -- 0 - Conn:server=120.24.222.15;uid=sa;pwd=123456@hysoon;database=StandAttDB;Min Pool Size=0;Max Pool Size=512;Pooling=true;
2020-01-09 09:29:02,001 [21] INFO SiteLogger [(null)] - Page_Load -- **************** sRequestCode = receive_cmd dev_id=DC68B057639F7F37 trans_id=ReceiveCommandAction content_length=278
2020-01-09 09:29:02,001 [21] INFO SiteLogger [(null)] - Page_Load -- 1 - request_code : receive_cmd ,trans_id : ReceiveCommandAction
2020-01-09 09:29:02,002 [21] INFO SiteLogger [(null)] - Page_Load -- 3.4 - blk_no=0, blk_len=278
2020-01-09 09:29:02,002 [21] INFO SiteLogger [(null)] - Page_Load - receive_cmd -- 2
2020-01-09 09:29:02,002 [21] INFO SiteLogger [(null)] - Page_Load - receive_cmd -- 3 - DevName=fk_deviceLE, DevTime=20200109054844, DevInfo={"face_data_ver":528,"firmware":"ZLIF104HS10 V2.77 BS0C2","firmware_filename":"zlif104hs10_bs0c2_um","fk_bin_data_lib":"FKDataHS101","fp_data_ver":128,"supported_enroll_data":["PASSWORD","IDCARD","FP","FACE"]}
2020-01-09 09:29:02,002 [21] INFO SiteLogger [(null)] - ReceiveCmd -- 0 - Start
2020-01-09 09:29:02,003 [21] INFO SiteLogger [(null)] - ReceiveCmd -- 1 - Db connected
2020-01-09 09:29:02,003 [21] INFO SiteLogger [(null)] - ReceiveCmd -- 2
2020-01-09 09:29:02,003 [21] INFO SiteLogger [(null)] - CheckResetCmd -- 0 - dev_id:DC68B057639F7F37
2020-01-09 09:29:02,003 [21] INFO SiteLogger [(null)] - CheckResetCmd -- 1
2020-01-09 09:29:02,013 [21] INFO SiteLogger [(null)] - CheckResetCmd -- 2 - trans_id:
2020-01-09 09:29:02,014 [21] INFO SiteLogger [(null)] - CheckResetCmd -- 3
2020-01-09 09:29:02,014 [21] INFO SiteLogger [(null)] - ReceiveCmd -- 3
2020-01-09 09:29:02,014 [21] INFO SiteLogger [(null)] - UpdateFKDeviceStatus -- 0 - DevTime:20200109054844, DevId:DC68B057639F7F37, DevName:fk_deviceLE, DevInfo:{"face_data_ver":528,"firmware":"ZLIF104HS10 V2.77 BS0C2","firmware_filename":"zlif104hs10_bs0c2_um","fk_bin_data_lib":"FKDataHS101","fp_data_ver":128,"supported_enroll_data":["PASSWORD","IDCARD","FP","FACE"]}
2020-01-09 09:29:02,014 [21] INFO SiteLogger [(null)] - UpdateFKDeviceStatus -- 1
2020-01-09 09:29:02,025 [21] INFO SiteLogger [(null)] - UpdateFKDeviceStatus -- 2
2020-01-09 09:29:02,026 [21] INFO SiteLogger [(null)] - ReceiveCmd -- 4
2020-01-09 09:29:02,036 [21] INFO SiteLogger [(null)] - ReceiveCmd -- 5
2020-01-09 09:29:02,037 [21] INFO SiteLogger [(null)] - ReceiveCmd -- 5 - no cmd
2020-01-09 09:29:02,037 [21] INFO SiteLogger [(null)] - ReceiveCmd -- 11
2020-01-09 09:29:02,037 [21] INFO SiteLogger [(null)] - Page_Load - receive_cmd -- 4
2020-01-09 09:29:02,037 [21] INFO SiteLogger [(null)] - Page_Load - receive_cmd -- 5
2020-01-09 09:29:05,063 [31] INFO SiteLogger [(null)] - Contructor -- 0 - Conn:server=120.24.222.15;uid=sa;pwd=123456@hysoon;database=StandAttDB;Min Pool Size=0;Max Pool Size=512;Pooling=true;
2020-01-09 09:29:05,064 [31] INFO SiteLogger [(null)] - Page_Load -- **************** sRequestCode = receive_cmd dev_id=DC68B057639F7F37 trans_id=ReceiveCommandAction content_length=278
2020-01-09 09:29:05,064 [31] INFO SiteLogger [(null)] - Page_Load -- 1 - request_code : receive_cmd ,trans_id : ReceiveCommandAction
2020-01-09 09:29:05,064 [31] INFO SiteLogger [(null)] - Page_Load -- 3.4 - blk_no=0, blk_len=278
2020-01-09 09:29:05,065 [31] INFO SiteLogger [(null)] - Page_Load - receive_cmd -- 2
2020-01-09 09:29:05,065 [31] INFO SiteLogger [(null)] - Page_Load - receive_cmd -- 3 - DevName=fk_deviceLE, DevTime=20200109054847, DevInfo={"face_data_ver":528,"firmware":"ZLIF104HS10 V2.77 BS0C2","firmware_filename":"zlif104hs10_bs0c2_um","fk_bin_data_lib":"FKDataHS101","fp_data_ver":128,"supported_enroll_data":["PASSWORD","IDCARD","FP","FACE"]}
2020-01-09 09:29:05,065 [31] INFO SiteLogger [(null)] - ReceiveCmd -- 0 - Start
2020-01-09 09:29:05,065 [31] INFO SiteLogger [(null)] - ReceiveCmd -- 1 - Db connected
2020-01-09 09:29:05,065 [31] INFO SiteLogger [(null)] - ReceiveCmd -- 2
2020-01-09 09:29:05,066 [31] INFO SiteLogger [(null)] - CheckResetCmd -- 0 - dev_id:DC68B057639F7F37
2020-01-09 09:29:05,066 [31] INFO SiteLogger [(null)] - CheckResetCmd -- 1
2020-01-09 09:29:05,075 [31] INFO SiteLogger [(null)] - CheckResetCmd -- 2 - trans_id:
2020-01-09 09:29:05,075 [31] INFO SiteLogger [(null)] - CheckResetCmd -- 3
2020-01-09 09:29:05,075 [31] INFO SiteLogger [(null)] - ReceiveCmd -- 3
2020-01-09 09:29:05,076 [31] INFO SiteLogger [(null)] - UpdateFKDeviceStatus -- 0 - DevTime:20200109054847, DevId:DC68B057639F7F37, DevName:fk_deviceLE, DevInfo:{"face_data_ver":528,"firmware":"ZLIF104HS10 V2.77 BS0C2","firmware_filename":"zlif104hs10_bs0c2_um","fk_bin_data_lib":"FKDataHS101","fp_data_ver":128,"supported_enroll_data":["PASSWORD","IDCARD","FP","FACE"]}
2020-01-09 09:29:05,076 [31] INFO SiteLogger [(null)] - UpdateFKDeviceStatus -- 1
2020-01-09 09:29:05,086 [31] INFO SiteLogger [(null)] - UpdateFKDeviceStatus -- 2
2020-01-09 09:29:05,087 [31] INFO SiteLogger [(null)] - ReceiveCmd -- 4
2020-01-09 09:29:05,092 [31] INFO SiteLogger [(null)] - ReceiveCmd -- 5
2020-01-09 09:29:05,092 [31] INFO SiteLogger [(null)] - ReceiveCmd -- 5 - no cmd
2020-01-09 09:29:05,092 [31] INFO SiteLogger [(null)] - ReceiveCmd -- 11
2020-01-09 09:29:05,092 [31] INFO SiteLogger [(null)] - Page_Load - receive_cmd -- 4
2020-01-09 09:29:05,092 [31] INFO SiteLogger [(null)] - Page_Load - receive_cmd -- 5
2020-01-09 09:29:07,813 [34] INFO SiteLogger [(null)] - Contructor -- 0 - Conn:server=120.24.222.15;uid=sa;pwd=123456@hysoon;database=StandAttDB;Min Pool Size=0;Max Pool Size=512;Pooling=true;
2020-01-09 09:29:07,813 [34] INFO SiteLogger [(null)] - Page_Load -- **************** sRequestCode = receive_cmd dev_id=DC68B057639F7F37 trans_id=ReceiveCommandAction content_length=278
2020-01-09 09:29:07,813 [34] INFO SiteLogger [(null)] - Page_Load -- 1 - request_code : receive_cmd ,trans_id : ReceiveCommandAction
2020-01-09 09:29:07,813 [34] INFO SiteLogger [(null)] - Page_Load -- 3.4 - blk_no=0, blk_len=278
2020-01-09 09:29:07,813 [34] INFO SiteLogger [(null)] - Page_Load - receive_cmd -- 2
2020-01-09 09:29:07,828 [34] INFO SiteLogger [(null)] - Page_Load - receive_cmd -- 3 - DevName=fk_deviceLE, DevTime=20200109054850, DevInfo={"face_data_ver":528,"firmware":"ZLIF104HS10 V2.77 BS0C2","firmware_filename":"zlif104hs10_bs0c2_um","fk_bin_data_lib":"FKDataHS101","fp_data_ver":128,"supported_enroll_data":["PASSWORD","IDCARD","FP","FACE"]}
2020-01-09 09:29:07,828 [34] INFO SiteLogger [(null)] - ReceiveCmd -- 0 - Start
2020-01-09 09:29:07,828 [34] INFO SiteLogger [(null)] - ReceiveCmd -- 1 - Db connected
2020-01-09 09:29:07,828 [34] INFO SiteLogger [(null)] - ReceiveCmd -- 2
2020-01-09 09:29:07,828 [34] INFO SiteLogger [(null)] - CheckResetCmd -- 0 - dev_id:DC68B057639F7F37
2020-01-09 09:29:07,828 [34] INFO SiteLogger [(null)] - CheckResetCmd -- 1
2020-01-09 09:29:07,847 [34] INFO SiteLogger [(null)] - CheckResetCmd -- 2 - trans_id:
2020-01-09 09:29:07,848 [34] INFO SiteLogger [(null)] - CheckResetCmd -- 3
2020-01-09 09:29:07,850 [34] INFO SiteLogger [(null)] - ReceiveCmd -- 3
2020-01-09 09:29:07,851 [34] INFO SiteLogger [(null)] - UpdateFKDeviceStatus -- 0 - DevTime:20200109054850, DevId:DC68B057639F7F37, DevName:fk_deviceLE, DevInfo:{"face_data_ver":528,"firmware":"ZLIF104HS10 V2.77 BS0C2","firmware_filename":"zlif104hs10_bs0c2_um","fk_bin_data_lib":"FKDataHS101","fp_data_ver":128,"supported_enroll_data":["PASSWORD","IDCARD","FP","FACE"]}
2020-01-09 09:29:07,852 [34] INFO SiteLogger [(null)] - UpdateFKDeviceStatus -- 1
2020-01-09 09:29:07,865 [34] INFO SiteLogger [(null)] - UpdateFKDeviceStatus -- 2
2020-01-09 09:29:07,866 [34] INFO SiteLogger [(null)] - ReceiveCmd -- 4
2020-01-09 09:29:07,877 [34] INFO SiteLogger [(null)] - ReceiveCmd -- 5
2020-01-09 09:29:07,879 [34] INFO SiteLogger [(null)] - ReceiveCmd -- 5 - no cmd
2020-01-09 09:29:07,880 [34] INFO SiteLogger [(null)] - ReceiveCmd -- 11
2020-01-09 09:29:07,881 [34] INFO SiteLogger [(null)] - Page_Load - receive_cmd -- 4
2020-01-09 09:29:07,883 [34] INFO SiteLogger [(null)] - Page_Load - receive_cmd -- 5
2020-01-09 09:29:10,917 [40] INFO SiteLogger [(null)] - Contructor -- 0 - Conn:server=120.24.222.15;uid=sa;pwd=123456@hysoon;database=StandAttDB;Min Pool Size=0;Max Pool Size=512;Pooling=true;
2020-01-09 09:29:10,918 [40] INFO SiteLogger [(null)] - Page_Load -- **************** sRequestCode = receive_cmd dev_id=DC68B057639F7F37 trans_id=ReceiveCommandAction content_length=278
2020-01-09 09:29:10,918 [40] INFO SiteLogger [(null)] - Page_Load -- 1 - request_code : receive_cmd ,trans_id : ReceiveCommandAction
2020-01-09 09:29:10,919 [40] INFO SiteLogger [(null)] - Page_Load -- 3.4 - blk_no=0, blk_len=278
2020-01-09 09:29:10,919 [40] INFO SiteLogger [(null)] - Page_Load - receive_cmd -- 2
2020-01-09 09:29:10,919 [40] INFO SiteLogger [(null)] - Page_Load - receive_cmd -- 3 - DevName=fk_deviceLE, DevTime=20200109054853, DevInfo={"face_data_ver":528,"firmware":"ZLIF104HS10 V2.77 BS0C2","firmware_filename":"zlif104hs10_bs0c2_um","fk_bin_data_lib":"FKDataHS101","fp_data_ver":128,"supported_enroll_data":["PASSWORD","IDCARD","FP","FACE"]}
2020-01-09 09:29:10,920 [40] INFO SiteLogger [(null)] - ReceiveCmd -- 0 - Start
2020-01-09 09:29:10,920 [40] INFO SiteLogger [(null)] - ReceiveCmd -- 1 - Db connected
2020-01-09 09:29:10,920 [40] INFO SiteLogger [(null)] - ReceiveCmd -- 2
2020-01-09 09:29:10,920 [40] INFO SiteLogger [(null)] - CheckResetCmd -- 0 - dev_id:DC68B057639F7F37
2020-01-09 09:29:10,920 [40] INFO SiteLogger [(null)] - CheckResetCmd -- 1
2020-01-09 09:29:10,930 [40] INFO SiteLogger [(null)] - CheckResetCmd -- 2 - trans_id:
2020-01-09 09:29:10,930 [40] INFO SiteLogger [(null)] - CheckResetCmd -- 3
2020-01-09 09:29:10,931 [40] INFO SiteLogger [(null)] - ReceiveCmd -- 3
2020-01-09 09:29:10,931 [40] INFO SiteLogger [(null)] - UpdateFKDeviceStatus -- 0 - DevTime:20200109054853, DevId:DC68B057639F7F37, DevName:fk_deviceLE, DevInfo:{"face_data_ver":528,"firmware":"ZLIF104HS10 V2.77 BS0C2","firmware_filename":"zlif104hs10_bs0c2_um","fk_bin_data_lib":"FKDataHS101","fp_data_ver":128,"supported_enroll_data":["PASSWORD","IDCARD","FP","FACE"]}
2020-01-09 09:29:10,931 [40] INFO SiteLogger [(null)] - UpdateFKDeviceStatus -- 1
2020-01-09 09:29:10,942 [40] INFO SiteLogger [(null)] - UpdateFKDeviceStatus -- 2
2020-01-09 09:29:10,943 [40] INFO SiteLogger [(null)] - ReceiveCmd -- 4
2020-01-09 09:29:10,954 [40] INFO SiteLogger [(null)] - ReceiveCmd -- 5
2020-01-09 09:29:10,954 [40] INFO SiteLogger [(null)] - ReceiveCmd -- 5 - no cmd
2020-01-09 09:29:10,954 [40] INFO SiteLogger [(null)] - ReceiveCmd -- 11
2020-01-09 09:29:10,955 [40] INFO SiteLogger [(null)] - Page_Load - receive_cmd -- 4
2020-01-09 09:29:10,955 [40] INFO SiteLogger [(null)] - Page_Load - receive_cmd -- 5
2020-01-09 09:29:13,983 [41] INFO SiteLogger [(null)] - Contructor -- 0 - Conn:server=120.24.222.15;uid=sa;pwd=123456@hysoon;database=StandAttDB;Min Pool Size=0;Max Pool Size=512;Pooling=true;
2020-01-09 09:29:13,984 [41] INFO SiteLogger [(null)] - Page_Load -- **************** sRequestCode = receive_cmd dev_id=DC68B057639F7F37 trans_id=ReceiveCommandAction content_length=278
2020-01-09 09:29:13,984 [41] INFO SiteLogger [(null)] - Page_Load -- 1 - request_code : receive_cmd ,trans_id : ReceiveCommandAction
2020-01-09 09:29:13,985 [41] INFO SiteLogger [(null)] - Page_Load -- 3.4 - blk_no=0, blk_len=278
2020-01-09 09:29:13,985 [41] INFO SiteLogger [(null)] - Page_Load - receive_cmd -- 2
2020-01-09 09:29:13,985 [41] INFO SiteLogger [(null)] - Page_Load - receive_cmd -- 3 - DevName=fk_deviceLE, DevTime=20200109054856, DevInfo={"face_data_ver":528,"firmware":"ZLIF104HS10 V2.77 BS0C2","firmware_filename":"zlif104hs10_bs0c2_um","fk_bin_data_lib":"FKDataHS101","fp_data_ver":128,"supported_enroll_data":["PASSWORD","IDCARD","FP","FACE"]}
2020-01-09 09:29:13,986 [41] INFO SiteLogger [(null)] - ReceiveCmd -- 0 - Start
2020-01-09 09:29:13,986 [41] INFO SiteLogger [(null)] - ReceiveCmd -- 1 - Db connected
2020-01-09 09:29:13,986 [41] INFO SiteLogger [(null)] - ReceiveCmd -- 2
2020-01-09 09:29:13,987 [41] INFO SiteLogger [(null)] - CheckResetCmd -- 0 - dev_id:DC68B057639F7F37
2020-01-09 09:29:13,987 [41] INFO SiteLogger [(null)] - CheckResetCmd -- 1
2020-01-09 09:29:13,997 [41] INFO SiteLogger [(null)] - CheckResetCmd -- 2 - trans_id:
2020-01-09 09:29:13,998 [41] INFO SiteLogger [(null)] - CheckResetCmd -- 3
2020-01-09 09:29:13,998 [41] INFO SiteLogger [(null)] - ReceiveCmd -- 3
2020-01-09 09:29:13,998 [41] INFO SiteLogger [(null)] - UpdateFKDeviceStatus -- 0 - DevTime:20200109054856, DevId:DC68B057639F7F37, DevName:fk_deviceLE, DevInfo:{"face_data_ver":528,"firmware":"ZLIF104HS10 V2.77 BS0C2","firmware_filename":"zlif104hs10_bs0c2_um","fk_bin_data_lib":"FKDataHS101","fp_data_ver":128,"supported_enroll_data":["PASSWORD","IDCARD","FP","FACE"]}
2020-01-09 09:29:13,998 [41] INFO SiteLogger [(null)] - UpdateFKDeviceStatus -- 1
2020-01-09 09:29:14,009 [41] INFO SiteLogger [(null)] - UpdateFKDeviceStatus -- 2
2020-01-09 09:29:14,010 [41] INFO SiteLogger [(null)] - ReceiveCmd -- 4
2020-01-09 09:29:14,020 [41] INFO SiteLogger [(null)] - ReceiveCmd -- 5
2020-01-09 09:29:14,021 [41] INFO SiteLogger [(null)] - ReceiveCmd -- 6 - trans_id:733cmd_code:GET_USER_ID_LIST
2020-01-09 09:29:14,021 [41] INFO SiteLogger [(null)] - ReceiveCmd -- 11
2020-01-09 09:29:14,021 [41] INFO SiteLogger [(null)] - Page_Load - receive_cmd -- 4
2020-01-09 09:29:14,022 [41] INFO SiteLogger [(null)] - Page_Load - receive_cmd -- 5
2020-01-09 09:29:14,028 [45] INFO SiteLogger [(null)] - Contructor -- 0 - Conn:server=120.24.222.15;uid=sa;pwd=123456@hysoon;database=StandAttDB;Min Pool Size=0;Max Pool Size=512;Pooling=true;
2020-01-09 09:29:14,029 [45] INFO SiteLogger [(null)] - Page_Load -- **************** sRequestCode = send_cmd_result dev_id=DC68B057639F7F37 trans_id=733 content_length=74
2020-01-09 09:29:14,029 [45] INFO SiteLogger [(null)] - Page_Load -- 1 - request_code : send_cmd_result ,trans_id : 733
2020-01-09 09:29:14,030 [45] INFO SiteLogger [(null)] - Page_Load -- 3.4 - blk_no=0, blk_len=74
2020-01-09 09:29:14,030 [45] INFO SiteLogger [(null)] - Page_Load - send_cmd_result -- 1
2020-01-09 09:29:14,031 [45] INFO SiteLogger [(null)] - Page_Load - send_cmd_result -- 2 - trans_id:733
2020-01-09 09:29:14,031 [45] INFO SiteLogger [(null)] - CheckResetCmd -- 0 - dev_id:DC68B057639F7F37
2020-01-09 09:29:14,031 [45] INFO SiteLogger [(null)] - CheckResetCmd -- 1
2020-01-09 09:29:14,042 [45] INFO SiteLogger [(null)] - CheckResetCmd -- 2 - trans_id:
2020-01-09 09:29:14,042 [45] INFO SiteLogger [(null)] - CheckResetCmd -- 3
2020-01-09 09:29:14,043 [45] INFO SiteLogger [(null)] - IsCancelledCmd -- 0 - dev_id:DC68B057639F7F37trans_id:733
2020-01-09 09:29:14,043 [45] INFO SiteLogger [(null)] - IsCancelledCmd -- 1
2020-01-09 09:29:14,044 [45] INFO SiteLogger [(null)] - IsCancelledCmd -- 1.1
2020-01-09 09:29:14,054 [45] INFO SiteLogger [(null)] - IsCancelledCmd -- 2 - status:
2020-01-09 09:29:14,054 [45] INFO SiteLogger [(null)] - IsCancelledCmd -- 3
2020-01-09 09:29:14,055 [45] INFO SiteLogger [(null)] - Page_Load - send_cmd_result -- 3
2020-01-09 09:29:14,055 [45] INFO SiteLogger [(null)] - SetCmdResult -- 0 - trans_id:733, dev_id:DC68B057639F7F37
2020-01-09 09:29:14,056 [45] INFO SiteLogger [(null)] - SetCmdResult -- 1
2020-01-09 09:29:14,056 [45] INFO SiteLogger [(null)] - SetCmdResult -- 2
2020-01-09 09:29:14,056 [45] INFO SiteLogger [(null)] - SaveCmdResultLogData -- 1
2020-01-09 09:29:14,056 [45] INFO SiteLogger [(null)] - SaveCmdResultLogData -- 2
2020-01-09 09:29:14,067 [45] INFO SiteLogger [(null)] - SaveCmdResultSLogData -- 1
2020-01-09 09:29:14,068 [45] INFO SiteLogger [(null)] - SaveCmdResultSLogData -- 2
2020-01-09 09:29:14,078 [45] INFO SiteLogger [(null)] - SaveUserIdList -- 1
2020-01-09 09:29:14,079 [45] INFO SiteLogger [(null)] - SaveUserIdList -- 2 astrans_id = 733
2020-01-09 09:29:14,089 [45] INFO SiteLogger [(null)] - SaveUserIdList -- 3
2020-01-09 09:29:14,099 [45] INFO SiteLogger [(null)] - SaveUserIdList -- 4
2020-01-09 09:29:14,100 [45] INFO SiteLogger [(null)] - SaveUserIdList -- 5
2020-01-09 09:29:14,101 [45] INFO SiteLogger [(null)] - SaveUserIdList -- 6 - HS101
2020-01-09 09:29:14,112 [45] INFO SiteLogger [(null)] - SaveUserIdList -- 7 - HS101
2020-01-09 09:29:14,113 [45] INFO SiteLogger [(null)] - SaveUserIdList -- 8
2020-01-09 09:29:14,114 [45] INFO SiteLogger [(null)] - GetDeviceStatus -- 1
2020-01-09 09:29:14,115 [45] INFO SiteLogger [(null)] - GetDeviceStatus -- 2
2020-01-09 09:29:14,137 [45] INFO SiteLogger [(null)] - SetCmdResult -- 3
2020-01-09 09:29:14,138 [45] INFO SiteLogger [(null)] - Page_Load - send_cmd_result -- 4
2020-01-09 09:29:14,139 [45] INFO SiteLogger [(null)] - Page_Load - send_cmd_result -- 5
2020-01-09 09:29:14,446 [21] INFO SiteLogger [(null)] - Contructor -- 0 - Conn:server=120.24.222.15;uid=sa;pwd=123456@hysoon;database=StandAttDB;Min Pool Size=0;Max Pool Size=512;Pooling=true;
2020-01-09 09:29:14,447 [21] INFO SiteLogger [(null)] - Page_Load -- **************** sRequestCode = receive_cmd dev_id=DC68B057639F7F37 trans_id=ReceiveCommandAction content_length=278
2020-01-09 09:29:14,447 [21] INFO SiteLogger [(null)] - Page_Load -- 1 - request_code : receive_cmd ,trans_id : ReceiveCommandAction
2020-01-09 09:29:14,447 [21] INFO SiteLogger [(null)] - Page_Load -- 3.4 - blk_no=0, blk_len=278
2020-01-09 09:29:14,448 [21] INFO SiteLogger [(null)] - Page_Load - receive_cmd -- 2
2020-01-09 09:29:14,448 [21] INFO SiteLogger [(null)] - Page_Load - receive_cmd -- 3 - DevName=fk_deviceLE, DevTime=20200109054856, DevInfo={"face_data_ver":528,"firmware":"ZLIF104HS10 V2.77 BS0C2","firmware_filename":"zlif104hs10_bs0c2_um","fk_bin_data_lib":"FKDataHS101","fp_data_ver":128,"supported_enroll_data":["PASSWORD","IDCARD","FP","FACE"]}
2020-01-09 09:29:14,449 [21] INFO SiteLogger [(null)] - ReceiveCmd -- 0 - Start
2020-01-09 09:29:14,449 [21] INFO SiteLogger [(null)] - ReceiveCmd -- 1 - Db connected
2020-01-09 09:29:14,449 [21] INFO SiteLogger [(null)] - ReceiveCmd -- 2
2020-01-09 09:29:14,449 [21] INFO SiteLogger [(null)] - CheckResetCmd -- 0 - dev_id:DC68B057639F7F37
2020-01-09 09:29:14,449 [21] INFO SiteLogger [(null)] - CheckResetCmd -- 1
2020-01-09 09:29:14,459 [21] INFO SiteLogger [(null)] - CheckResetCmd -- 2 - trans_id:
2020-01-09 09:29:14,459 [21] INFO SiteLogger [(null)] - CheckResetCmd -- 3
2020-01-09 09:29:14,460 [21] INFO SiteLogger [(null)] - ReceiveCmd -- 3
2020-01-09 09:29:14,460 [21] INFO SiteLogger [(null)] - UpdateFKDeviceStatus -- 0 - DevTime:20200109054856, DevId:DC68B057639F7F37, DevName:fk_deviceLE, DevInfo:{"face_data_ver":528,"firmware":"ZLIF104HS10 V2.77 BS0C2","firmware_filename":"zlif104hs10_bs0c2_um","fk_bin_data_lib":"FKDataHS101","fp_data_ver":128,"supported_enroll_data":["PASSWORD","IDCARD","FP","FACE"]}
2020-01-09 09:29:14,460 [21] INFO SiteLogger [(null)] - UpdateFKDeviceStatus -- 1
2020-01-09 09:29:14,471 [21] INFO SiteLogger [(null)] - UpdateFKDeviceStatus -- 2
2020-01-09 09:29:14,471 [21] INFO SiteLogger [(null)] - ReceiveCmd -- 4
2020-01-09 09:29:14,482 [21] INFO SiteLogger [(null)] - ReceiveCmd -- 5
2020-01-09 09:29:14,483 [21] INFO SiteLogger [(null)] - ReceiveCmd -- 5 - no cmd
2020-01-09 09:29:14,483 [21] INFO SiteLogger [(null)] - ReceiveCmd -- 11
2020-01-09 09:29:14,483 [21] INFO SiteLogger [(null)] - Page_Load - receive_cmd -- 4
2020-01-09 09:29:14,483 [21] INFO SiteLogger [(null)] - Page_Load - receive_cmd -- 5
2020-01-09 09:29:16,904 [34] INFO SiteLogger [(null)] - Contructor -- 0 - Conn:server=120.24.222.15;uid=sa;pwd=123456@hysoon;database=StandAttDB;Min Pool Size=0;Max Pool Size=512;Pooling=true;
2020-01-09 09:29:16,904 [34] INFO SiteLogger [(null)] - Page_Load -- **************** sRequestCode = receive_cmd dev_id=DC68B057639F7F37 trans_id=ReceiveCommandAction content_length=278
2020-01-09 09:29:16,904 [34] INFO SiteLogger [(null)] - Page_Load -- 1 - request_code : receive_cmd ,trans_id : ReceiveCommandAction
2020-01-09 09:29:16,905 [34] INFO SiteLogger [(null)] - Page_Load -- 3.4 - blk_no=0, blk_len=278
2020-01-09 09:29:16,905 [34] INFO SiteLogger [(null)] - Page_Load - receive_cmd -- 2
2020-01-09 09:29:16,906 [34] INFO SiteLogger [(null)] - Page_Load - receive_cmd -- 3 - DevName=fk_deviceLE, DevTime=20200109054859, DevInfo={"face_data_ver":528,"firmware":"ZLIF104HS10 V2.77 BS0C2","firmware_filename":"zlif104hs10_bs0c2_um","fk_bin_data_lib":"FKDataHS101","fp_data_ver":128,"supported_enroll_data":["PASSWORD","IDCARD","FP","FACE"]}
2020-01-09 09:29:16,906 [34] INFO SiteLogger [(null)] - ReceiveCmd -- 0 - Start
2020-01-09 09:29:16,906 [34] INFO SiteLogger [(null)] - ReceiveCmd -- 1 - Db connected
2020-01-09 09:29:16,906 [34] INFO SiteLogger [(null)] - ReceiveCmd -- 2
2020-01-09 09:29:16,906 [34] INFO SiteLogger [(null)] - CheckResetCmd -- 0 - dev_id:DC68B057639F7F37
2020-01-09 09:29:16,906 [34] INFO SiteLogger [(null)] - CheckResetCmd -- 1
2020-01-09 09:29:16,915 [34] INFO SiteLogger [(null)] - CheckResetCmd -- 2 - trans_id:
2020-01-09 09:29:16,916 [34] INFO SiteLogger [(null)] - CheckResetCmd -- 3
2020-01-09 09:29:16,916 [34] INFO SiteLogger [(null)] - ReceiveCmd -- 3
2020-01-09 09:29:16,916 [34] INFO SiteLogger [(null)] - UpdateFKDeviceStatus -- 0 - DevTime:20200109054859, DevId:DC68B057639F7F37, DevName:fk_deviceLE, DevInfo:{"face_data_ver":528,"firmware":"ZLIF104HS10 V2.77 BS0C2","firmware_filename":"zlif104hs10_bs0c2_um","fk_bin_data_lib":"FKDataHS101","fp_data_ver":128,"supported_enroll_data":["PASSWORD","IDCARD","FP","FACE"]}
2020-01-09 09:29:16,917 [34] INFO SiteLogger [(null)] - UpdateFKDeviceStatus -- 1
2020-01-09 09:29:16,927 [34] INFO SiteLogger [(null)] - UpdateFKDeviceStatus -- 2
2020-01-09 09:29:16,929 [34] INFO SiteLogger [(null)] - ReceiveCmd -- 4
2020-01-09 09:29:16,939 [34] INFO SiteLogger [(null)] - ReceiveCmd -- 5
2020-01-09 09:29:16,940 [34] INFO SiteLogger [(null)] - ReceiveCmd -- 6 - trans_id:734cmd_code:CLEAR_ENROLL_DATA
2020-01-09 09:29:16,940 [34] INFO SiteLogger [(null)] - ReceiveCmd -- 11
2020-01-09 09:29:16,941 [34] INFO SiteLogger [(null)] - Page_Load - receive_cmd -- 4
2020-01-09 09:29:16,941 [34] INFO SiteLogger [(null)] - Page_Load - receive_cmd -- 5
2020-01-09 09:29:17,237 [40] INFO SiteLogger [(null)] - Contructor -- 0 - Conn:server=120.24.222.15;uid=sa;pwd=123456@hysoon;database=StandAttDB;Min Pool Size=0;Max Pool Size=512;Pooling=true;
2020-01-09 09:29:17,238 [40] INFO SiteLogger [(null)] - Page_Load -- **************** sRequestCode = send_cmd_result dev_id=DC68B057639F7F37 trans_id=734 content_length=0
2020-01-09 09:29:17,239 [40] INFO SiteLogger [(null)] - Page_Load -- 1 - request_code : send_cmd_result ,trans_id : 734
2020-01-09 09:29:17,240 [40] INFO SiteLogger [(null)] - Page_Load -- 3.4 - blk_no=0, blk_len=0
2020-01-09 09:29:17,241 [40] INFO SiteLogger [(null)] - Page_Load - send_cmd_result -- 1
2020-01-09 09:29:17,242 [40] INFO SiteLogger [(null)] - Page_Load - send_cmd_result -- 2 - trans_id:734
2020-01-09 09:29:17,244 [40] INFO SiteLogger [(null)] - CheckResetCmd -- 0 - dev_id:DC68B057639F7F37
2020-01-09 09:29:17,245 [40] INFO SiteLogger [(null)] - CheckResetCmd -- 1
2020-01-09 09:29:17,255 [40] INFO SiteLogger [(null)] - CheckResetCmd -- 2 - trans_id:
2020-01-09 09:29:17,256 [40] INFO SiteLogger [(null)] - CheckResetCmd -- 3
2020-01-09 09:29:17,257 [40] INFO SiteLogger [(null)] - IsCancelledCmd -- 0 - dev_id:DC68B057639F7F37trans_id:734
2020-01-09 09:29:17,258 [40] INFO SiteLogger [(null)] - IsCancelledCmd -- 1
2020-01-09 09:29:17,259 [40] INFO SiteLogger [(null)] - IsCancelledCmd -- 1.1
2020-01-09 09:29:17,269 [40] INFO SiteLogger [(null)] - IsCancelledCmd -- 2 - status:
2020-01-09 09:29:17,270 [40] INFO SiteLogger [(null)] - IsCancelledCmd -- 3
2020-01-09 09:29:17,271 [40] INFO SiteLogger [(null)] - Page_Load - send_cmd_result -- 3
2020-01-09 09:29:17,272 [40] INFO SiteLogger [(null)] - SetCmdResult -- 0 - trans_id:734, dev_id:DC68B057639F7F37
2020-01-09 09:29:17,273 [40] INFO SiteLogger [(null)] - SetCmdResult -- 1
2020-01-09 09:29:17,274 [40] INFO SiteLogger [(null)] - SetCmdResult -- 2
2020-01-09 09:29:17,275 [40] INFO SiteLogger [(null)] - SaveCmdResultLogData -- 1
2020-01-09 09:29:17,276 [40] INFO SiteLogger [(null)] - SaveCmdResultLogData -- 2
2020-01-09 09:29:17,287 [40] INFO SiteLogger [(null)] - SaveCmdResultSLogData -- 1
2020-01-09 09:29:17,288 [40] INFO SiteLogger [(null)] - SaveCmdResultSLogData -- 2
2020-01-09 09:29:17,298 [40] INFO SiteLogger [(null)] - SaveUserIdList -- 1
2020-01-09 09:29:17,299 [40] INFO SiteLogger [(null)] - SaveUserIdList -- 2 astrans_id = 734
2020-01-09 09:29:17,309 [40] INFO SiteLogger [(null)] - SaveUserIdList -- 2-1 astrans_id = 734
2020-01-09 09:29:17,310 [40] INFO SiteLogger [(null)] - GetDeviceStatus -- 1
2020-01-09 09:29:17,311 [40] INFO SiteLogger [(null)] - GetDeviceStatus -- 2
2020-01-09 09:29:17,330 [40] INFO SiteLogger [(null)] - SetCmdResult -- 3
2020-01-09 09:29:17,332 [40] INFO SiteLogger [(null)] - Page_Load - send_cmd_result -- 4
2020-01-09 09:29:17,333 [40] INFO SiteLogger [(null)] - Page_Load - send_cmd_result -- 5
2020-01-09 09:29:17,639 [22] INFO SiteLogger [(null)] - Contructor -- 0 - Conn:server=120.24.222.15;uid=sa;pwd=123456@hysoon;database=StandAttDB;Min Pool Size=0;Max Pool Size=512;Pooling=true;
2020-01-09 09:29:17,639 [22] INFO SiteLogger [(null)] - Page_Load -- **************** sRequestCode = receive_cmd dev_id=DC68B057639F7F37 trans_id=ReceiveCommandAction content_length=278
2020-01-09 09:29:17,639 [22] INFO SiteLogger [(null)] - Page_Load -- 1 - request_code : receive_cmd ,trans_id : ReceiveCommandAction
2020-01-09 09:29:17,639 [22] INFO SiteLogger [(null)] - Page_Load -- 3.4 - blk_no=0, blk_len=278
2020-01-09 09:29:17,639 [22] INFO SiteLogger [(null)] - Page_Load - receive_cmd -- 2
2020-01-09 09:29:17,639 [22] INFO SiteLogger [(null)] - Page_Load - receive_cmd -- 3 - DevName=fk_deviceLE, DevTime=20200109054859, DevInfo={"face_data_ver":528,"firmware":"ZLIF104HS10 V2.77 BS0C2","firmware_filename":"zlif104hs10_bs0c2_um","fk_bin_data_lib":"FKDataHS101","fp_data_ver":128,"supported_enroll_data":["PASSWORD","IDCARD","FP","FACE"]}
2020-01-09 09:29:17,639 [22] INFO SiteLogger [(null)] - ReceiveCmd -- 0 - Start
2020-01-09 09:29:17,639 [22] INFO SiteLogger [(null)] - ReceiveCmd -- 1 - Db connected
2020-01-09 09:29:17,639 [22] INFO SiteLogger [(null)] - ReceiveCmd -- 2
2020-01-09 09:29:17,639 [22] INFO SiteLogger [(null)] - CheckResetCmd -- 0 - dev_id:DC68B057639F7F37
2020-01-09 09:29:17,655 [22] INFO SiteLogger [(null)] - CheckResetCmd -- 1
2020-01-09 09:29:17,655 [22] INFO SiteLogger [(null)] - CheckResetCmd -- 2 - trans_id:
2020-01-09 09:29:17,655 [22] INFO SiteLogger [(null)] - CheckResetCmd -- 3
2020-01-09 09:29:17,655 [22] INFO SiteLogger [(null)] - ReceiveCmd -- 3
2020-01-09 09:29:17,671 [22] INFO SiteLogger [(null)] - UpdateFKDeviceStatus -- 0 - DevTime:20200109054859, DevId:DC68B057639F7F37, DevName:fk_deviceLE, DevInfo:{"face_data_ver":528,"firmware":"ZLIF104HS10 V2.77 BS0C2","firmware_filename":"zlif104hs10_bs0c2_um","fk_bin_data_lib":"FKDataHS101","fp_data_ver":128,"supported_enroll_data":["PASSWORD","IDCARD","FP","FACE"]}
2020-01-09 09:29:17,672 [22] INFO SiteLogger [(null)] - UpdateFKDeviceStatus -- 1
2020-01-09 09:29:17,684 [22] INFO SiteLogger [(null)] - UpdateFKDeviceStatus -- 2
2020-01-09 09:29:17,685 [22] INFO SiteLogger [(null)] - ReceiveCmd -- 4
2020-01-09 09:29:17,697 [22] INFO SiteLogger [(null)] - ReceiveCmd -- 5
2020-01-09 09:29:17,699 [22] INFO SiteLogger [(null)] - ReceiveCmd -- 5 - no cmd
2020-01-09 09:29:17,700 [22] INFO SiteLogger [(null)] - ReceiveCmd -- 11
2020-01-09 09:29:17,701 [22] INFO SiteLogger [(null)] - Page_Load - receive_cmd -- 4
2020-01-09 09:29:17,703 [22] INFO SiteLogger [(null)] - Page_Load - receive_cmd -- 5
2020-01-09 09:29:19,809 [28] INFO SiteLogger [(null)] - Contructor -- 0 - Conn:server=120.24.222.15;uid=sa;pwd=123456@hysoon;database=StandAttDB;Min Pool Size=0;Max Pool Size=512;Pooling=true;
2020-01-09 09:29:19,809 [28] INFO SiteLogger [(null)] - Page_Load -- **************** sRequestCode = receive_cmd dev_id=DC68B057639F7F37 trans_id=ReceiveCommandAction content_length=278
2020-01-09 09:29:19,809 [28] INFO SiteLogger [(null)] - Page_Load -- 1 - request_code : receive_cmd ,trans_id : ReceiveCommandAction
2020-01-09 09:29:19,809 [28] INFO SiteLogger [(null)] - Page_Load -- 3.4 - blk_no=0, blk_len=278
2020-01-09 09:29:19,825 [28] INFO SiteLogger [(null)] - Page_Load - receive_cmd -- 2
2020-01-09 09:29:19,825 [28] INFO SiteLogger [(null)] - Page_Load - receive_cmd -- 3 - DevName=fk_deviceLE, DevTime=20200109054902, DevInfo={"face_data_ver":528,"firmware":"ZLIF104HS10 V2.77 BS0C2","firmware_filename":"zlif104hs10_bs0c2_um","fk_bin_data_lib":"FKDataHS101","fp_data_ver":128,"supported_enroll_data":["PASSWORD","IDCARD","FP","FACE"]}
2020-01-09 09:29:19,825 [28] INFO SiteLogger [(null)] - ReceiveCmd -- 0 - Start
2020-01-09 09:29:19,825 [28] INFO SiteLogger [(null)] - ReceiveCmd -- 1 - Db connected
2020-01-09 09:29:19,825 [28] INFO SiteLogger [(null)] - ReceiveCmd -- 2
2020-01-09 09:29:19,825 [28] INFO SiteLogger [(null)] - CheckResetCmd -- 0 - dev_id:DC68B057639F7F37
2020-01-09 09:29:19,825 [28] INFO SiteLogger [(null)] - CheckResetCmd -- 1
2020-01-09 09:29:19,841 [28] INFO SiteLogger [(null)] - CheckResetCmd -- 2 - trans_id:
2020-01-09 09:29:19,841 [28] INFO SiteLogger [(null)] - CheckResetCmd -- 3
2020-01-09 09:29:19,841 [28] INFO SiteLogger [(null)] - ReceiveCmd -- 3
2020-01-09 09:29:19,841 [28] INFO SiteLogger [(null)] - UpdateFKDeviceStatus -- 0 - DevTime:20200109054902, DevId:DC68B057639F7F37, DevName:fk_deviceLE, DevInfo:{"face_data_ver":528,"firmware":"ZLIF104HS10 V2.77 BS0C2","firmware_filename":"zlif104hs10_bs0c2_um","fk_bin_data_lib":"FKDataHS101","fp_data_ver":128,"supported_enroll_data":["PASSWORD","IDCARD","FP","FACE"]}
2020-01-09 09:29:19,841 [28] INFO SiteLogger [(null)] - UpdateFKDeviceStatus -- 1
2020-01-09 09:29:19,841 [28] INFO SiteLogger [(null)] - UpdateFKDeviceStatus -- 2
2020-01-09 09:29:19,841 [28] INFO SiteLogger [(null)] - ReceiveCmd -- 4
2020-01-09 09:29:19,866 [28] INFO SiteLogger [(null)] - ReceiveCmd -- 5
2020-01-09 09:29:19,866 [28] INFO SiteLogger [(null)] - ReceiveCmd -- 5 - no cmd
2020-01-09 09:29:19,867 [28] INFO SiteLogger [(null)] - ReceiveCmd -- 11
2020-01-09 09:29:19,867 [28] INFO SiteLogger [(null)] - Page_Load - receive_cmd -- 4
2020-01-09 09:29:19,868 [28] INFO SiteLogger [(null)] - Page_Load - receive_cmd -- 5
2020-01-09 09:29:22,896 [45] INFO SiteLogger [(null)] - Contructor -- 0 - Conn:server=120.24.222.15;uid=sa;pwd=123456@hysoon;database=StandAttDB;Min Pool Size=0;Max Pool Size=512;Pooling=true;
2020-01-09 09:29:22,897 [45] INFO SiteLogger [(null)] - Page_Load -- **************** sRequestCode = receive_cmd dev_id=DC68B057639F7F37 trans_id=ReceiveCommandAction content_length=278
2020-01-09 09:29:22,897 [45] INFO SiteLogger [(null)] - Page_Load -- 1 - request_code : receive_cmd ,trans_id : ReceiveCommandAction
2020-01-09 09:29:22,898 [45] INFO SiteLogger [(null)] - Page_Load -- 3.4 - blk_no=0, blk_len=278
2020-01-09 09:29:22,898 [45] INFO SiteLogger [(null)] - Page_Load - receive_cmd -- 2
2020-01-09 09:29:22,898 [45] INFO SiteLogger [(null)] - Page_Load - receive_cmd -- 3 - DevName=fk_deviceLE, DevTime=20200109054905, DevInfo={"face_data_ver":528,"firmware":"ZLIF104HS10 V2.77 BS0C2","firmware_filename":"zlif104hs10_bs0c2_um","fk_bin_data_lib":"FKDataHS101","fp_data_ver":128,"supported_enroll_data":["PASSWORD","IDCARD","FP","FACE"]}
2020-01-09 09:29:22,899 [45] INFO SiteLogger [(null)] - ReceiveCmd -- 0 - Start
2020-01-09 09:29:22,899 [45] INFO SiteLogger [(null)] - ReceiveCmd -- 1 - Db connected
2020-01-09 09:29:22,899 [45] INFO SiteLogger [(null)] - ReceiveCmd -- 2
2020-01-09 09:29:22,899 [45] INFO SiteLogger [(null)] - CheckResetCmd -- 0 - dev_id:DC68B057639F7F37
2020-01-09 09:29:22,899 [45] INFO SiteLogger [(null)] - CheckResetCmd -- 1
2020-01-09 09:29:22,910 [45] INFO SiteLogger [(null)] - CheckResetCmd -- 2 - trans_id:
2020-01-09 09:29:22,911 [45] INFO SiteLogger [(null)] - CheckResetCmd -- 3
2020-01-09 09:29:22,911 [45] INFO SiteLogger [(null)] - ReceiveCmd -- 3
2020-01-09 09:29:22,912 [45] INFO SiteLogger [(null)] - UpdateFKDeviceStatus -- 0 - DevTime:20200109054905, DevId:DC68B057639F7F37, DevName:fk_deviceLE, DevInfo:{"face_data_ver":528,"firmware":"ZLIF104HS10 V2.77 BS0C2","firmware_filename":"zlif104hs10_bs0c2_um","fk_bin_data_lib":"FKDataHS101","fp_data_ver":128,"supported_enroll_data":["PASSWORD","IDCARD","FP","FACE"]}
2020-01-09 09:29:22,912 [45] INFO SiteLogger [(null)] - UpdateFKDeviceStatus -- 1
2020-01-09 09:29:22,912 [45] INFO SiteLogger [(null)] - UpdateFKDeviceStatus -- 2
2020-01-09 09:29:22,912 [45] INFO SiteLogger [(null)] - ReceiveCmd -- 4
2020-01-09 09:29:22,928 [45] INFO SiteLogger [(null)] - ReceiveCmd -- 5
2020-01-09 09:29:22,928 [45] INFO SiteLogger [(null)] - ReceiveCmd -- 6 - trans_id:735cmd_code:CLEAR_ENROLL_DATA
2020-01-09 09:29:22,928 [45] INFO SiteLogger [(null)] - ReceiveCmd -- 11
2020-01-09 09:29:22,928 [45] INFO SiteLogger [(null)] - Page_Load - receive_cmd -- 4
2020-01-09 09:29:22,928 [45] INFO SiteLogger [(null)] - Page_Load - receive_cmd -- 5
2020-01-09 09:29:23,308 [21] INFO SiteLogger [(null)] - Contructor -- 0 - Conn:server=120.24.222.15;uid=sa;pwd=123456@hysoon;database=StandAttDB;Min Pool Size=0;Max Pool Size=512;Pooling=true;
2020-01-09 09:29:23,308 [21] INFO SiteLogger [(null)] - Page_Load -- **************** sRequestCode = send_cmd_result dev_id=DC68B057639F7F37 trans_id=735 content_length=0
2020-01-09 09:29:23,308 [21] INFO SiteLogger [(null)] - Page_Load -- 1 - request_code : send_cmd_result ,trans_id : 735
2020-01-09 09:29:23,308 [21] INFO SiteLogger [(null)] - Page_Load -- 3.4 - blk_no=0, blk_len=0
2020-01-09 09:29:23,308 [21] INFO SiteLogger [(null)] - Page_Load - send_cmd_result -- 1
2020-01-09 09:29:23,308 [21] INFO SiteLogger [(null)] - Page_Load - send_cmd_result -- 2 - trans_id:735
2020-01-09 09:29:23,308 [21] INFO SiteLogger [(null)] - CheckResetCmd -- 0 - dev_id:DC68B057639F7F37
2020-01-09 09:29:23,308 [21] INFO SiteLogger [(null)] - CheckResetCmd -- 1
2020-01-09 09:29:23,324 [21] INFO SiteLogger [(null)] - CheckResetCmd -- 2 - trans_id:
2020-01-09 09:29:23,324 [21] INFO SiteLogger [(null)] - CheckResetCmd -- 3
2020-01-09 09:29:23,324 [21] INFO SiteLogger [(null)] - IsCancelledCmd -- 0 - dev_id:DC68B057639F7F37trans_id:735
2020-01-09 09:29:23,324 [21] INFO SiteLogger [(null)] - IsCancelledCmd -- 1
2020-01-09 09:29:23,324 [21] INFO SiteLogger [(null)] - IsCancelledCmd -- 1.1
2020-01-09 09:29:23,339 [21] INFO SiteLogger [(null)] - IsCancelledCmd -- 2 - status:
2020-01-09 09:29:23,339 [21] INFO SiteLogger [(null)] - IsCancelledCmd -- 3
2020-01-09 09:29:23,339 [21] INFO SiteLogger [(null)] - Page_Load - send_cmd_result -- 3
2020-01-09 09:29:23,339 [21] INFO SiteLogger [(null)] - SetCmdResult -- 0 - trans_id:735, dev_id:DC68B057639F7F37
2020-01-09 09:29:23,339 [21] INFO SiteLogger [(null)] - SetCmdResult -- 1
2020-01-09 09:29:23,355 [21] INFO SiteLogger [(null)] - SetCmdResult -- 2
2020-01-09 09:29:23,356 [21] INFO SiteLogger [(null)] - SaveCmdResultLogData -- 1
2020-01-09 09:29:23,358 [21] INFO SiteLogger [(null)] - SaveCmdResultLogData -- 2
2020-01-09 09:29:23,369 [21] INFO SiteLogger [(null)] - SaveCmdResultSLogData -- 1
2020-01-09 09:29:23,370 [21] INFO SiteLogger [(null)] - SaveCmdResultSLogData -- 2
2020-01-09 09:29:23,382 [21] INFO SiteLogger [(null)] - SaveUserIdList -- 1
2020-01-09 09:29:23,383 [21] INFO SiteLogger [(null)] - SaveUserIdList -- 2 astrans_id = 735
2020-01-09 09:29:23,395 [21] INFO SiteLogger [(null)] - SaveUserIdList -- 2-1 astrans_id = 735
2020-01-09 09:29:23,396 [21] INFO SiteLogger [(null)] - GetDeviceStatus -- 1
2020-01-09 09:29:23,398 [21] INFO SiteLogger [(null)] - GetDeviceStatus -- 2
2020-01-09 09:29:23,407 [21] INFO SiteLogger [(null)] - SetCmdResult -- 3
2020-01-09 09:29:23,423 [21] INFO SiteLogger [(null)] - Page_Load - send_cmd_result -- 4
2020-01-09 09:29:23,423 [21] INFO SiteLogger [(null)] - Page_Load - send_cmd_result -- 5
2020-01-09 09:29:23,719 [22] INFO SiteLogger [(null)] - Contructor -- 0 - Conn:server=120.24.222.15;uid=sa;pwd=123456@hysoon;database=StandAttDB;Min Pool Size=0;Max Pool Size=512;Pooling=true;
2020-01-09 09:29:23,719 [22] INFO SiteLogger [(null)] - Page_Load -- **************** sRequestCode = receive_cmd dev_id=DC68B057639F7F37 trans_id=ReceiveCommandAction content_length=278
2020-01-09 09:29:23,735 [22] INFO SiteLogger [(null)] - Page_Load -- 1 - request_code : receive_cmd ,trans_id : ReceiveCommandAction
2020-01-09 09:29:23,735 [22] INFO SiteLogger [(null)] - Page_Load -- 3.4 - blk_no=0, blk_len=278
2020-01-09 09:29:23,735 [22] INFO SiteLogger [(null)] - Page_Load - receive_cmd -- 2
2020-01-09 09:29:23,735 [22] INFO SiteLogger [(null)] - Page_Load - receive_cmd -- 3 - DevName=fk_deviceLE, DevTime=20200109054905, DevInfo={"face_data_ver":528,"firmware":"ZLIF104HS10 V2.77 BS0C2","firmware_filename":"zlif104hs10_bs0c2_um","fk_bin_data_lib":"FKDataHS101","fp_data_ver":128,"supported_enroll_data":["PASSWORD","IDCARD","FP","FACE"]}
2020-01-09 09:29:23,735 [22] INFO SiteLogger [(null)] - ReceiveCmd -- 0 - Start
2020-01-09 09:29:23,735 [22] INFO SiteLogger [(null)] - ReceiveCmd -- 1 - Db connected
2020-01-09 09:29:23,735 [22] INFO SiteLogger [(null)] - ReceiveCmd -- 2
2020-01-09 09:29:23,735 [22] INFO SiteLogger [(null)] - CheckResetCmd -- 0 - dev_id:DC68B057639F7F37
2020-01-09 09:29:23,735 [22] INFO SiteLogger [(null)] - CheckResetCmd -- 1
2020-01-09 09:29:23,755 [22] INFO SiteLogger [(null)] - CheckResetCmd -- 2 - trans_id:
2020-01-09 09:29:23,756 [22] INFO SiteLogger [(null)] - CheckResetCmd -- 3
2020-01-09 09:29:23,757 [22] INFO SiteLogger [(null)] - ReceiveCmd -- 3
2020-01-09 09:29:23,759 [22] INFO SiteLogger [(null)] - UpdateFKDeviceStatus -- 0 - DevTime:20200109054905, DevId:DC68B057639F7F37, DevName:fk_deviceLE, DevInfo:{"face_data_ver":528,"firmware":"ZLIF104HS10 V2.77 BS0C2","firmware_filename":"zlif104hs10_bs0c2_um","fk_bin_data_lib":"FKDataHS101","fp_data_ver":128,"supported_enroll_data":["PASSWORD","IDCARD","FP","FACE"]}
2020-01-09 09:29:23,760 [22] INFO SiteLogger [(null)] - UpdateFKDeviceStatus -- 1
2020-01-09 09:29:23,771 [22] INFO SiteLogger [(null)] - UpdateFKDeviceStatus -- 2
2020-01-09 09:29:23,773 [22] INFO SiteLogger [(null)] - ReceiveCmd -- 4
2020-01-09 09:29:23,784 [22] INFO SiteLogger [(null)] - ReceiveCmd -- 5
2020-01-09 09:29:23,785 [22] INFO SiteLogger [(null)] - ReceiveCmd -- 5 - no cmd
2020-01-09 09:29:23,787 [22] INFO SiteLogger [(null)] - ReceiveCmd -- 11
2020-01-09 09:29:23,788 [22] INFO SiteLogger [(null)] - Page_Load - receive_cmd -- 4
2020-01-09 09:29:23,789 [22] INFO SiteLogger [(null)] - Page_Load - receive_cmd -- 5
2020-01-09 09:29:25,900 [52] INFO SiteLogger [(null)] - Contructor -- 0 - Conn:server=120.24.222.15;uid=sa;pwd=123456@hysoon;database=StandAttDB;Min Pool Size=0;Max Pool Size=512;Pooling=true;
2020-01-09 09:29:25,900 [52] INFO SiteLogger [(null)] - Page_Load -- **************** sRequestCode = receive_cmd dev_id=DC68B057639F7F37 trans_id=ReceiveCommandAction content_length=278
2020-01-09 09:29:25,900 [52] INFO SiteLogger [(null)] - Page_Load -- 1 - request_code : receive_cmd ,trans_id : ReceiveCommandAction
2020-01-09 09:29:25,900 [52] INFO SiteLogger [(null)] - Page_Load -- 3.4 - blk_no=0, blk_len=278
2020-01-09 09:29:25,900 [52] INFO SiteLogger [(null)] - Page_Load - receive_cmd -- 2
2020-01-09 09:29:25,900 [52] INFO SiteLogger [(null)] - Page_Load - receive_cmd -- 3 - DevName=fk_deviceLE, DevTime=20200109054908, DevInfo={"face_data_ver":528,"firmware":"ZLIF104HS10 V2.77 BS0C2","firmware_filename":"zlif104hs10_bs0c2_um","fk_bin_data_lib":"FKDataHS101","fp_data_ver":128,"supported_enroll_data":["PASSWORD","IDCARD","FP","FACE"]}
2020-01-09 09:29:25,916 [52] INFO SiteLogger [(null)] - ReceiveCmd -- 0 - Start
2020-01-09 09:29:25,916 [52] INFO SiteLogger [(null)] - ReceiveCmd -- 1 - Db connected
2020-01-09 09:29:25,916 [52] INFO SiteLogger [(null)] - ReceiveCmd -- 2
2020-01-09 09:29:25,916 [52] INFO SiteLogger [(null)] - CheckResetCmd -- 0 - dev_id:DC68B057639F7F37
2020-01-09 09:29:25,916 [52] INFO SiteLogger [(null)] - CheckResetCmd -- 1
2020-01-09 09:29:25,933 [52] INFO SiteLogger [(null)] - CheckResetCmd -- 2 - trans_id:
2020-01-09 09:29:25,935 [52] INFO SiteLogger [(null)] - CheckResetCmd -- 3
2020-01-09 09:29:25,935 [52] INFO SiteLogger [(null)] - ReceiveCmd -- 3
2020-01-09 09:29:25,936 [52] INFO SiteLogger [(null)] - UpdateFKDeviceStatus -- 0 - DevTime:20200109054908, DevId:DC68B057639F7F37, DevName:fk_deviceLE, DevInfo:{"face_data_ver":528,"firmware":"ZLIF104HS10 V2.77 BS0C2","firmware_filename":"zlif104hs10_bs0c2_um","fk_bin_data_lib":"FKDataHS101","fp_data_ver":128,"supported_enroll_data":["PASSWORD","IDCARD","FP","FACE"]}
2020-01-09 09:29:25,937 [52] INFO SiteLogger [(null)] - UpdateFKDeviceStatus -- 1
2020-01-09 09:29:25,948 [52] INFO SiteLogger [(null)] - UpdateFKDeviceStatus -- 2
2020-01-09 09:29:25,949 [52] INFO SiteLogger [(null)] - ReceiveCmd -- 4
2020-01-09 09:29:25,961 [52] INFO SiteLogger [(null)] - ReceiveCmd -- 5
2020-01-09 09:29:25,961 [52] INFO SiteLogger [(null)] - ReceiveCmd -- 6 - trans_id:736cmd_code:CLEAR_MANAGER
2020-01-09 09:29:25,962 [52] INFO SiteLogger [(null)] - ReceiveCmd -- 11
2020-01-09 09:29:25,962 [52] INFO SiteLogger [(null)] - Page_Load - receive_cmd -- 4
2020-01-09 09:29:25,962 [52] INFO SiteLogger [(null)] - Page_Load - receive_cmd -- 5
2020-01-09 09:29:25,969 [41] INFO SiteLogger [(null)] - Contructor -- 0 - Conn:server=120.24.222.15;uid=sa;pwd=123456@hysoon;database=StandAttDB;Min Pool Size=0;Max Pool Size=512;Pooling=true;
2020-01-09 09:29:25,970 [41] INFO SiteLogger [(null)] - Page_Load -- **************** sRequestCode = send_cmd_result dev_id=DC68B057639F7F37 trans_id=736 content_length=0
2020-01-09 09:29:25,970 [41] INFO SiteLogger [(null)] - Page_Load -- 1 - request_code : send_cmd_result ,trans_id : 736
2020-01-09 09:29:25,970 [41] INFO SiteLogger [(null)] - Page_Load -- 3.4 - blk_no=0, blk_len=0
2020-01-09 09:29:25,971 [41] INFO SiteLogger [(null)] - Page_Load - send_cmd_result -- 1
2020-01-09 09:29:25,971 [41] INFO SiteLogger [(null)] - Page_Load - send_cmd_result -- 2 - trans_id:736
2020-01-09 09:29:25,972 [41] INFO SiteLogger [(null)] - CheckResetCmd -- 0 - dev_id:DC68B057639F7F37
2020-01-09 09:29:25,972 [41] INFO SiteLogger [(null)] - CheckResetCmd -- 1
2020-01-09 09:29:25,987 [41] INFO SiteLogger [(null)] - CheckResetCmd -- 2 - trans_id:
2020-01-09 09:29:25,987 [41] INFO SiteLogger [(null)] - CheckResetCmd -- 3
2020-01-09 09:29:25,987 [41] INFO SiteLogger [(null)] - IsCancelledCmd -- 0 - dev_id:DC68B057639F7F37trans_id:736
2020-01-09 09:29:25,988 [41] INFO SiteLogger [(null)] - IsCancelledCmd -- 1
2020-01-09 09:29:25,988 [41] INFO SiteLogger [(null)] - IsCancelledCmd -- 1.1
2020-01-09 09:29:25,997 [41] INFO SiteLogger [(null)] - IsCancelledCmd -- 2 - status:
2020-01-09 09:29:25,998 [41] INFO SiteLogger [(null)] - IsCancelledCmd -- 3
2020-01-09 09:29:25,998 [41] INFO SiteLogger [(null)] - Page_Load - send_cmd_result -- 3
2020-01-09 09:29:25,999 [41] INFO SiteLogger [(null)] - SetCmdResult -- 0 - trans_id:736, dev_id:DC68B057639F7F37
2020-01-09 09:29:25,999 [41] INFO SiteLogger [(null)] - SetCmdResult -- 1
2020-01-09 09:29:25,999 [41] INFO SiteLogger [(null)] - SetCmdResult -- 2
2020-01-09 09:29:25,999 [41] INFO SiteLogger [(null)] - SaveCmdResultLogData -- 1
2020-01-09 09:29:26,000 [41] INFO SiteLogger [(null)] - SaveCmdResultLogData -- 2
2020-01-09 09:29:26,010 [41] INFO SiteLogger [(null)] - SaveCmdResultSLogData -- 1
2020-01-09 09:29:26,010 [41] INFO SiteLogger [(null)] - SaveCmdResultSLogData -- 2
2020-01-09 09:29:26,020 [41] INFO SiteLogger [(null)] - SaveUserIdList -- 1
2020-01-09 09:29:26,021 [41] INFO SiteLogger [(null)] - SaveUserIdList -- 2 astrans_id = 736
2020-01-09 09:29:26,030 [41] INFO SiteLogger [(null)] - SaveUserIdList -- 2-1 astrans_id = 736
2020-01-09 09:29:26,031 [41] INFO SiteLogger [(null)] - GetDeviceStatus -- 1
2020-01-09 09:29:26,031 [41] INFO SiteLogger [(null)] - GetDeviceStatus -- 2
2020-01-09 09:29:26,051 [41] INFO SiteLogger [(null)] - SetCmdResult -- 3
2020-01-09 09:29:26,052 [41] INFO SiteLogger [(null)] - Page_Load - send_cmd_result -- 4
2020-01-09 09:29:26,052 [41] INFO SiteLogger [(null)] - Page_Load - send_cmd_result -- 5
2020-01-09 09:29:26,360 [43] INFO SiteLogger [(null)] - Contructor -- 0 - Conn:server=120.24.222.15;uid=sa;pwd=123456@hysoon;database=StandAttDB;Min Pool Size=0;Max Pool Size=512;Pooling=true;
2020-01-09 09:29:26,360 [43] INFO SiteLogger [(null)] - Page_Load -- **************** sRequestCode = receive_cmd dev_id=DC68B057639F7F37 trans_id=ReceiveCommandAction content_length=278
2020-01-09 09:29:26,361 [43] INFO SiteLogger [(null)] - Page_Load -- 1 - request_code : receive_cmd ,trans_id : ReceiveCommandAction
2020-01-09 09:29:26,362 [43] INFO SiteLogger [(null)] - Page_Load -- 3.4 - blk_no=0, blk_len=278
2020-01-09 09:29:26,362 [43] INFO SiteLogger [(null)] - Page_Load - receive_cmd -- 2
2020-01-09 09:29:26,363 [43] INFO SiteLogger [(null)] - Page_Load - receive_cmd -- 3 - DevName=fk_deviceLE, DevTime=20200109054908, DevInfo={"face_data_ver":528,"firmware":"ZLIF104HS10 V2.77 BS0C2","firmware_filename":"zlif104hs10_bs0c2_um","fk_bin_data_lib":"FKDataHS101","fp_data_ver":128,"supported_enroll_data":["PASSWORD","IDCARD","FP","FACE"]}
2020-01-09 09:29:26,363 [43] INFO SiteLogger [(null)] - ReceiveCmd -- 0 - Start
2020-01-09 09:29:26,364 [43] INFO SiteLogger [(null)] - ReceiveCmd -- 1 - Db connected
2020-01-09 09:29:26,364 [43] INFO SiteLogger [(null)] - ReceiveCmd -- 2
2020-01-09 09:29:26,365 [43] INFO SiteLogger [(null)] - CheckResetCmd -- 0 - dev_id:DC68B057639F7F37
2020-01-09 09:29:26,365 [43] INFO SiteLogger [(null)] - CheckResetCmd -- 1
2020-01-09 09:29:26,374 [43] INFO SiteLogger [(null)] - CheckResetCmd -- 2 - trans_id:
2020-01-09 09:29:26,375 [43] INFO SiteLogger [(null)] - CheckResetCmd -- 3
2020-01-09 09:29:26,376 [43] INFO SiteLogger [(null)] - ReceiveCmd -- 3
2020-01-09 09:29:26,376 [43] INFO SiteLogger [(null)] - UpdateFKDeviceStatus -- 0 - DevTime:20200109054908, DevId:DC68B057639F7F37, DevName:fk_deviceLE, DevInfo:{"face_data_ver":528,"firmware":"ZLIF104HS10 V2.77 BS0C2","firmware_filename":"zlif104hs10_bs0c2_um","fk_bin_data_lib":"FKDataHS101","fp_data_ver":128,"supported_enroll_data":["PASSWORD","IDCARD","FP","FACE"]}
2020-01-09 09:29:26,377 [43] INFO SiteLogger [(null)] - UpdateFKDeviceStatus -- 1
2020-01-09 09:29:26,377 [43] INFO SiteLogger [(null)] - UpdateFKDeviceStatus -- 2
2020-01-09 09:29:26,377 [43] INFO SiteLogger [(null)] - ReceiveCmd -- 4
2020-01-09 09:29:26,393 [43] INFO SiteLogger [(null)] - ReceiveCmd -- 5
2020-01-09 09:29:26,393 [43] INFO SiteLogger [(null)] - ReceiveCmd -- 5 - no cmd
2020-01-09 09:29:26,393 [43] INFO SiteLogger [(null)] - ReceiveCmd -- 11
2020-01-09 09:29:26,393 [43] INFO SiteLogger [(null)] - Page_Load - receive_cmd -- 4
2020-01-09 09:29:26,393 [43] INFO SiteLogger [(null)] - Page_Load - receive_cmd -- 5
2020-01-09 09:29:28,829 [21] INFO SiteLogger [(null)] - Contructor -- 0 - Conn:server=120.24.222.15;uid=sa;pwd=123456@hysoon;database=StandAttDB;Min Pool Size=0;Max Pool Size=512;Pooling=true;
2020-01-09 09:29:28,829 [21] INFO SiteLogger [(null)] - Page_Load -- **************** sRequestCode = receive_cmd dev_id=DC68B057639F7F37 trans_id=ReceiveCommandAction content_length=278
2020-01-09 09:29:28,830 [21] INFO SiteLogger [(null)] - Page_Load -- 1 - request_code : receive_cmd ,trans_id : ReceiveCommandAction
2020-01-09 09:29:28,831 [21] INFO SiteLogger [(null)] - Page_Load -- 3.4 - blk_no=0, blk_len=278
2020-01-09 09:29:28,831 [21] INFO SiteLogger [(null)] - Page_Load - receive_cmd -- 2
2020-01-09 09:29:28,832 [21] INFO SiteLogger [(null)] - Page_Load - receive_cmd -- 3 - DevName=fk_deviceLE, DevTime=20200109054911, DevInfo={"face_data_ver":528,"firmware":"ZLIF104HS10 V2.77 BS0C2","firmware_filename":"zlif104hs10_bs0c2_um","fk_bin_data_lib":"FKDataHS101","fp_data_ver":128,"supported_enroll_data":["PASSWORD","IDCARD","FP","FACE"]}
2020-01-09 09:29:28,832 [21] INFO SiteLogger [(null)] - ReceiveCmd -- 0 - Start
2020-01-09 09:29:28,833 [21] INFO SiteLogger [(null)] - ReceiveCmd -- 1 - Db connected
2020-01-09 09:29:28,833 [21] INFO SiteLogger [(null)] - ReceiveCmd -- 2
2020-01-09 09:29:28,834 [21] INFO SiteLogger [(null)] - CheckResetCmd -- 0 - dev_id:DC68B057639F7F37
2020-01-09 09:29:28,834 [21] INFO SiteLogger [(null)] - CheckResetCmd -- 1
2020-01-09 09:29:28,843 [21] INFO SiteLogger [(null)] - CheckResetCmd -- 2 - trans_id:
2020-01-09 09:29:28,844 [21] INFO SiteLogger [(null)] - CheckResetCmd -- 3
2020-01-09 09:29:28,844 [21] INFO SiteLogger [(null)] - ReceiveCmd -- 3
2020-01-09 09:29:28,844 [21] INFO SiteLogger [(null)] - UpdateFKDeviceStatus -- 0 - DevTime:20200109054911, DevId:DC68B057639F7F37, DevName:fk_deviceLE, DevInfo:{"face_data_ver":528,"firmware":"ZLIF104HS10 V2.77 BS0C2","firmware_filename":"zlif104hs10_bs0c2_um","fk_bin_data_lib":"FKDataHS101","fp_data_ver":128,"supported_enroll_data":["PASSWORD","IDCARD","FP","FACE"]}
2020-01-09 09:29:28,845 [21] INFO SiteLogger [(null)] - UpdateFKDeviceStatus -- 1
2020-01-09 09:29:28,855 [21] INFO SiteLogger [(null)] - UpdateFKDeviceStatus -- 2
2020-01-09 09:29:28,856 [21] INFO SiteLogger [(null)] - ReceiveCmd -- 4
2020-01-09 09:29:28,866 [21] INFO SiteLogger [(null)] - ReceiveCmd -- 5
2020-01-09 09:29:28,867 [21] INFO SiteLogger [(null)] - ReceiveCmd -- 5 - no cmd
2020-01-09 09:29:28,868 [21] INFO SiteLogger [(null)] - ReceiveCmd -- 11
2020-01-09 09:29:28,870 [21] INFO SiteLogger [(null)] - Page_Load - receive_cmd -- 4
2020-01-09 09:29:28,871 [21] INFO SiteLogger [(null)] - Page_Load - receive_cmd -- 5
2020-01-09 09:29:31,888 [22] INFO SiteLogger [(null)] - Contructor -- 0 - Conn:server=120.24.222.15;uid=sa;pwd=123456@hysoon;database=StandAttDB;Min Pool Size=0;Max Pool Size=512;Pooling=true;
2020-01-09 09:29:31,888 [22] INFO SiteLogger [(null)] - Page_Load -- **************** sRequestCode = receive_cmd dev_id=DC68B057639F7F37 trans_id=ReceiveCommandAction content_length=278
2020-01-09 09:29:31,888 [22] INFO SiteLogger [(null)] - Page_Load -- 1 - request_code : receive_cmd ,trans_id : ReceiveCommandAction
2020-01-09 09:29:31,888 [22] INFO SiteLogger [(null)] - Page_Load -- 3.4 - blk_no=0, blk_len=278
2020-01-09 09:29:31,888 [22] INFO SiteLogger [(null)] - Page_Load - receive_cmd -- 2
2020-01-09 09:29:31,904 [22] INFO SiteLogger [(null)] - Page_Load - receive_cmd -- 3 - DevName=fk_deviceLE, DevTime=20200109054914, DevInfo={"face_data_ver":528,"firmware":"ZLIF104HS10 V2.77 BS0C2","firmware_filename":"zlif104hs10_bs0c2_um","fk_bin_data_lib":"FKDataHS101","fp_data_ver":128,"supported_enroll_data":["PASSWORD","IDCARD","FP","FACE"]}
2020-01-09 09:29:31,904 [22] INFO SiteLogger [(null)] - ReceiveCmd -- 0 - Start
2020-01-09 09:29:31,904 [22] INFO SiteLogger [(null)] - ReceiveCmd -- 1 - Db connected
2020-01-09 09:29:31,904 [22] INFO SiteLogger [(null)] - ReceiveCmd -- 2
2020-01-09 09:29:31,904 [22] INFO SiteLogger [(null)] - CheckResetCmd -- 0 - dev_id:DC68B057639F7F37
2020-01-09 09:29:31,904 [22] INFO SiteLogger [(null)] - CheckResetCmd -- 1
2020-01-09 09:29:31,919 [22] INFO SiteLogger [(null)] - CheckResetCmd -- 2 - trans_id:
2020-01-09 09:29:31,919 [22] INFO SiteLogger [(null)] - CheckResetCmd -- 3
2020-01-09 09:29:31,919 [22] INFO SiteLogger [(null)] - ReceiveCmd -- 3
2020-01-09 09:29:31,919 [22] INFO SiteLogger [(null)] - UpdateFKDeviceStatus -- 0 - DevTime:20200109054914, DevId:DC68B057639F7F37, DevName:fk_deviceLE, DevInfo:{"face_data_ver":528,"firmware":"ZLIF104HS10 V2.77 BS0C2","firmware_filename":"zlif104hs10_bs0c2_um","fk_bin_data_lib":"FKDataHS101","fp_data_ver":128,"supported_enroll_data":["PASSWORD","IDCARD","FP","FACE"]}
2020-01-09 09:29:31,919 [22] INFO SiteLogger [(null)] - UpdateFKDeviceStatus -- 1
2020-01-09 09:29:31,919 [22] INFO SiteLogger [(null)] - UpdateFKDeviceStatus -- 2
2020-01-09 09:29:31,919 [22] INFO SiteLogger [(null)] - ReceiveCmd -- 4
2020-01-09 09:29:31,946 [22] INFO SiteLogger [(null)] - ReceiveCmd -- 5
2020-01-09 09:29:31,946 [22] INFO SiteLogger [(null)] - ReceiveCmd -- 6 - trans_id:737cmd_code:CLEAR_MANAGER
2020-01-09 09:29:31,947 [22] INFO SiteLogger [(null)] - ReceiveCmd -- 11
2020-01-09 09:29:31,948 [22] INFO SiteLogger [(null)] - Page_Load - receive_cmd -- 4
2020-01-09 09:29:31,948 [22] INFO SiteLogger [(null)] - Page_Load - receive_cmd -- 5
2020-01-09 09:29:31,960 [34] INFO SiteLogger [(null)] - Contructor -- 0 - Conn:server=120.24.222.15;uid=sa;pwd=123456@hysoon;database=StandAttDB;Min Pool Size=0;Max Pool Size=512;Pooling=true;
2020-01-09 09:29:31,961 [34] INFO SiteLogger [(null)] - Page_Load -- **************** sRequestCode = send_cmd_result dev_id=DC68B057639F7F37 trans_id=737 content_length=0
2020-01-09 09:29:31,962 [34] INFO SiteLogger [(null)] - Page_Load -- 1 - request_code : send_cmd_result ,trans_id : 737
2020-01-09 09:29:31,964 [34] INFO SiteLogger [(null)] - Page_Load -- 3.4 - blk_no=0, blk_len=0
2020-01-09 09:29:31,965 [34] INFO SiteLogger [(null)] - Page_Load - send_cmd_result -- 1
2020-01-09 09:29:31,966 [34] INFO SiteLogger [(null)] - Page_Load - send_cmd_result -- 2 - trans_id:737
2020-01-09 09:29:31,968 [34] INFO SiteLogger [(null)] - CheckResetCmd -- 0 - dev_id:DC68B057639F7F37
2020-01-09 09:29:31,969 [34] INFO SiteLogger [(null)] - CheckResetCmd -- 1
2020-01-09 09:29:31,979 [34] INFO SiteLogger [(null)] - CheckResetCmd -- 2 - trans_id:
2020-01-09 09:29:31,981 [34] INFO SiteLogger [(null)] - CheckResetCmd -- 3
2020-01-09 09:29:31,982 [34] INFO SiteLogger [(null)] - IsCancelledCmd -- 0 - dev_id:DC68B057639F7F37trans_id:737
2020-01-09 09:29:31,983 [34] INFO SiteLogger [(null)] - IsCancelledCmd -- 1
2020-01-09 09:29:31,984 [34] INFO SiteLogger [(null)] - IsCancelledCmd -- 1.1
2020-01-09 09:29:31,987 [34] INFO SiteLogger [(null)] - IsCancelledCmd -- 2 - status:
2020-01-09 09:29:31,987 [34] INFO SiteLogger [(null)] - IsCancelledCmd -- 3
2020-01-09 09:29:31,987 [34] INFO SiteLogger [(null)] - Page_Load - send_cmd_result -- 3
2020-01-09 09:29:31,987 [34] INFO SiteLogger [(null)] - SetCmdResult -- 0 - trans_id:737, dev_id:DC68B057639F7F37
2020-01-09 09:29:31,987 [34] INFO SiteLogger [(null)] - SetCmdResult -- 1
2020-01-09 09:29:31,987 [34] INFO SiteLogger [(null)] - SetCmdResult -- 2
2020-01-09 09:29:32,002 [34] INFO SiteLogger [(null)] - SaveCmdResultLogData -- 1
2020-01-09 09:29:32,002 [34] INFO SiteLogger [(null)] - SaveCmdResultLogData -- 2
2020-01-09 09:29:32,002 [34] INFO SiteLogger [(null)] - SaveCmdResultSLogData -- 1
2020-01-09 09:29:32,002 [34] INFO SiteLogger [(null)] - SaveCmdResultSLogData -- 2
2020-01-09 09:29:32,018 [34] INFO SiteLogger [(null)] - SaveUserIdList -- 1
2020-01-09 09:29:32,018 [34] INFO SiteLogger [(null)] - SaveUserIdList -- 2 astrans_id = 737
2020-01-09 09:29:32,040 [34] INFO SiteLogger [(null)] - SaveUserIdList -- 2-1 astrans_id = 737
2020-01-09 09:29:32,041 [34] INFO SiteLogger [(null)] - GetDeviceStatus -- 1
2020-01-09 09:29:32,043 [34] INFO SiteLogger [(null)] - GetDeviceStatus -- 2
2020-01-09 09:29:32,062 [34] INFO SiteLogger [(null)] - SetCmdResult -- 3
2020-01-09 09:29:32,064 [34] INFO SiteLogger [(null)] - Page_Load - send_cmd_result -- 4
2020-01-09 09:29:32,065 [34] INFO SiteLogger [(null)] - Page_Load - send_cmd_result -- 5
2020-01-09 09:29:32,373 [24] INFO SiteLogger [(null)] - Contructor -- 0 - Conn:server=120.24.222.15;uid=sa;pwd=123456@hysoon;database=StandAttDB;Min Pool Size=0;Max Pool Size=512;Pooling=true;
2020-01-09 09:29:32,374 [24] INFO SiteLogger [(null)] - Page_Load -- **************** sRequestCode = receive_cmd dev_id=DC68B057639F7F37 trans_id=ReceiveCommandAction content_length=278
2020-01-09 09:29:32,375 [24] INFO SiteLogger [(null)] - Page_Load -- 1 - request_code : receive_cmd ,trans_id : ReceiveCommandAction
2020-01-09 09:29:32,375 [24] INFO SiteLogger [(null)] - Page_Load -- 3.4 - blk_no=0, blk_len=278
2020-01-09 09:29:32,376 [24] INFO SiteLogger [(null)] - Page_Load - receive_cmd -- 2
2020-01-09 09:29:32,377 [24] INFO SiteLogger [(null)] - Page_Load - receive_cmd -- 3 - DevName=fk_deviceLE, DevTime=20200109054914, DevInfo={"face_data_ver":528,"firmware":"ZLIF104HS10 V2.77 BS0C2","firmware_filename":"zlif104hs10_bs0c2_um","fk_bin_data_lib":"FKDataHS101","fp_data_ver":128,"supported_enroll_data":["PASSWORD","IDCARD","FP","FACE"]}
2020-01-09 09:29:32,378 [24] INFO SiteLogger [(null)] - ReceiveCmd -- 0 - Start
2020-01-09 09:29:32,378 [24] INFO SiteLogger [(null)] - ReceiveCmd -- 1 - Db connected
2020-01-09 09:29:32,379 [24] INFO SiteLogger [(null)] - ReceiveCmd -- 2
2020-01-09 09:29:32,380 [24] INFO SiteLogger [(null)] - CheckResetCmd -- 0 - dev_id:DC68B057639F7F37
2020-01-09 09:29:32,381 [24] INFO SiteLogger [(null)] - CheckResetCmd -- 1
2020-01-09 09:29:32,391 [24] INFO SiteLogger [(null)] - CheckResetCmd -- 2 - trans_id:
2020-01-09 09:29:32,392 [24] INFO SiteLogger [(null)] - CheckResetCmd -- 3
2020-01-09 09:29:32,393 [24] INFO SiteLogger [(null)] - ReceiveCmd -- 3
2020-01-09 09:29:32,393 [24] INFO SiteLogger [(null)] - UpdateFKDeviceStatus -- 0 - DevTime:20200109054914, DevId:DC68B057639F7F37, DevName:fk_deviceLE, DevInfo:{"face_data_ver":528,"firmware":"ZLIF104HS10 V2.77 BS0C2","firmware_filename":"zlif104hs10_bs0c2_um","fk_bin_data_lib":"FKDataHS101","fp_data_ver":128,"supported_enroll_data":["PASSWORD","IDCARD","FP","FACE"]}
2020-01-09 09:29:32,394 [24] INFO SiteLogger [(null)] - UpdateFKDeviceStatus -- 1
2020-01-09 09:29:32,410 [24] INFO SiteLogger [(null)] - UpdateFKDeviceStatus -- 2
2020-01-09 09:29:32,411 [24] INFO SiteLogger [(null)] - ReceiveCmd -- 4
2020-01-09 09:29:32,416 [24] INFO SiteLogger [(null)] - ReceiveCmd -- 5
2020-01-09 09:29:32,416 [24] INFO SiteLogger [(null)] - ReceiveCmd -- 5 - no cmd
2020-01-09 09:29:32,416 [24] INFO SiteLogger [(null)] - ReceiveCmd -- 11
2020-01-09 09:29:32,416 [24] INFO SiteLogger [(null)] - Page_Load - receive_cmd -- 4
2020-01-09 09:29:32,416 [24] INFO SiteLogger [(null)] - Page_Load - receive_cmd -- 5
2020-01-09 09:29:34,851 [45] INFO SiteLogger [(null)] - Contructor -- 0 - Conn:server=120.24.222.15;uid=sa;pwd=123456@hysoon;database=StandAttDB;Min Pool Size=0;Max Pool Size=512;Pooling=true;
2020-01-09 09:29:34,851 [45] INFO SiteLogger [(null)] - Page_Load -- **************** sRequestCode = receive_cmd dev_id=DC68B057639F7F37 trans_id=ReceiveCommandAction content_length=278
2020-01-09 09:29:34,851 [45] INFO SiteLogger [(null)] - Page_Load -- 1 - request_code : receive_cmd ,trans_id : ReceiveCommandAction
2020-01-09 09:29:34,852 [45] INFO SiteLogger [(null)] - Page_Load -- 3.4 - blk_no=0, blk_len=278
2020-01-09 09:29:34,852 [45] INFO SiteLogger [(null)] - Page_Load - receive_cmd -- 2
2020-01-09 09:29:34,852 [45] INFO SiteLogger [(null)] - Page_Load - receive_cmd -- 3 - DevName=fk_deviceLE, DevTime=20200109054917, DevInfo={"face_data_ver":528,"firmware":"ZLIF104HS10 V2.77 BS0C2","firmware_filename":"zlif104hs10_bs0c2_um","fk_bin_data_lib":"FKDataHS101","fp_data_ver":128,"supported_enroll_data":["PASSWORD","IDCARD","FP","FACE"]}
2020-01-09 09:29:34,852 [45] INFO SiteLogger [(null)] - ReceiveCmd -- 0 - Start
2020-01-09 09:29:34,853 [45] INFO SiteLogger [(null)] - ReceiveCmd -- 1 - Db connected
2020-01-09 09:29:34,853 [45] INFO SiteLogger [(null)] - ReceiveCmd -- 2
2020-01-09 09:29:34,853 [45] INFO SiteLogger [(null)] - CheckResetCmd -- 0 - dev_id:DC68B057639F7F37
2020-01-09 09:29:34,853 [45] INFO SiteLogger [(null)] - CheckResetCmd -- 1
2020-01-09 09:29:34,863 [45] INFO SiteLogger [(null)] - CheckResetCmd -- 2 - trans_id:
2020-01-09 09:29:34,863 [45] INFO SiteLogger [(null)] - CheckResetCmd -- 3
2020-01-09 09:29:34,863 [45] INFO SiteLogger [(null)] - ReceiveCmd -- 3
2020-01-09 09:29:34,864 [45] INFO SiteLogger [(null)] - UpdateFKDeviceStatus -- 0 - DevTime:20200109054917, DevId:DC68B057639F7F37, DevName:fk_deviceLE, DevInfo:{"face_data_ver":528,"firmware":"ZLIF104HS10 V2.77 BS0C2","firmware_filename":"zlif104hs10_bs0c2_um","fk_bin_data_lib":"FKDataHS101","fp_data_ver":128,"supported_enroll_data":["PASSWORD","IDCARD","FP","FACE"]}
2020-01-09 09:29:34,864 [45] INFO SiteLogger [(null)] - UpdateFKDeviceStatus -- 1
2020-01-09 09:29:34,874 [45] INFO SiteLogger [(null)] - UpdateFKDeviceStatus -- 2
2020-01-09 09:29:34,875 [45] INFO SiteLogger [(null)] - ReceiveCmd -- 4
2020-01-09 09:29:34,885 [45] INFO SiteLogger [(null)] - ReceiveCmd -- 5
2020-01-09 09:29:34,887 [45] INFO SiteLogger [(null)] - ReceiveCmd -- 5 - no cmd
2020-01-09 09:29:34,887 [45] INFO SiteLogger [(null)] - ReceiveCmd -- 11
2020-01-09 09:29:34,888 [45] INFO SiteLogger [(null)] - Page_Load - receive_cmd -- 4
2020-01-09 09:29:34,888 [45] INFO SiteLogger [(null)] - Page_Load - receive_cmd -- 5
2020-01-09 09:29:37,919 [45] INFO SiteLogger [(null)] - Contructor -- 0 - Conn:server=120.24.222.15;uid=sa;pwd=123456@hysoon;database=StandAttDB;Min Pool Size=0;Max Pool Size=512;Pooling=true;
2020-01-09 09:29:37,919 [45] INFO SiteLogger [(null)] - Page_Load -- **************** sRequestCode = receive_cmd dev_id=DC68B057639F7F37 trans_id=ReceiveCommandAction content_length=278
2020-01-09 09:29:37,919 [45] INFO SiteLogger [(null)] - Page_Load -- 1 - request_code : receive_cmd ,trans_id : ReceiveCommandAction
2020-01-09 09:29:37,919 [45] INFO SiteLogger [(null)] - Page_Load -- 3.4 - blk_no=0, blk_len=278
2020-01-09 09:29:37,919 [45] INFO SiteLogger [(null)] - Page_Load - receive_cmd -- 2
2020-01-09 09:29:37,935 [45] INFO SiteLogger [(null)] - Page_Load - receive_cmd -- 3 - DevName=fk_deviceLE, DevTime=20200109054920, DevInfo={"face_data_ver":528,"firmware":"ZLIF104HS10 V2.77 BS0C2","firmware_filename":"zlif104hs10_bs0c2_um","fk_bin_data_lib":"FKDataHS101","fp_data_ver":128,"supported_enroll_data":["PASSWORD","IDCARD","FP","FACE"]}
2020-01-09 09:29:37,935 [45] INFO SiteLogger [(null)] - ReceiveCmd -- 0 - Start
2020-01-09 09:29:37,935 [45] INFO SiteLogger [(null)] - ReceiveCmd -- 1 - Db connected
2020-01-09 09:29:37,935 [45] INFO SiteLogger [(null)] - ReceiveCmd -- 2
2020-01-09 09:29:37,935 [45] INFO SiteLogger [(null)] - CheckResetCmd -- 0 - dev_id:DC68B057639F7F37
2020-01-09 09:29:37,935 [45] INFO SiteLogger [(null)] - CheckResetCmd -- 1
2020-01-09 09:29:37,935 [45] INFO SiteLogger [(null)] - CheckResetCmd -- 2 - trans_id:
2020-01-09 09:29:37,935 [45] INFO SiteLogger [(null)] - CheckResetCmd -- 3
2020-01-09 09:29:37,935 [45] INFO SiteLogger [(null)] - ReceiveCmd -- 3
2020-01-09 09:29:37,935 [45] INFO SiteLogger [(null)] - UpdateFKDeviceStatus -- 0 - DevTime:20200109054920, DevId:DC68B057639F7F37, DevName:fk_deviceLE, DevInfo:{"face_data_ver":528,"firmware":"ZLIF104HS10 V2.77 BS0C2","firmware_filename":"zlif104hs10_bs0c2_um","fk_bin_data_lib":"FKDataHS101","fp_data_ver":128,"supported_enroll_data":["PASSWORD","IDCARD","FP","FACE"]}
2020-01-09 09:29:37,935 [45] INFO SiteLogger [(null)] - UpdateFKDeviceStatus -- 1
2020-01-09 09:29:37,951 [45] INFO SiteLogger [(null)] - UpdateFKDeviceStatus -- 2
2020-01-09 09:29:37,951 [45] INFO SiteLogger [(null)] - ReceiveCmd -- 4
2020-01-09 09:29:37,969 [45] INFO SiteLogger [(null)] - ReceiveCmd -- 5
2020-01-09 09:29:37,970 [45] INFO SiteLogger [(null)] - ReceiveCmd -- 5 - no cmd
2020-01-09 09:29:37,970 [45] INFO SiteLogger [(null)] - ReceiveCmd -- 11
2020-01-09 09:29:37,970 [45] INFO SiteLogger [(null)] - Page_Load - receive_cmd -- 4
2020-01-09 09:29:37,971 [45] INFO SiteLogger [(null)] - Page_Load - receive_cmd -- 5
2020-01-09 09:29:40,997 [45] INFO SiteLogger [(null)] - Contructor -- 0 - Conn:server=120.24.222.15;uid=sa;pwd=123456@hysoon;database=StandAttDB;Min Pool Size=0;Max Pool Size=512;Pooling=true;
2020-01-09 09:29:40,997 [45] INFO SiteLogger [(null)] - Page_Load -- **************** sRequestCode = receive_cmd dev_id=DC68B057639F7F37 trans_id=ReceiveCommandAction content_length=278
2020-01-09 09:29:40,997 [45] INFO SiteLogger [(null)] - Page_Load -- 1 - request_code : receive_cmd ,trans_id : ReceiveCommandAction
2020-01-09 09:29:40,997 [45] INFO SiteLogger [(null)] - Page_Load -- 3.4 - blk_no=0, blk_len=278
2020-01-09 09:29:40,997 [45] INFO SiteLogger [(null)] - Page_Load - receive_cmd -- 2
2020-01-09 09:29:40,997 [45] INFO SiteLogger [(null)] - Page_Load - receive_cmd -- 3 - DevName=fk_deviceLE, DevTime=20200109054923, DevInfo={"face_data_ver":528,"firmware":"ZLIF104HS10 V2.77 BS0C2","firmware_filename":"zlif104hs10_bs0c2_um","fk_bin_data_lib":"FKDataHS101","fp_data_ver":128,"supported_enroll_data":["PASSWORD","IDCARD","FP","FACE"]}
2020-01-09 09:29:40,997 [45] INFO SiteLogger [(null)] - ReceiveCmd -- 0 - Start
2020-01-09 09:29:40,997 [45] INFO SiteLogger [(null)] - ReceiveCmd -- 1 - Db connected
2020-01-09 09:29:40,997 [45] INFO SiteLogger [(null)] - ReceiveCmd -- 2
2020-01-09 09:29:40,997 [45] INFO SiteLogger [(null)] - CheckResetCmd -- 0 - dev_id:DC68B057639F7F37
2020-01-09 09:29:40,997 [45] INFO SiteLogger [(null)] - CheckResetCmd -- 1
2020-01-09 09:29:41,012 [45] INFO SiteLogger [(null)] - CheckResetCmd -- 2 - trans_id:
2020-01-09 09:29:41,012 [45] INFO SiteLogger [(null)] - CheckResetCmd -- 3
2020-01-09 09:29:41,012 [45] INFO SiteLogger [(null)] - ReceiveCmd -- 3
2020-01-09 09:29:41,012 [45] INFO SiteLogger [(null)] - UpdateFKDeviceStatus -- 0 - DevTime:20200109054923, DevId:DC68B057639F7F37, DevName:fk_deviceLE, DevInfo:{"face_data_ver":528,"firmware":"ZLIF104HS10 V2.77 BS0C2","firmware_filename":"zlif104hs10_bs0c2_um","fk_bin_data_lib":"FKDataHS101","fp_data_ver":128,"supported_enroll_data":["PASSWORD","IDCARD","FP","FACE"]}
2020-01-09 09:29:41,012 [45] INFO SiteLogger [(null)] - UpdateFKDeviceStatus -- 1
2020-01-09 09:29:41,028 [45] INFO SiteLogger [(null)] - UpdateFKDeviceStatus -- 2
2020-01-09 09:29:41,028 [45] INFO SiteLogger [(null)] - ReceiveCmd -- 4
2020-01-09 09:29:41,047 [45] INFO SiteLogger [(null)] - ReceiveCmd -- 5
2020-01-09 09:29:41,047 [45] INFO SiteLogger [(null)] - ReceiveCmd -- 5 - no cmd
2020-01-09 09:29:41,048 [45] INFO SiteLogger [(null)] - ReceiveCmd -- 11
2020-01-09 09:29:41,048 [45] INFO SiteLogger [(null)] - Page_Load - receive_cmd -- 4
2020-01-09 09:29:41,048 [45] INFO SiteLogger [(null)] - Page_Load - receive_cmd -- 5
2020-01-09 09:29:44,081 [52] INFO SiteLogger [(null)] - Contructor -- 0 - Conn:server=120.24.222.15;uid=sa;pwd=123456@hysoon;database=StandAttDB;Min Pool Size=0;Max Pool Size=512;Pooling=true;
2020-01-09 09:29:44,083 [52] INFO SiteLogger [(null)] - Page_Load -- **************** sRequestCode = receive_cmd dev_id=DC68B057639F7F37 trans_id=ReceiveCommandAction content_length=278
2020-01-09 09:29:44,084 [52] INFO SiteLogger [(null)] - Page_Load -- 1 - request_code : receive_cmd ,trans_id : ReceiveCommandAction
2020-01-09 09:29:44,085 [52] INFO SiteLogger [(null)] - Page_Load -- 3.4 - blk_no=0, blk_len=278
2020-01-09 09:29:44,086 [52] INFO SiteLogger [(null)] - Page_Load - receive_cmd -- 2
2020-01-09 09:29:44,087 [52] INFO SiteLogger [(null)] - Page_Load - receive_cmd -- 3 - DevName=fk_deviceLE, DevTime=20200109054926, DevInfo={"face_data_ver":528,"firmware":"ZLIF104HS10 V2.77 BS0C2","firmware_filename":"zlif104hs10_bs0c2_um","fk_bin_data_lib":"FKDataHS101","fp_data_ver":128,"supported_enroll_data":["PASSWORD","IDCARD","FP","FACE"]}
2020-01-09 09:29:44,088 [52] INFO SiteLogger [(null)] - ReceiveCmd -- 0 - Start
2020-01-09 09:29:44,089 [52] INFO SiteLogger [(null)] - ReceiveCmd -- 1 - Db connected
2020-01-09 09:29:44,090 [52] INFO SiteLogger [(null)] - ReceiveCmd -- 2
2020-01-09 09:29:44,092 [52] INFO SiteLogger [(null)] - CheckResetCmd -- 0 - dev_id:DC68B057639F7F37
2020-01-09 09:29:44,093 [52] INFO SiteLogger [(null)] - CheckResetCmd -- 1
2020-01-09 09:29:44,099 [52] INFO SiteLogger [(null)] - CheckResetCmd -- 2 - trans_id:
2020-01-09 09:29:44,099 [52] INFO SiteLogger [(null)] - CheckResetCmd -- 3
2020-01-09 09:29:44,099 [52] INFO SiteLogger [(null)] - ReceiveCmd -- 3
2020-01-09 09:29:44,099 [52] INFO SiteLogger [(null)] - UpdateFKDeviceStatus -- 0 - DevTime:20200109054926, DevId:DC68B057639F7F37, DevName:fk_deviceLE, DevInfo:{"face_data_ver":528,"firmware":"ZLIF104HS10 V2.77 BS0C2","firmware_filename":"zlif104hs10_bs0c2_um","fk_bin_data_lib":"FKDataHS101","fp_data_ver":128,"supported_enroll_data":["PASSWORD","IDCARD","FP","FACE"]}
2020-01-09 09:29:44,099 [52] INFO SiteLogger [(null)] - UpdateFKDeviceStatus -- 1
2020-01-09 09:29:44,115 [52] INFO SiteLogger [(null)] - UpdateFKDeviceStatus -- 2
2020-01-09 09:29:44,115 [52] INFO SiteLogger [(null)] - ReceiveCmd -- 4
2020-01-09 09:29:44,130 [52] INFO SiteLogger [(null)] - ReceiveCmd -- 5
2020-01-09 09:29:44,130 [52] INFO SiteLogger [(null)] - ReceiveCmd -- 5 - no cmd
2020-01-09 09:29:44,130 [52] INFO SiteLogger [(null)] - ReceiveCmd -- 11
2020-01-09 09:29:44,130 [52] INFO SiteLogger [(null)] - Page_Load - receive_cmd -- 4
2020-01-09 09:29:44,130 [52] INFO SiteLogger [(null)] - Page_Load - receive_cmd -- 5
2020-01-09 09:29:46,865 [41] INFO SiteLogger [(null)] - Contructor -- 0 - Conn:server=120.24.222.15;uid=sa;pwd=123456@hysoon;database=StandAttDB;Min Pool Size=0;Max Pool Size=512;Pooling=true;
2020-01-09 09:29:46,867 [41] INFO SiteLogger [(null)] - Page_Load -- **************** sRequestCode = receive_cmd dev_id=DC68B057639F7F37 trans_id=ReceiveCommandAction content_length=278
2020-01-09 09:29:46,868 [41] INFO SiteLogger [(null)] - Page_Load -- 1 - request_code : receive_cmd ,trans_id : ReceiveCommandAction
2020-01-09 09:29:46,869 [41] INFO SiteLogger [(null)] - Page_Load -- 3.4 - blk_no=0, blk_len=278
2020-01-09 09:29:46,871 [41] INFO SiteLogger [(null)] - Page_Load - receive_cmd -- 2
2020-01-09 09:29:46,872 [41] INFO SiteLogger [(null)] - Page_Load - receive_cmd -- 3 - DevName=fk_deviceLE, DevTime=20200109054929, DevInfo={"face_data_ver":528,"firmware":"ZLIF104HS10 V2.77 BS0C2","firmware_filename":"zlif104hs10_bs0c2_um","fk_bin_data_lib":"FKDataHS101","fp_data_ver":128,"supported_enroll_data":["PASSWORD","IDCARD","FP","FACE"]}
2020-01-09 09:29:46,873 [41] INFO SiteLogger [(null)] - ReceiveCmd -- 0 - Start
2020-01-09 09:29:46,874 [41] INFO SiteLogger [(null)] - ReceiveCmd -- 1 - Db connected
2020-01-09 09:29:46,876 [41] INFO SiteLogger [(null)] - ReceiveCmd -- 2
2020-01-09 09:29:46,877 [41] INFO SiteLogger [(null)] - CheckResetCmd -- 0 - dev_id:DC68B057639F7F37
2020-01-09 09:29:46,878 [41] INFO SiteLogger [(null)] - CheckResetCmd -- 1
2020-01-09 09:29:46,890 [41] INFO SiteLogger [(null)] - CheckResetCmd -- 2 - trans_id:
2020-01-09 09:29:46,891 [41] INFO SiteLogger [(null)] - CheckResetCmd -- 3
2020-01-09 09:29:46,891 [41] INFO SiteLogger [(null)] - ReceiveCmd -- 3
2020-01-09 09:29:46,892 [41] INFO SiteLogger [(null)] - UpdateFKDeviceStatus -- 0 - DevTime:20200109054929, DevId:DC68B057639F7F37, DevName:fk_deviceLE, DevInfo:{"face_data_ver":528,"firmware":"ZLIF104HS10 V2.77 BS0C2","firmware_filename":"zlif104hs10_bs0c2_um","fk_bin_data_lib":"FKDataHS101","fp_data_ver":128,"supported_enroll_data":["PASSWORD","IDCARD","FP","FACE"]}
2020-01-09 09:29:46,892 [41] INFO SiteLogger [(null)] - UpdateFKDeviceStatus -- 1
2020-01-09 09:29:46,903 [41] INFO SiteLogger [(null)] - UpdateFKDeviceStatus -- 2
2020-01-09 09:29:46,904 [41] INFO SiteLogger [(null)] - ReceiveCmd -- 4
2020-01-09 09:29:46,904 [41] INFO SiteLogger [(null)] - ReceiveCmd -- 5
2020-01-09 09:29:46,904 [41] INFO SiteLogger [(null)] - ReceiveCmd -- 5 - no cmd
2020-01-09 09:29:46,904 [41] INFO SiteLogger [(null)] - ReceiveCmd -- 11
2020-01-09 09:29:46,904 [41] INFO SiteLogger [(null)] - Page_Load - receive_cmd -- 4
2020-01-09 09:29:46,920 [41] INFO SiteLogger [(null)] - Page_Load - receive_cmd -- 5
2020-01-09 09:29:49,959 [34] INFO SiteLogger [(null)] - Contructor -- 0 - Conn:server=120.24.222.15;uid=sa;pwd=123456@hysoon;database=StandAttDB;Min Pool Size=0;Max Pool Size=512;Pooling=true;
2020-01-09 09:29:49,959 [34] INFO SiteLogger [(null)] - Page_Load -- **************** sRequestCode = receive_cmd dev_id=DC68B057639F7F37 trans_id=ReceiveCommandAction content_length=278
2020-01-09 09:29:49,959 [34] INFO SiteLogger [(null)] - Page_Load -- 1 - request_code : receive_cmd ,trans_id : ReceiveCommandAction
2020-01-09 09:29:49,959 [34] INFO SiteLogger [(null)] - Page_Load -- 3.4 - blk_no=0, blk_len=278
2020-01-09 09:29:49,959 [34] INFO SiteLogger [(null)] - Page_Load - receive_cmd -- 2
2020-01-09 09:29:49,959 [34] INFO SiteLogger [(null)] - Page_Load - receive_cmd -- 3 - DevName=fk_deviceLE, DevTime=20200109054932, DevInfo={"face_data_ver":528,"firmware":"ZLIF104HS10 V2.77 BS0C2","firmware_filename":"zlif104hs10_bs0c2_um","fk_bin_data_lib":"FKDataHS101","fp_data_ver":128,"supported_enroll_data":["PASSWORD","IDCARD","FP","FACE"]}
2020-01-09 09:29:49,959 [34] INFO SiteLogger [(null)] - ReceiveCmd -- 0 - Start
2020-01-09 09:29:49,959 [34] INFO SiteLogger [(null)] - ReceiveCmd -- 1 - Db connected
2020-01-09 09:29:49,959 [34] INFO SiteLogger [(null)] - ReceiveCmd -- 2
2020-01-09 09:29:49,959 [34] INFO SiteLogger [(null)] - CheckResetCmd -- 0 - dev_id:DC68B057639F7F37
2020-01-09 09:29:49,959 [34] INFO SiteLogger [(null)] - CheckResetCmd -- 1
2020-01-09 09:29:49,959 [34] INFO SiteLogger [(null)] - CheckResetCmd -- 2 - trans_id:
2020-01-09 09:29:49,959 [34] INFO SiteLogger [(null)] - CheckResetCmd -- 3
2020-01-09 09:29:49,959 [34] INFO SiteLogger [(null)] - ReceiveCmd -- 3
2020-01-09 09:29:49,959 [34] INFO SiteLogger [(null)] - UpdateFKDeviceStatus -- 0 - DevTime:20200109054932, DevId:DC68B057639F7F37, DevName:fk_deviceLE, DevInfo:{"face_data_ver":528,"firmware":"ZLIF104HS10 V2.77 BS0C2","firmware_filename":"zlif104hs10_bs0c2_um","fk_bin_data_lib":"FKDataHS101","fp_data_ver":128,"supported_enroll_data":["PASSWORD","IDCARD","FP","FACE"]}
2020-01-09 09:29:49,975 [34] INFO SiteLogger [(null)] - UpdateFKDeviceStatus -- 1
2020-01-09 09:29:49,986 [34] INFO SiteLogger [(null)] - UpdateFKDeviceStatus -- 2
2020-01-09 09:29:49,986 [34] INFO SiteLogger [(null)] - ReceiveCmd -- 4
2020-01-09 09:29:50,000 [34] INFO SiteLogger [(null)] - ReceiveCmd -- 5
2020-01-09 09:29:50,001 [34] INFO SiteLogger [(null)] - ReceiveCmd -- 5 - no cmd
2020-01-09 09:29:50,001 [34] INFO SiteLogger [(null)] - ReceiveCmd -- 11
2020-01-09 09:29:50,001 [34] INFO SiteLogger [(null)] - Page_Load - receive_cmd -- 4
2020-01-09 09:29:50,002 [34] INFO SiteLogger [(null)] - Page_Load - receive_cmd -- 5
2020-01-09 09:29:53,024 [40] INFO SiteLogger [(null)] - Contructor -- 0 - Conn:server=120.24.222.15;uid=sa;pwd=123456@hysoon;database=StandAttDB;Min Pool Size=0;Max Pool Size=512;Pooling=true;
2020-01-09 09:29:53,024 [40] INFO SiteLogger [(null)] - Page_Load -- **************** sRequestCode = receive_cmd dev_id=DC68B057639F7F37 trans_id=ReceiveCommandAction content_length=278
2020-01-09 09:29:53,024 [40] INFO SiteLogger [(null)] - Page_Load -- 1 - request_code : receive_cmd ,trans_id : ReceiveCommandAction
2020-01-09 09:29:53,024 [40] INFO SiteLogger [(null)] - Page_Load -- 3.4 - blk_no=0, blk_len=278
2020-01-09 09:29:53,024 [40] INFO SiteLogger [(null)] - Page_Load - receive_cmd -- 2
2020-01-09 09:29:53,024 [40] INFO SiteLogger [(null)] - Page_Load - receive_cmd -- 3 - DevName=fk_deviceLE, DevTime=20200109054935, DevInfo={"face_data_ver":528,"firmware":"ZLIF104HS10 V2.77 BS0C2","firmware_filename":"zlif104hs10_bs0c2_um","fk_bin_data_lib":"FKDataHS101","fp_data_ver":128,"supported_enroll_data":["PASSWORD","IDCARD","FP","FACE"]}
2020-01-09 09:29:53,024 [40] INFO SiteLogger [(null)] - ReceiveCmd -- 0 - Start
2020-01-09 09:29:53,024 [40] INFO SiteLogger [(null)] - ReceiveCmd -- 1 - Db connected
2020-01-09 09:29:53,024 [40] INFO SiteLogger [(null)] - ReceiveCmd -- 2
2020-01-09 09:29:53,024 [40] INFO SiteLogger [(null)] - CheckResetCmd -- 0 - dev_id:DC68B057639F7F37
2020-01-09 09:29:53,024 [40] INFO SiteLogger [(null)] - CheckResetCmd -- 1
2020-01-09 09:29:53,024 [40] INFO SiteLogger [(null)] - CheckResetCmd -- 2 - trans_id:
2020-01-09 09:29:53,024 [40] INFO SiteLogger [(null)] - CheckResetCmd -- 3
2020-01-09 09:29:53,024 [40] INFO SiteLogger [(null)] - ReceiveCmd -- 3
2020-01-09 09:29:53,040 [40] INFO SiteLogger [(null)] - UpdateFKDeviceStatus -- 0 - DevTime:20200109054935, DevId:DC68B057639F7F37, DevName:fk_deviceLE, DevInfo:{"face_data_ver":528,"firmware":"ZLIF104HS10 V2.77 BS0C2","firmware_filename":"zlif104hs10_bs0c2_um","fk_bin_data_lib":"FKDataHS101","fp_data_ver":128,"supported_enroll_data":["PASSWORD","IDCARD","FP","FACE"]}
2020-01-09 09:29:53,040 [40] INFO SiteLogger [(null)] - UpdateFKDeviceStatus -- 1
2020-01-09 09:29:53,040 [40] INFO SiteLogger [(null)] - UpdateFKDeviceStatus -- 2
2020-01-09 09:29:53,040 [40] INFO SiteLogger [(null)] - ReceiveCmd -- 4
2020-01-09 09:29:53,063 [40] INFO SiteLogger [(null)] - ReceiveCmd -- 5
2020-01-09 09:29:53,063 [40] INFO SiteLogger [(null)] - ReceiveCmd -- 5 - no cmd
2020-01-09 09:29:53,064 [40] INFO SiteLogger [(null)] - ReceiveCmd -- 11
2020-01-09 09:29:53,064 [40] INFO SiteLogger [(null)] - Page_Load - receive_cmd -- 4
2020-01-09 09:29:53,064 [40] INFO SiteLogger [(null)] - Page_Load - receive_cmd -- 5
2020-01-09 09:29:56,096 [40] INFO SiteLogger [(null)] - Contructor -- 0 - Conn:server=120.24.222.15;uid=sa;pwd=123456@hysoon;database=StandAttDB;Min Pool Size=0;Max Pool Size=512;Pooling=true;
2020-01-09 09:29:56,097 [40] INFO SiteLogger [(null)] - Page_Load -- **************** sRequestCode = receive_cmd dev_id=DC68B057639F7F37 trans_id=ReceiveCommandAction content_length=278
2020-01-09 09:29:56,097 [40] INFO SiteLogger [(null)] - Page_Load -- 1 - request_code : receive_cmd ,trans_id : ReceiveCommandAction
2020-01-09 09:29:56,098 [40] INFO SiteLogger [(null)] - Page_Load -- 3.4 - blk_no=0, blk_len=278
2020-01-09 09:29:56,098 [40] INFO SiteLogger [(null)] - Page_Load - receive_cmd -- 2
2020-01-09 09:29:56,098 [40] INFO SiteLogger [(null)] - Page_Load - receive_cmd -- 3 - DevName=fk_deviceLE, DevTime=20200109054938, DevInfo={"face_data_ver":528,"firmware":"ZLIF104HS10 V2.77 BS0C2","firmware_filename":"zlif104hs10_bs0c2_um","fk_bin_data_lib":"FKDataHS101","fp_data_ver":128,"supported_enroll_data":["PASSWORD","IDCARD","FP","FACE"]}
2020-01-09 09:29:56,099 [40] INFO SiteLogger [(null)] - ReceiveCmd -- 0 - Start
2020-01-09 09:29:56,099 [40] INFO SiteLogger [(null)] - ReceiveCmd -- 1 - Db connected
2020-01-09 09:29:56,099 [40] INFO SiteLogger [(null)] - ReceiveCmd -- 2
2020-01-09 09:29:56,100 [40] INFO SiteLogger [(null)] - CheckResetCmd -- 0 - dev_id:DC68B057639F7F37
2020-01-09 09:29:56,100 [40] INFO SiteLogger [(null)] - CheckResetCmd -- 1
2020-01-09 09:29:56,109 [40] INFO SiteLogger [(null)] - CheckResetCmd -- 2 - trans_id:
2020-01-09 09:29:56,110 [40] INFO SiteLogger [(null)] - CheckResetCmd -- 3
2020-01-09 09:29:56,110 [40] INFO SiteLogger [(null)] - ReceiveCmd -- 3
2020-01-09 09:29:56,110 [40] INFO SiteLogger [(null)] - UpdateFKDeviceStatus -- 0 - DevTime:20200109054938, DevId:DC68B057639F7F37, DevName:fk_deviceLE, DevInfo:{"face_data_ver":528,"firmware":"ZLIF104HS10 V2.77 BS0C2","firmware_filename":"zlif104hs10_bs0c2_um","fk_bin_data_lib":"FKDataHS101","fp_data_ver":128,"supported_enroll_data":["PASSWORD","IDCARD","FP","FACE"]}
2020-01-09 09:29:56,110 [40] INFO SiteLogger [(null)] - UpdateFKDeviceStatus -- 1
2020-01-09 09:29:56,121 [40] INFO SiteLogger [(null)] - UpdateFKDeviceStatus -- 2
2020-01-09 09:29:56,121 [40] INFO SiteLogger [(null)] - ReceiveCmd -- 4
2020-01-09 09:29:56,132 [40] INFO SiteLogger [(null)] - ReceiveCmd -- 5
2020-01-09 09:29:56,132 [40] INFO SiteLogger [(null)] - ReceiveCmd -- 5 - no cmd
2020-01-09 09:29:56,132 [40] INFO SiteLogger [(null)] - ReceiveCmd -- 11
2020-01-09 09:29:56,133 [40] INFO SiteLogger [(null)] - Page_Load - receive_cmd -- 4
2020-01-09 09:29:56,133 [40] INFO SiteLogger [(null)] - Page_Load - receive_cmd -- 5
2020-01-09 09:29:58,848 [40] INFO SiteLogger [(null)] - Contructor -- 0 - Conn:server=120.24.222.15;uid=sa;pwd=123456@hysoon;database=StandAttDB;Min Pool Size=0;Max Pool Size=512;Pooling=true;
2020-01-09 09:29:58,848 [40] INFO SiteLogger [(null)] - Page_Load -- **************** sRequestCode = receive_cmd dev_id=DC68B057639F7F37 trans_id=ReceiveCommandAction content_length=278
2020-01-09 09:29:58,864 [40] INFO SiteLogger [(null)] - Page_Load -- 1 - request_code : receive_cmd ,trans_id : ReceiveCommandAction
2020-01-09 09:29:58,865 [40] INFO SiteLogger [(null)] - Page_Load -- 3.4 - blk_no=0, blk_len=278
2020-01-09 09:29:58,866 [40] INFO SiteLogger [(null)] - Page_Load - receive_cmd -- 2
2020-01-09 09:29:58,867 [40] INFO SiteLogger [(null)] - Page_Load - receive_cmd -- 3 - DevName=fk_deviceLE, DevTime=20200109054941, DevInfo={"face_data_ver":528,"firmware":"ZLIF104HS10 V2.77 BS0C2","firmware_filename":"zlif104hs10_bs0c2_um","fk_bin_data_lib":"FKDataHS101","fp_data_ver":128,"supported_enroll_data":["PASSWORD","IDCARD","FP","FACE"]}
2020-01-09 09:29:58,868 [40] INFO SiteLogger [(null)] - ReceiveCmd -- 0 - Start
2020-01-09 09:29:58,869 [40] INFO SiteLogger [(null)] - ReceiveCmd -- 1 - Db connected
2020-01-09 09:29:58,869 [40] INFO SiteLogger [(null)] - ReceiveCmd -- 2
2020-01-09 09:29:58,870 [40] INFO SiteLogger [(null)] - CheckResetCmd -- 0 - dev_id:DC68B057639F7F37
2020-01-09 09:29:58,871 [40] INFO SiteLogger [(null)] - CheckResetCmd -- 1
2020-01-09 09:29:58,882 [40] INFO SiteLogger [(null)] - CheckResetCmd -- 2 - trans_id:
2020-01-09 09:29:58,883 [40] INFO SiteLogger [(null)] - CheckResetCmd -- 3
2020-01-09 09:29:58,884 [40] INFO SiteLogger [(null)] - ReceiveCmd -- 3
2020-01-09 09:29:58,885 [40] INFO SiteLogger [(null)] - UpdateFKDeviceStatus -- 0 - DevTime:20200109054941, DevId:DC68B057639F7F37, DevName:fk_deviceLE, DevInfo:{"face_data_ver":528,"firmware":"ZLIF104HS10 V2.77 BS0C2","firmware_filename":"zlif104hs10_bs0c2_um","fk_bin_data_lib":"FKDataHS101","fp_data_ver":128,"supported_enroll_data":["PASSWORD","IDCARD","FP","FACE"]}
2020-01-09 09:29:58,886 [40] INFO SiteLogger [(null)] - UpdateFKDeviceStatus -- 1
2020-01-09 09:29:58,898 [40] INFO SiteLogger [(null)] - UpdateFKDeviceStatus -- 2
2020-01-09 09:29:58,899 [40] INFO SiteLogger [(null)] - ReceiveCmd -- 4
2020-01-09 09:29:58,912 [40] INFO SiteLogger [(null)] - ReceiveCmd -- 5
2020-01-09 09:29:58,913 [40] INFO SiteLogger [(null)] - ReceiveCmd -- 5 - no cmd
2020-01-09 09:29:58,914 [40] INFO SiteLogger [(null)] - ReceiveCmd -- 11
2020-01-09 09:29:58,915 [40] INFO SiteLogger [(null)] - Page_Load - receive_cmd -- 4
2020-01-09 09:29:58,916 [40] INFO SiteLogger [(null)] - Page_Load - receive_cmd -- 5
2020-01-09 09:30:01,943 [45] INFO SiteLogger [(null)] - Contructor -- 0 - Conn:server=120.24.222.15;uid=sa;pwd=123456@hysoon;database=StandAttDB;Min Pool Size=0;Max Pool Size=512;Pooling=true;
2020-01-09 09:30:01,945 [45] INFO SiteLogger [(null)] - Page_Load -- **************** sRequestCode = receive_cmd dev_id=DC68B057639F7F37 trans_id=ReceiveCommandAction content_length=278
2020-01-09 09:30:01,946 [45] INFO SiteLogger [(null)] - Page_Load -- 1 - request_code : receive_cmd ,trans_id : ReceiveCommandAction
2020-01-09 09:30:01,947 [45] INFO SiteLogger [(null)] - Page_Load -- 3.4 - blk_no=0, blk_len=278
2020-01-09 09:30:01,949 [45] INFO SiteLogger [(null)] - Page_Load - receive_cmd -- 2
2020-01-09 09:30:01,949 [45] INFO SiteLogger [(null)] - Page_Load - receive_cmd -- 3 - DevName=fk_deviceLE, DevTime=20200109054944, DevInfo={"face_data_ver":528,"firmware":"ZLIF104HS10 V2.77 BS0C2","firmware_filename":"zlif104hs10_bs0c2_um","fk_bin_data_lib":"FKDataHS101","fp_data_ver":128,"supported_enroll_data":["PASSWORD","IDCARD","FP","FACE"]}
2020-01-09 09:30:01,950 [45] INFO SiteLogger [(null)] - ReceiveCmd -- 0 - Start
2020-01-09 09:30:01,951 [45] INFO SiteLogger [(null)] - ReceiveCmd -- 1 - Db connected
2020-01-09 09:30:01,952 [45] INFO SiteLogger [(null)] - ReceiveCmd -- 2
2020-01-09 09:30:01,952 [45] INFO SiteLogger [(null)] - CheckResetCmd -- 0 - dev_id:DC68B057639F7F37
2020-01-09 09:30:01,953 [45] INFO SiteLogger [(null)] - CheckResetCmd -- 1
2020-01-09 09:30:01,963 [45] INFO SiteLogger [(null)] - CheckResetCmd -- 2 - trans_id:
2020-01-09 09:30:01,964 [45] INFO SiteLogger [(null)] - CheckResetCmd -- 3
2020-01-09 09:30:01,965 [45] INFO SiteLogger [(null)] - ReceiveCmd -- 3
2020-01-09 09:30:01,965 [45] INFO SiteLogger [(null)] - UpdateFKDeviceStatus -- 0 - DevTime:20200109054944, DevId:DC68B057639F7F37, DevName:fk_deviceLE, DevInfo:{"face_data_ver":528,"firmware":"ZLIF104HS10 V2.77 BS0C2","firmware_filename":"zlif104hs10_bs0c2_um","fk_bin_data_lib":"FKDataHS101","fp_data_ver":128,"supported_enroll_data":["PASSWORD","IDCARD","FP","FACE"]}
2020-01-09 09:30:01,966 [45] INFO SiteLogger [(null)] - UpdateFKDeviceStatus -- 1
2020-01-09 09:30:01,978 [45] INFO SiteLogger [(null)] - UpdateFKDeviceStatus -- 2
2020-01-09 09:30:01,979 [45] INFO SiteLogger [(null)] - ReceiveCmd -- 4
2020-01-09 09:30:01,985 [45] INFO SiteLogger [(null)] - ReceiveCmd -- 5
2020-01-09 09:30:01,985 [45] INFO SiteLogger [(null)] - ReceiveCmd -- 5 - no cmd
2020-01-09 09:30:01,985 [45] INFO SiteLogger [(null)] - ReceiveCmd -- 11
2020-01-09 09:30:01,985 [45] INFO SiteLogger [(null)] - Page_Load - receive_cmd -- 4
2020-01-09 09:30:01,985 [45] INFO SiteLogger [(null)] - Page_Load - receive_cmd -- 5
